id,title,original_title,overview,adult,original_language,popularity,release_date,vote_average,vote_count
1202033,Enola Holmes 3,Enola Holmes 3,"Adventure follows detective Enola Holmes to Malta, where her plans to tie the knot unravel when Sherlock's disappearance plunges her into a perilous case.",False,en,116.1365,2026-06-30,7.6,50
1339713,Obsession,Obsession,"After breaking the mysterious ""One Wish Willow"" to win his crush's heart, a hopeless romantic finds himself getting exactly what he asked for but soon discovers that some desires come at a dark, sinister price.",False,en,609.353,2026-05-13,8.136,1430
1315772,Minions & Monsters,Minions & Monsters,"This is the rambunctious, ridiculous and totally true story of how the Minions conquered Hollywood, became movie stars, lost everything, unleashed monsters onto the world and then banded together to try and save the planet from the mayhem they had just created.",False,en,148.9936,2026-06-24,6.8,45
1314481,The Devil Wears Prada 2,The Devil Wears Prada 2,"Andy Sachs returns to Runway as Miranda Priestly navigates a new media landscape and Runway's position within. The duo reconnect with former assistant Emily Charlton, now the head of a luxury brand that possesses funding which could ensure Runway's survival.",False,en,202.6534,2026-04-29,6.811,1035
1081003,Supergirl,Supergirl,"When an unexpected and ruthless adversary strikes too close to home, Kara Zor-El, aka Supergirl, reluctantly joins forces with an unlikely companion on an epic, interstellar journey of vengeance and justice.",False,en,270.0264,2026-06-24,6.238,294
1108427,Moana,Moana,"Moana answers the Ocean's call and, for the first time, voyages beyond the reef of her island of Motunui with the infamous demigod Maui on an unforgettable journey to restore prosperity to her people.",False,en,38.2505,2026-07-08,0.0,0
1083381,Backrooms,Backrooms,A strange doorway appears in the basement of a furniture showroom.,False,en,511.9282,2026-05-27,6.842,809
1368337,The Odyssey,The Odyssey,"Odysseus, the legendary King of Ithaca, embarks on a long and perilous journey home following the Trojan War. Throughout his voyage, he is forced to confront the whims of gods, mythological monsters, and trials that stretch both his cunning and his humanity to the breaking point.",False,en,42.654,2026-07-15,0.0,0
1084244,Toy Story 5,Toy Story 5,"When Bonnie receives a Lilypad tablet as a gift and becomes obsessed, Buzz, Woody, Jessie and the rest of the gang's jobs become exponentially harder when they have to go head to head with the all-new threat to playtime.",False,en,538.9499,2026-06-17,7.4,405
969681,Spider-Man: Brand New Day,Spider-Man: Brand New Day,Fighting crime full-time as Spider-Man in a world that doesn't remember him—and the pressure of seeing his old friends move on without him—sparks a change in Peter Parker he may not have the power to control. But that transformation might also be the only thing that can stop a shocking new threat to the city and those he loves - a powerful villain no one can even see.,False,en,80.1716,2026-07-29,0.0,0
1413976,Citizen Vigilante,Citizen Vigilante,"A man takes justice into his own hands, hunting down criminals. His vigilante crusade makes him a social media star but puts him at odds with the local police chief.",False,en,221.2655,2026-06-19,6.7,150
1397385,Little Brother,Little Brother,"A tightly wound realtor's picture-perfect life gets an extreme makeover when his lovably chaotic ""little brother"" suddenly reappears.",False,en,140.5651,2026-06-18,6.237,135
1279493,The Get Out,The Get Out,"A nightclub owner is on the verge of leaving his dangerous past behind for retirement with his girlfriend. When masked gunmen rob him and he finds himself squeezed by ruthless cartels, a mysterious newcomer arrives with an interest in buying the business. With danger closing in from all sides, he must navigate a deadly web of deception, power, and survival  -  where escape may no longer be an option.",False,en,30.6159,2026-06-18,7.077,13
1301421,The Sheep Detectives,The Sheep Detectives,"George Hardy is a shepherd who reads detective novels to his beloved sheep every night, assuming they can't possibly understand. But when a mysterious incident disrupts life on the farm, the sheep realize they must become the detectives. As they follow the clues and investigate human suspects, they prove that even sheep can be brilliant crime-solvers.",False,en,236.4043,2026-04-30,7.742,589
1212763,Evil Dead Burn,Evil Dead Burn,"After the loss of her husband, a woman seeks solace with her in-laws. As one by one they transform into deadites, she comes to discover that the vows she took in life - survive even in death.",False,en,24.1937,2026-07-08,0.0,0
936075,Michael,Michael,"The story of Michael Jackson, one of the most influential artists the world has ever known, and his life beyond the music. His journey from the discovery of his extraordinary talent as the lead of the Jackson Five, to the visionary artist whose creative ambition fueled a relentless pursuit to become the biggest entertainer in the world, highlighting both his life off-stage and some of the most iconic performances from his early solo career.",False,en,262.3596,2026-04-22,8.704,3199
1340206,Tuner,Tuner,"A gifted piano tuner's meticulous skills for tuning pianos lead him to discover an unexpected aptitude for cracking safes, turning his life upside down.",False,en,54.1397,2026-05-21,7.168,122
687163,Project Hail Mary,Project Hail Mary,"Science teacher Ryland Grace wakes up on a spaceship light years from home with no recollection of who he is or how he got there. As his memory returns, he begins to uncover his mission: solve the riddle of the mysterious substance causing the sun to die out. He must call on his scientific knowledge and unorthodox ideas to save everything on Earth from extinction.",False,en,123.0578,2026-03-15,8.69,5527
1273221,Scary Movie,Scary Movie,"Twenty-six years after outrunning a suspiciously familiar masked killer, the Core Four are back in the killer's crosshairs and no horror movie IP is safe.",False,en,485.6451,2026-06-03,5.445,392
454639,Masters of the Universe,Masters of the Universe,"After being separated for 15 years, the Sword of Power leads Prince Adam back to Eternia, where he discovers his home shattered under the fiendish rule of Skeletor. To save his family and his world, Adam must join forces with his closest allies, Teela and Duncan/Man-At-Arms, and embrace his true destiny as He-Man — the most powerful man in the universe.",False,en,85.6926,2026-06-03,7.042,349
454639,Masters of the Universe,Masters of the Universe,"After being separated for 15 years, the Sword of Power leads Prince Adam back to Eternia, where he discovers his home shattered under the fiendish rule of Skeletor. To save his family and his world, Adam must join forces with his closest allies, Teela and Duncan/Man-At-Arms, and embrace his true destiny as He-Man — the most powerful man in the universe.",False,en,85.6926,2026-06-03,7.042,349
950028,The Invite,The Invite,"Joe and Angela’s marriage is on thin ice. When they invite their enigmatic upstairs neighbors for a dinner party, the night spirals into unexpected places. Have they reignited the spark or lit the match that burns it all down?",False,en,19.8039,2026-06-25,7.3,3
1284465,The Death of Robin Hood,The Death of Robin Hood,"Grappling with his past after a life of crime and murder, Robin Hood finds himself gravely injured after a battle he thought would be his last. In the hands of a mysterious woman, he is offered a chance at salvation.",False,en,37.6792,2026-06-18,6.732,41
1564614,Leviticus,Leviticus,Two teenage boys must escape a violent entity that takes the form of the person they desire most — each other.,False,en,23.0408,2026-06-17,7.0,23
1674087,Bang My Box: The Robin Byrd Story,Bang My Box: The Robin Byrd Story,"Robin Byrd pioneered NYC public access with her cult sex-positive call-in show.  Now the larger-than-life 70-year-old champion of free speech, queer visibility, and safe sex reflects on her unique legacy and her hidden, decades-long marriage behind the scenes.",False,en,7.5707,2026-06-09,0.0,0
1226863,The Super Mario Galaxy Movie,The Super Mario Galaxy Movie,"Having thwarted Bowser's previous plot to marry Princess Peach, Mario and Luigi now face a fresh threat in Bowser Jr., who is determined to liberate his father from captivity and restore the family legacy. Alongside companions new and old, the brothers travel across the stars to stop the young heir's crusade.",False,en,155.0737,2026-04-01,8.239,2902
1122573,In the Grey,In the Grey,"A covert team of elite operatives are living in the shadows. When a ruthless despot steals a billion-dollar fortune, they're sent to take it back—an impossible heist that erupts into a deadly game of strategy, deception and survival.",False,en,102.4516,2026-05-13,6.659,287
1325734,The Drama,The Drama,A happily engaged couple is put to the test when an unexpected turn sends their wedding week off the rails.,False,en,37.9412,2026-04-01,6.9,1115
1327819,Hoppers,Hoppers,"Scientists have discovered how to 'hop' human consciousness into lifelike robotic animals, allowing people to communicate with animals as animals. Animal lover Mabel seizes an opportunity to use the technology, uncovering mysteries within the animal world beyond anything she could have imagined.",False,en,91.3435,2026-03-04,8.19,1783
931285,Mortal Kombat II,Mortal Kombat II,"The fan favorite champions—now joined by Johnny Cage himself—are pitted against one another in the ultimate, no-holds barred, gory battle to defeat the dark rule of Shao Kahn that threatens the very existence of the Earthrealm and its defenders.",False,en,219.9335,2026-05-06,7.988,1781
1318413,Pressure,Pressure,"In the tense 72 hours before D-Day, and the fate of the free world hanging in the balance, General Dwight D. Eisenhower and Captain James Stagg face an impossible choice—launch the largest and most dangerous seaborne invasion in history or risk losing the war altogether.",False,en,36.5201,2026-05-25,7.587,109
1317288,Marty Supreme,Marty Supreme,"Marty Mauser, a young man with a dream no one respects, goes to hell and back in pursuit of greatness.",False,en,17.7438,2025-12-19,7.382,1891
614945,Voicemails for Isabelle,Voicemails for Isabelle,"A young woman's hilariously confessional voicemails to her late sister are unknowingly redirected to a stranger, who begins to fall in love from afar.",False,en,130.168,2026-06-20,8.34,365
83533,Avatar: Fire and Ash,Avatar: Fire and Ash,"In the wake of the devastating war against the RDA and the loss of their eldest son, Jake Sully and Neytiri face a new threat on Pandora: the Ash People, a violent and power-hungry Na'vi tribe led by the ruthless Varang. Jake's family must fight for their survival and the future of Pandora in a conflict that pushes them to their emotional and physical limits.",False,en,134.6155,2025-12-17,7.61,3632
1228710,The Mandalorian and Grogu,The Mandalorian and Grogu,"The evil Empire has fallen, and Imperial warlords remain scattered throughout the galaxy. As the fledgling New Republic works to protect everything the Rebellion fought for, they have enlisted the help of legendary Mandalorian bounty hunter Din Djarin and his young apprentice Grogu.",False,en,138.3072,2026-05-20,6.679,543
1171145,Crime 101,Crime 101,"When an elusive thief whose high-stakes heists unfold along the iconic 101 freeway in Los Angeles eyes the score of a lifetime, with hopes of this being his final job, his path collides with a disillusioned insurance broker who is facing her own crossroads. Determined to crack the case, a relentless detective closes in on the operation, raising the stakes even higher.",False,en,55.4406,2026-02-11,7.004,1123
1266127,Ready or Not: Here I Come,Ready or Not: Here I Come,"Moments after surviving an all-out attack from the Le Domas family, Grace discovers she’s reached the next level of the nightmarish game — and this time with her estranged sister Faith at her side. Grace has one chance to survive, keep her sister alive, and claim the High Seat of the Council that controls the world. Four rival families are hunting her for the throne, and whoever wins rules it all.",False,en,27.5057,2026-03-19,7.691,1131
1227877,I Love Boosters,I Love Boosters,A group of shoplifters take aim at a cutthroat fashion maven by stealing from her stores and reselling them at a lower price — what they call 'fashion-forward philanthropy'.,False,en,26.3451,2026-05-21,6.0,60
1431804,40 Dates and 40 Nights,40 Dates and 40 Nights,"A struggling romantic accepts her aunt's wager: go on 40 dates in 40 nights to find true love. If she fails, her aunt will cover her rent and student debt. But the journey proves more challenging than expected.",False,en,8.0602,2026-06-16,5.0,1
1159559,Scream 7,Scream 7,"When a new Ghostface killer emerges in the quiet town where Sidney Prescott has built a new life, her darkest fears are realized as her daughter becomes the next target. Determined to protect her family, Sidney must face the horrors of her past to put an end to the bloodshed once and for all.",False,en,54.1756,2026-02-25,6.184,1101
1227877,I Love Boosters,I Love Boosters,A group of shoplifters take aim at a cutthroat fashion maven by stealing from her stores and reselling them at a lower price — what they call 'fashion-forward philanthropy'.,False,en,26.3451,2026-05-21,6.0,60
1431804,40 Dates and 40 Nights,40 Dates and 40 Nights,"A struggling romantic accepts her aunt's wager: go on 40 dates in 40 nights to find true love. If she fails, her aunt will cover her rent and student debt. But the journey proves more challenging than expected.",False,en,8.0602,2026-06-16,5.0,1
1430077,Hokum,Hokum,"When novelist Ohm Bauman retreats to a remote inn to scatter his parents' ashes, he is consumed by tales of a witch haunting the honeymoon suite. Disturbing visions and a shocking disappearance forces him to confront dark corners of his past.",False,en,63.8318,2026-04-29,6.877,447
1127384,Deep Water,Deep Water,A group of international passengers on a flight from Los Angeles to Shanghai is forced to make an emergency landing in shark-infested waters. The terrified group is forced to work together and overcome their differences if they hope to escape their sinking plane and the frenzy of sharks drawn to the wreckage.,False,en,304.397,2026-04-30,6.146,72
1020047,In the Hand of Dante,In the Hand of Dante,"A Vatican priest discovers Dante's original Divine Comedy manuscript. When asked to authenticate it, writer Nick Tosches steals it, while a parallel story follows Dante's quest to create his masterpiece.",False,en,23.8676,2026-06-12,5.333,33
1280738,The Furious,火遮眼,"After Wang Wei's daughter is kidnapped by a criminal network and he receives no help from the corrupt police, Wei sets out to find her himself. His only ally is Navin, a relentless journalist whose wife has mysteriously disappeared. Fueled by a furious vengeance, the unlikely duo ruthlessly battle the kidnappers in this explosive martial arts showdown.",False,en,128.5188,2026-06-10,7.7,69
1329471,Carolina Caroline,Carolina Caroline,"A young woman, desperate to leave her small town, runs away with a charming con man, embarking on a crime and passion-filled journey through the Southeast to find her estranged mother.",False,en,14.4216,2026-06-05,6.9,16
1382832,HUNGRY,Hungry,A group of holidaymakers must fight for their lives against a rampaging hippo on the loose after becoming lost in the Louisiana swamplands.,False,en,18.082,2026-06-03,7.035,43
1292695,They Will Kill You,They Will Kill You,"A woman answers a help wanted ad to be a housekeeper in a mysterious New York City high-rise, unaware that she is entering a community that has seen a number of disappearances over the years and may be under the grip of a Satanic cult.",False,en,28.4121,2026-03-25,7.001,848
980431,Avatar Aang: The Last Airbender,Avatar Aang: The Last Airbender,"Avatar Aang, the world's last Airbender, learns of an ancient power that could save his culture from extinction. With the help of his friends, he embarks on a global quest to find it before it falls into the wrong hands and threatens to upend the peace they sacrificed everything to achieve.",False,en,132.9589,2026-07-25,0.0,0
1662958,Louis C.K.: Ridiculous,Louis C.K.: Ridiculous,"From a bee getting shot in New York City to paying strangers to take his aging father, Louis C.K. unleashes the ridiculous thoughts in his mind.",False,en,5.2867,2026-06-30,8.0,2
880067,Strung,Strung,"A talented violinist whose prestigious new role as a music tutor for an enigmatic, elite family spirals into a psychological battle for her safety and sanity.",False,en,20.2903,2026-06-18,7.469,32
1493123,Killhouse,Кіллхаус,"After an American journalist is abducted by Russian forces,  an elite squadron of Ukrainian soldiers aided by American intelligence agents is assembled to retrieve him.",False,uk,15.943,2026-04-23,6.4,7
1463681,Southern Scares,Southern Scares,"Mystery, horror, and Southern folklore collide in the 1990s when a video store worker discovers chilling secrets found in her missing sister's documentary series, Southern Scares.",False,en,38.5577,2026-01-10,3.5,2
1421903,Werwulf,Werwulf,"England, 1305. A mute peasant cursed to become a werewolf each full moon is forced to join a royal hunting party culling the land of wolves, where he must hide his monstrous nature while seeking to break the curse before the evil within consumes his family and soul.",False,en,13.1511,2026-12-25,0.0,0
1169516,Welcome to the Jungle,Welcome to the Jungle,"A group of quirky characters gets stuck in a dangerous jungle during a chaotic mission. Filled with confusion, criminals, and hilarious situations, they must work together to survive and find their way out.",False,hi,527.6674,2026-06-25,5.3,16
1711175,Summerween,Summerween,"On Summerween, a former circus clown escapes a mental institution to return to his abandoned mansion and hunt the teens partying there.",False,en,4.0872,2026-06-26,1.0,1
1339588,Finding Emily,Finding Emily,"When a lovesick musician is given the wrong number for his dream girl, he teams up with a driven psychology student to find her. Together, they spark a hilarious campus-wide frenzy that tests their own hearts and ambitions along the way.",False,en,10.4855,2026-05-21,6.7,16
1481343,The Devil's Mouth,The Devil's Mouth,"A group of college friends' Thailand adventure turns deadly when they become trapped in submerged caves with a dangerous predator. As oxygen runs low, past conflicts emerge in their desperate fight for survival.",False,en,6.5228,2026-07-29,0.0,0
1493400,Camp Rock 3,Camp Rock 3,"When Connect 3 loses their opening act for a major reunion tour, they return to their beloved Camp Rock to discover the next big thing. As campers vie for the chance to open for their favorite band, tensions rise and friendships are tested - leading to unexpected alliances, revelations, and romances.",False,en,3.6895,2026-08-13,0.0,0
1198994,Send Help,Send Help,"Two colleagues become stranded on a deserted island, the only survivors of a plane crash. On the island, they must overcome past grievances and work together to survive, but ultimately, it's a battle of wills and wits to make it out alive.",False,en,32.9662,2026-01-22,7.041,1860
1390300,Over Your Dead Body,Over Your Dead Body,"A dysfunctional couple head to a remote cabin to ""reconnect"", but each has secret intentions to kill the other.",False,en,35.1259,2026-03-14,6.515,372
1287141,Pillion,Pillion,"Colin, a timid gay man, is swept off his feet when Ray, an enigmatic and impossibly handsome biker, takes him on as his submissive in a crazy and erotic BDSM-focused relationship.",False,en,12.303,2025-11-28,6.392,250
1263012,Dead Man's Wire,Dead Man's Wire,"In 1977, former real estate developer Tony Kiritsis puts a dead man's switch on himself and the mortgage banker who did him wrong, demanding $5 million and a personal apology.",False,en,8.2332,2026-01-09,6.5,160
1217584,Torrente for President,Torrente Presidente,"Years have passed since his last adventure, but José Luis Torrente, the most politically incorrect former cop in Spain, still sees himself as a national hero.",False,es,64.8053,2026-03-13,6.095,84
1493400,Camp Rock 3,Camp Rock 3,"When Connect 3’s opening act bails out at the last minute, the band heads back to Camp Rock to find fresh talent for their national tour. The competition heats up as an ambitious newcomer Sage goes all in, even if it means clashing with her brother Desi. Sage plus bad-boy guitarist Fetch, cello prodigy Rosie, and energetic drummer Cliff make the quest for the spotlight emotional and intense. But as friendships form and feelings build, the campers must decide if there’s more to life than winning.",False,en,3.6895,2026-08-13,0.0,0
1469342,Her Private Hell,Her Private Hell,"When a mysterious mist engulfs a futuristic metropolis, unleashing a deadly and elusive entity, a troubled young woman searches for her father. Her quest collides with an American GI on a harrowing odyssey to rescue his daughter from Hell.",False,en,5.5862,2026-07-23,0.0,0
1193550,California Schemin',California Schemin',"In the late 1990s, Gavin Bain and Billy Boyd had their musical ambitions consistently ridiculed for having the 'wrong' accents, so they went for broke and reinvented themselves as Californian rappers. The duo re-recorded their own tracks with fake accents and turned up in London claiming to be an established duo on the Cali scene as well as childhood friends with Eminem. They quickly bagged themselves a record deal, a hefty sum in advances, and an appearance on MTV... until it all came crashing down.",False,en,4.1572,2026-04-10,6.0,4
1242265,Fuze,Fuze,An unexploded WWII bomb is discovered on a busy construction site in the centre of London. Chaos ensues as the military and police begin a mass evacuation against a ticking clock.,False,en,13.6251,2026-03-23,6.383,137
1642859,Iron Maiden: Burning Ambition,Iron Maiden: Burning Ambition,"With unprecedented access to the official archives and intimate recollections from the band, both current and past,  Iron Maiden: Burning Ambition invites fans to experience one of the most iconic journeys in music history.  Spanning five decades, this electrifying documentary charts the band’s rise from the pubs of East London to the world’s biggest stadiums. Featuring exclusive interviews with band members and contributors such as Javier Bardem, Lars Ulrich and Chuck D, as well as all-new animated sequences of the band's legendary mascot, Eddie, the film offers a rare and intimate look at Iron Maiden’s uncompromising vision and unwavering connection with their truly global army of fans.",False,en,11.3929,2026-05-07,7.263,19
1718699,Not Alone,Not Alone,"While preparing for a revolutionary space launch, an introverted rocket mechanic and a brilliant astro-botanist spark an unexpected romance—only for three runaway aliens to crash-land in his home, looking for a ride back to the stars.",False,en,22.0619,2027-04-15,0.0,0
1290821,Shelter,Shelter,"A man living in self-imposed exile on a remote island rescues a young girl from a violent storm, setting off a chain of events that forces him out of seclusion to protect her from enemies tied to his past.",False,en,46.8509,2026-01-28,7.69,1359
1440050,The Breadwinner,The Breadwinner,After his wife Katie lands a once-in-a-lifetime deal on Shark Tank that takes her on a prolonged business trip - lifelong breadwinner Nate Wilcox now has to fend for his family as a first-time stay-at-home dad.,False,en,6.6833,2026-05-29,6.4,8
1363974,That Time I Got Reincarnated as a Slime the Movie: Tears of the Azure Sea,劇場版 転生したらスライムだった件 蒼海の涙編,"After concluding the opening ceremony of the Demon Kingdom Federation Tempest, Rimuru and his companions are invited by the Celestial Emperor Hermesia of the great elven nation – the Magi Dynasty Salion – to visit her private resort island. As the group enjoys their brief vacation, a mysterious woman named Yura appears. A new incident unfolds against the backdrop of the boundless azure sea.",False,ja,8.9736,2026-02-27,6.6,8
1477317,Your Fault: London,Your Fault: London,"Nick and Noah are both embarking on life-changing adventures that are threatening to pull them apart—Nick in business with his father and Noah starting a fresh chapter at Oxford University. Now living separate lives, and meeting new people, they find themselves entangled in temptations, rivalries, and betrayals and their bond is tested like never before. As secrets unravel and temptation rises, they must fight to hold onto each other—or risk losing everything.",False,en,92.5067,2026-06-17,7.563,144
840464,Greenland 2: Migration,Greenland 2: Migration,"Having found the safety of the Greenland bunker after the comet Clarke decimated the Earth, the Garrity family must now risk everything to embark on a perilous journey across the wasteland of Europe to find a new home.",False,en,66.9358,2026-01-07,6.423,1267
1169516,Welcome to the Jungle,Welcome to the Jungle,"A group of quirky characters gets stuck in a dangerous jungle during a chaotic mission. Filled with confusion, criminals, and hilarious situations, they must work together to survive and find their way out.",False,hi,527.6674,2026-06-25,5.3,16
1305781,Blades of the Guardians,镖人：风起大漠,"Dao Ma, the ""second most wanted fugitive,"" is entrusted by his benefactor, the chief of Mo family clan, to take on a mysterious escort mission-escorting the ""most wanted fugitive"" to Chang'an.",False,zh,29.4137,2026-02-17,6.967,76
1439930,The Punisher: One Last Kill,The Punisher: One Last Kill,"As Frank Castle searches for meaning beyond revenge, an unexpected force pulls him back into the fight.",False,en,99.8665,2026-05-12,8.345,1757
1628071,Ip Man: Kung Fu Legend,宗师叶问2,"In 1950s Hong Kong, British merchants and Chinese triads have joined forces to expand their territory, forcibly demolishing factories without regard for public welfare. This move draws fierce opposition from Ip Man, standing up for the workers, he faces pressure from all sides. Framed for murder, he is sent to prison. Within the prison walls, the triads set multiple deadly traps. Can Ip Man overcome these trials, escape the danger, and clear his name?",False,zh,7.0482,2026-07-31,0.0,0
1305781,Blades of the Guardians,镖人：风起大漠,"Dao Ma, the ""second most wanted fugitive,"" is entrusted by his benefactor, the chief of Mo family clan, to take on a mysterious escort mission-escorting the ""most wanted fugitive"" to Chang'an.",False,zh,29.4137,2026-02-17,6.967,76
1439930,The Punisher: One Last Kill,The Punisher: One Last Kill,"As Frank Castle searches for meaning beyond revenge, an unexpected force pulls him back into the fight.",False,en,99.8665,2026-05-12,8.345,1757
1628071,Ip Man: Kung Fu Legend,宗师叶问2,"In 1950s Hong Kong, British merchants and Chinese triads have joined forces to expand their territory, forcibly demolishing factories without regard for public welfare. This move draws fierce opposition from Ip Man, standing up for the workers, he faces pressure from all sides. Framed for murder, he is sent to prison. Within the prison walls, the triads set multiple deadly traps. Can Ip Man overcome these trials, escape the danger, and clear his name?",False,zh,7.0482,2026-07-31,0.0,0
1304313,Lee Cronin's The Mummy,Lee Cronin's The Mummy,"The young daughter of a journalist disappears into the desert without a trace—eight years later, the broken family is shocked when she is returned to them, as what should be a joyful reunion turns into a living nightmare.",False,en,114.9775,2026-04-15,8.027,2029
1311031,Demon Slayer: Kimetsu no Yaiba Infinity Castle,劇場版「鬼滅の刃」無限城編 第一章 猗窩座再来,"The Demon Slayer Corps are drawn into the Infinity Castle, where Tanjiro, Nezuko, and the Hashira face terrifying Upper Rank demons in a desperate fight as the final battle against Muzan Kibutsuji begins.",False,ja,92.1602,2025-07-18,7.726,877
1455079,"You, Me & Tuscany","You, Me & Tuscany","When a woman crashes at an empty Italian villa, posing as the owner's fiancée, she discovers an unexpected romance that could transform her life.",False,en,7.7789,2026-04-09,7.477,88
1316092,"""Wuthering Heights""","""Wuthering Heights""","Tragedy strikes when Heathcliff falls in love with Catherine Earnshaw, a woman from a wealthy family in 18th-century England.",False,en,18.4914,2026-02-11,6.656,1141
1308767,Young Washington,Young Washington,"Before he led a nation, George Washington was a young soldier thrown into a global conflict. With alliances crumbling and war closing in, he must choose who to trust and confront the leader he's becoming.",False,en,10.7031,2026-07-03,1.0,1
1700944,"Love, Ngo","Love, Ngo","“Love, Ngo” follows Ngongo, a hardworking young man who volunteers at a cleft lip and palate foundation while helping at his mother’s burger stand. The film explores his struggles with love, family and self-acceptance after falling for a woman whose family disapproves of his condition and social status.",False,tl,4.0878,2026-06-03,9.0,1
467905,How to Make a Killing,How to Make a Killing,"Disowned at birth by his obscenely wealthy family, blue-collar Becket Redfellow will stop at nothing to reclaim his inheritance, no matter how many relatives stand in his way.",False,en,17.3382,2026-02-16,7.0,514
1116201,Iron Lung,Iron Lung,"In a post-apocalyptic future where an event known as ""The Quiet Rapture"" caused all known stars and habitable planets in the universe to disappear, a convict is sent to search an ocean of blood discovered on a desolate moon, using a small submarine nicknamed the ""Iron Lung"".",False,en,17.2617,2026-01-30,6.969,309
1061474,Superman,Superman,"Superman, a journalist in Metropolis, embarks on a journey to reconcile his Kryptonian heritage with his human upbringing as Clark Kent.",False,en,54.6961,2025-07-09,7.338,4961
1272837,28 Years Later: The Bone Temple,28 Years Later: The Bone Temple,Dr. Kelson finds himself in a shocking new relationship - with consequences that could change the world as they know it - and Spike's encounter with Jimmy Crystal becomes a nightmare he can't escape.,False,en,44.3751,2026-01-14,7.115,1348
1003596,Avengers: Doomsday,Avengers: Doomsday,Beloved heroes from three distinct universes are set on a deadly collision course and face an existential threat unlike anything they've ever encountered.,False,en,19.1346,2026-12-16,0.0,0
1358005,Office Romance,Office Romance,"Jackie, President and CEO of Air Cruz, runs a tight ship in her business, including a rigid anti-fraternization policy for all her employees. When a new sexy lawyer begins working for her, that policy becomes very tested.",False,en,35.6844,2026-06-04,6.482,272
1480387,undertone,undertone,The host of a popular paranormal podcast becomes haunted by terrifying recordings mysteriously sent her way.,False,en,38.9677,2026-03-12,6.1,294
1292415,Beast,Beast,"MMA legend Patton James, now a commercial fisherman, is pulled back into the cage when his brother is in danger. Reuniting with his old coach Sammy, he commits to one final fight in one championship against the brutal champion Xavier Grau.",False,en,37.9791,2026-04-10,6.31,63
986056,Thunderbolts*,Thunderbolts*,"After finding themselves ensnared in a death trap, seven disillusioned castoffs must embark on a dangerous mission that will force them to confront the darkest corners of their pasts.",False,en,16.7528,2025-04-30,7.292,3619
967941,Wicked: For Good,Wicked: For Good,"As an angry mob rises against the Wicked Witch, Glinda and Elphaba will need to come together one final time. With their singular friendship now the fulcrum of their futures, they will need to truly see each other, with honesty and empathy, if they are to change themselves, and all of Oz, for good.",False,en,11.8103,2025-11-19,6.6,1046
1306884,Gorky Resort,Pojedynek,"The year is 1939. The world is falling into chaos. Thousands of Poles, held by the Russians in a former monastery, are subjected to brutal indoctrination. An ambitious enemy agent makes it a point of honour to break the resistance of one of them. He is a young, world-famous pianist, respected by his fellow prisoners. His capitulation may result in winning many others over to the enemy's side. An insidious game begins, full of sophisticated manipulation, threats and promises. Can the young artist, a loving father and husband, win a duel with an agent backed by the power and perfidy of the Russian system?",False,pl,6.2042,2026-02-27,7.0,3
1003596,Avengers: Doomsday,Avengers: Doomsday,Beloved heroes from three distinct universes are set on a deadly collision course and face an existential threat unlike anything they've ever encountered.,False,en,19.1346,2026-12-16,0.0,0
1358005,Office Romance,Office Romance,"Jackie, President and CEO of Air Cruz, runs a tight ship in her business, including a rigid anti-fraternization policy for all her employees. When a new sexy lawyer begins working for her, that policy becomes very tested.",False,en,35.6844,2026-06-04,6.482,272
1292415,Beast,Beast,"MMA legend Patton James, now a commercial fisherman, is pulled back into the cage when his brother is in danger. Reuniting with his old coach Sammy, he commits to one final fight in one championship against the brutal champion Xavier Grau.",False,en,37.9791,2026-04-10,6.31,63
986056,Thunderbolts*,Thunderbolts*,"After finding themselves ensnared in a death trap, seven disillusioned castoffs must embark on a dangerous mission that will force them to confront the darkest corners of their pasts.",False,en,16.7528,2025-04-30,7.292,3619
967941,Wicked: For Good,Wicked: For Good,"As an angry mob rises against the Wicked Witch, Glinda and Elphaba will need to come together one final time. With their singular friendship now the fulcrum of their futures, they will need to truly see each other, with honesty and empathy, if they are to change themselves, and all of Oz, for good.",False,en,11.8103,2025-11-19,6.6,1046
1398050,Driver's Ed,Driver's Ed,"A group of teens hit the road in a stolen driver's ed car, racing against time to help a lovesick high school senior track down his college-freshman girlfriend and win her back.",False,en,52.822,2025-09-13,6.985,33
533535,Deadpool & Wolverine,Deadpool & Wolverine,"A listless Wade Wilson toils away in civilian life with his days as the morally flexible mercenary, Deadpool, behind him. But when his homeworld faces an existential threat, Wade must reluctantly suit-up again with an even more reluctant Wolverine.",False,en,45.3118,2024-07-24,7.574,8838
1306884,Gorky Resort,Pojedynek,"The year is 1939. The world is falling into chaos. Thousands of Poles, held by the Russians in a former monastery, are subjected to brutal indoctrination. An ambitious enemy agent makes it a point of honour to break the resistance of one of them. He is a young, world-famous pianist, respected by his fellow prisoners. His capitulation may result in winning many others over to the enemy's side. An insidious game begins, full of sophisticated manipulation, threats and promises. Can the young artist, a loving father and husband, win a duel with an agent backed by the power and perfidy of the Russian system?",False,pl,6.2042,2026-02-27,7.0,3
1233413,Sinners,Sinners,"Trying to leave their troubled lives behind, twin brothers return to their hometown to start again, only to discover that an even greater evil is waiting to welcome them back.",False,en,42.9065,2025-04-16,7.494,4701
1553969,Sheep in the Box,箱の中の羊,"Set in the near future, Otone Komoto works as an architect. She is married to Kensuke Komoto, who runs a construction company. The married couple decide to welcome a humanoid robot into their home as their son.",False,ja,4.7019,2026-05-29,4.8,4
1380291,Tom Clancy's Jack Ryan: Ghost War,Tom Clancy's Jack Ryan: Ghost War,"Jack Ryan is reluctantly pulled back into espionage when an international covert mission unravels a deadly conspiracy. Racing against time, he joins CIA allies Mike November & James Greer and sharp MI6 officer Emma Marlowe to battle a rogue black-ops unit in a high-stakes, deeply personal fight.",False,en,70.9212,2026-05-20,7.026,623
1309083,Dolly,Dolly,"Young Macy is abducted by a deranged, monstrous figure who wants to raise her as its child.",False,en,33.7269,2026-03-06,6.1,82
1078605,Weapons,Weapons,"When all but one child from the same class mysteriously vanish on the same night at exactly the same time, a community is left questioning who or what is behind their disappearance.",False,en,15.5983,2025-08-04,7.258,3532
1318447,Apex,Apex,A grieving woman pushing her limits on a solo adventure in the Australian wild is ensnared in a twisted game with a cunning killer who thinks she's prey.,False,en,57.174,2026-04-24,6.824,1556
1368881,Ladies First,Ladies First,"An arrogant but charismatic ladies' man finds his life of money, power and casual flings upended when he wakes up in a parallel world dominated by women.",False,en,10.5473,2026-05-21,6.009,372
1195631,William Tell,William Tell,"The narrative unfolds in the 14th Century, when the European nations vie for supremacy within the Holy Roman Empire. The ambitious Austrian Empire, desiring more land, invades neighbouring Switzerland, a serene and pastoral nation. Protagonist William Tell, a formerly peaceful hunter, finds himself forced to take action as his family and homeland come under threat from the oppressive Austrian King and his ruthless warlords.",False,en,4.275,2025-01-17,6.2,248
1007757,Swapped,Swapped,"A small woodland creature and a majestic bird, two natural sworn enemies of the Valley, magically trade places and set off on an adventure of a lifetime to switch back. Their journey soon uncovers a greater threat—one that could endanger not only their species, but the entire valley they call home.",False,en,113.1324,2026-05-01,8.956,1837
1675177,Chris & Martina: The Final Set,Chris & Martina: The Final Set,"Tennis legends Chris Evert and Martina Navratilova reflect on their parallel journeys to sports stardom while delving into their rivalry and friendship, especially as the duo continue to support each other through their shared experience of cancer treatment.",False,en,5.9521,2026-06-10,8.5,2
425274,Now You See Me: Now You Don't,Now You See Me: Now You Don't,"The original Four Horsemen reunite with a new generation of illusionists to take on powerful diamond heiress Veronika Vanderberg, who leads a criminal empire built on money laundering and trafficking. The new and old magicians must overcome their differences to work together on their most ambitious heist yet.",False,en,24.3765,2025-11-12,6.494,1601
1538497,Hexed,Hexed,"An impulsive and unconventional teenage girl named Billie discovers secret magical abilities which, once unleashed, hurtle her into a spectacle-filled journey out of suburbia and into a vast witch realm called Hexe. Forced to team up with her cautious mother, Alice, they uncover family mysteries that could change the world of witches forever.",False,en,8.5978,2026-11-25,0.0,0
1318621,Descendants: Wicked Wonderland,Descendants: Wicked Wonderland,"Now that the Queen of Hearts is nice and Cinderella is safe, things seem perfect for Red and Chloe… But little do they know that changing the past created a new villain - Maddox Hatter. When Maddox captures the Queen of Hearts, Red and Chloe must work with Red’s new sister Pink, Luisa Madrigal’s son Luis and Maddox’s son Max to save her and Wonderland.",False,en,6.7623,2026-07-16,0.0,0
1451344,Husbands in Action,남편들,A detective teams up with his ex-wife's new husband to chase down her kidnappers. Can this unlikely duo put aside their differences for one wild rescue?,False,ko,31.3398,2026-06-15,7.484,62
1101383,The End of Oak Street,The End of Oak Street,"After a mysterious cosmic event rips Oak Street from suburbia and transports their neighborhood to someplace unknown, the Platt family soon discovers that their very survival depends on them sticking together as they navigate their now unrecognizable surroundings.",False,en,10.7568,2026-08-12,0.0,0
1604133,Crossing,四渡,"A retelling of the Red Army crossing the Chishui River four times to outmaneuver 400,000 enemy troops.",False,zh,3.9652,2026-06-26,4.7,3
1380291,Tom Clancy's Jack Ryan: Ghost War,Tom Clancy's Jack Ryan: Ghost War,"Jack Ryan is reluctantly pulled back into espionage when an international covert mission unravels a deadly conspiracy. Racing against time, he joins CIA allies Mike November & James Greer and sharp MI6 officer Emma Marlowe to battle a rogue black-ops unit in a high-stakes, deeply personal fight.",False,en,70.9212,2026-05-20,7.026,623
1383731,Protector,Protector,"Nikki's life is shattered when her daughter is kidnapped. Thrust into the criminal underworld while hunted by cops and military, she must fight to rescue her child.",False,en,23.5895,2026-02-20,8.558,385
1669841,Bleach: Thousand-Year Blood War - The Calamity,Bleach: Thousand-Year Blood War - The Calamity,"The Soul Reapers and Quincies clash in a final battle as Yhwach breaches the Royal Palace. When the Soul King falls, reality begins collapsing. Former enemies unite to storm the transformed palace and face a threat to all existence. A theatrical screening of the first three episodes of the anime featuring an exclusive behind‑the‑scenes conversation with creator Tite Kubo, chief series director Tomohisa Taguchi, and series director Hikaru Murata about the production.",False,ja,11.673,2026-06-25,7.5,4
1671548,Dear You,给阿嬷的情书,"Xiaowei travels to Thailand to find his ""billionaire grandfather"" who is out of contact due to debt problems, but unexpectedly find the one who has been corresponding with his grandmother for years is not her husband.",False,zh,28.5711,2026-04-30,9.186,35
1214931,Nuremberg,Nuremberg,"In postwar Germany, an American psychiatrist must determine whether Nazi prisoners are fit to go on trial for war crimes, and finds himself in a complex battle of intellect and ethics with Hermann Göring, Hitler's right-hand man.",False,en,12.9767,2025-11-06,7.578,1162
1295400,The Last Viking,Den sidste viking,"After serving fourteen years for robbery, Anker is released from prison and reunites with his mentally ill brother Manfred, who alone knows where the stolen money is hidden but has forgotten its location, sending them on a journey to recover the loot and confront who they are.",False,da,10.7316,2025-10-09,7.291,153
1525703,We're So Dead,We're So Dead,"The restaurant is dead in more ways than one. A huge party has canceled and dashed their hopes of a big holiday tip. Surviving the shift becomes much more than side work and a deep clean, when a Karen, unhappiness with her service, goes on a spree to murder the entire staff.",False,en,2.024,2025-11-21,0.0,0
1198984,We Bury the Dead,We Bury the Dead,"After a catastrophic military disaster reanimates the dead, Ava searches for her missing husband amidst an increasingly hostile world.",False,en,10.2576,2026-01-01,6.02,282
1400940,Clayface,Clayface,"Follow the terrifying descent into hell of a promising Hollywood actor who has become a monster driven by revenge, exploring the loss of identity and humanity, the ravages of toxic love and the dark side of scientific ambition.",False,en,6.2343,2026-10-21,0.0,0
858024,Hamnet,Hamnet,"The powerful story of love and loss that inspired the creation of Shakespeare's timeless masterpiece, Hamlet.",False,en,16.4972,2025-11-26,7.733,1414
1368314,Passenger,Passenger,"After a young couple witnesses a gruesome highway accident, they soon realize they did not leave the crash scene alone, as a demonic presence called the Passenger that won't stop until it claims them both turns their van life adventure into a nightmare.",False,en,12.9285,2026-05-20,6.2,74
1722860,Tavvai,Tavvai,"In 1880, A Maharaj through his atrocities invited Tavvai. The village is terrified for generations until a chosen one sets things right.",False,hi,4.1945,2026-06-29,0.0,0
1515899,Billie Eilish - Hit Me Hard and Soft: The Tour (Live in 3D),Billie Eilish - Hit Me Hard and Soft: The Tour (Live in 3D),"Captured during Billie Eilish's sold-out world tour, a concert experience from one of the most celebrated and successful artists of her generation, presented in immersive 3D.",False,en,6.6001,2026-05-06,7.5,23
1119449,"Good Luck, Have Fun, Don't Die","Good Luck, Have Fun, Don't Die",A 'Man from the Future' arrives at an LA diner where he must recruit the precise combination of disgruntled patrons to join him on a one-night quest to save the world from the terminal threat of a rogue artificial intelligence.,False,en,19.2668,2026-02-13,7.042,644
1443374,All the Good Eyes,森中有林,"The story chronicles four decades in the lives of a family deeply rooted in the soil of Northeast China. Through times of prosperity and hardship, they navigate cycles of love and hatred, fortune and misfortune. Though buffeted by the twists of fate, they never relinquish their steadfast guardianship of one another and the profound commitment to this ancestral land that sustains them.",False,zh,9.7124,2026-04-25,5.0,2
1265609,War Machine,War Machine,"On one last grueling mission during Army Ranger training, a combat engineer must lead his unit in a fight against a giant otherworldly killing machine.",False,en,47.2641,2026-02-12,7.406,1996
1722860,Tavvai,Tavvai,"In 1880, A Maharaj through his atrocities invited Tavvai. The village is terrified for generations until a chosen one sets things right.",False,hi,4.1945,2026-06-29,0.0,0
1515899,Billie Eilish - Hit Me Hard and Soft: The Tour (Live in 3D),Billie Eilish - Hit Me Hard and Soft: The Tour (Live in 3D),"Captured during Billie Eilish's sold-out world tour, a concert experience from one of the most celebrated and successful artists of her generation, presented in immersive 3D.",False,en,6.6001,2026-05-06,7.5,23
1119449,"Good Luck, Have Fun, Don't Die","Good Luck, Have Fun, Don't Die",A 'Man from the Future' arrives at an LA diner where he must recruit the precise combination of disgruntled patrons to join him on a one-night quest to save the world from the terminal threat of a rogue artificial intelligence.,False,en,19.2668,2026-02-13,7.042,644
1559575,Kafir: The Spirit Gate,Kafir: Gerbang Sukma,"Eight years after Herman's tragic death due to black magic, Sri is rebuilding her life with her daughter, Dina, and Andi, who has married Rani. Sri's father informs her that her mother is seriously ill. They come to visit, and that's the beginning of their disaster. A past sin Sri has been hiding now threatens her family.",False,id,9.4443,2026-01-29,6.0,4
1265609,War Machine,War Machine,"On one last grueling mission during Army Ranger training, a combat engineer must lead his unit in a fight against a giant otherworldly killing machine.",False,en,47.2641,2026-02-12,7.406,1996
1159831,The Bride!,The Bride!,A lonely Frankenstein travels to 1930s Chicago to ask groundbreaking scientist Dr. Euphronious to create a companion for him. The two revive a murdered young woman and The Bride is born. But what ensues is beyond what either of them imagined.,False,en,18.5216,2026-03-04,6.15,555
1184941,Blue Heron,Blue Heron,"In the late 1990s, a family of six settles into their new home on Vancouver Island, as internal dynamics are slowly revealed through the experiences of the youngest child, Sasha. Their fresh start is interrupted by the increasingly dangerous behavior of Jeremy, the family's oldest child.",False,en,4.6538,2026-03-21,7.1,15
1408208,Exit 8,８番出口,"A man trapped in an endless sterile subway passageway sets out to find Exit 8. The rules of his quest are simple: do not overlook anything out of the ordinary. If you discover an anomaly, turn back immediately. If you don’t, carry on. Then leave from Exit 8. But even a single oversight will send him back to the beginning. Will he ever reach his goal and escape this infinite corridor?",False,ja,17.0253,2025-08-28,6.873,537
1165366,De Gaulle: Résistance,La Bataille de Gaulle : L’âge de fer,"June, 1940. France collapses and signs the armistice. In the midst of the chaos, one man refuses to give up. Alone against the odds, this unknown general flees to London to save what remains of freedom.",False,fr,12.0282,2026-06-03,7.828,93
1242332,Normal,Normal,"An unassuming substitute sheriff with a troubled past responds to a bank robbery in a small, sleepy town and unknowingly uncovers something far more explosive.",False,en,16.4362,2026-04-16,6.446,185
1288059,I Want Your Sex,I Want Your Sex,"When fresh-faced Elliot lands an exciting job for renowned artist, icon and provocateur Erika Tracy, his fantasies come true as Erika taps him to become her sexual muse. But Elliot soon finds himself out of his depth as Erika takes him on a journey more profound than he ever could have imagined, into a world of sex, obsession, power, betrayal and murder.",False,en,7.0775,2026-07-29,0.0,0
1339210,Affection,Affection,"Afflicted by a mysterious condition that resets her memory, Ellie becomes trapped in a cyclical nightmare with a man who claims to be her husband. She soon must uncover the horrifying truth of her existence—before she forgets it all again.",False,en,3.1272,2026-05-08,6.2,23
1446616,Tu Yaa Main,तू या मैं,"A wannabe rapper from the outskirts of Mumbai and an affluent influencer elope to a coastal town, only to find themselves trapped in the pool of a derelict resort fighting for survival against the wrath of a ferocious crocodile.",False,hi,10.6569,2026-02-11,6.5,50
1154538,Nirvanna the Band the Show the Movie,Nirvanna the Band the Show the Movie,"When their plan to book a show at the Rivoli goes horribly wrong, Matt and Jay accidentally travel back to the year 2008.",False,en,5.051,2026-02-02,7.6,74
1302904,Practical Magic 2,Practical Magic 2,The Owens sisters must confront the dark curse that threatens to unravel their family once and for all.,False,en,4.6871,2026-09-09,0.0,0
1241982,Moana 2,Moana 2,"After receiving an unexpected call from her wayfinding ancestors, Moana journeys alongside Maui and a new crew to the far seas of Oceania and into dangerous, long-lost waters for an adventure unlike anything she's ever faced.",False,en,26.4274,2024-11-21,7.006,3113
1368166,The Housemaid,The Housemaid,"Trying to escape her past, Millie Calloway accepts a job as a live-in housemaid for the wealthy Nina and Andrew Winchester. But what begins as a dream job quickly unravels into something far more dangerous—a sexy, seductive game of secrets, scandal, and power.",False,en,48.2591,2025-12-18,7.264,2527
1110034,Kraken,Kraken,"A marine biologist is doing research on a fish farm when she encounters several strange occurrences. Along with the brutal deaths of two teenagers, all signs point to the deep fjord; can there be more to the depths than the eye can see?",False,no,36.0575,2026-02-06,6.386,184
533533,TRON: Ares,TRON: Ares,"A highly sophisticated Program called Ares is sent from the digital world into the real world on a dangerous mission, marking humankind's first encounter with A.I. beings.",False,en,16.768,2025-10-08,6.495,1466
1445363,EPiC: Elvis Presley in Concert,EPiC: Elvis Presley in Concert,"Long-lost footage from Elvis Presley's legendary Las Vegas residency in the 1970s woven together with rare 16mm footage from Elvis on Tour, and 8mm from the Graceland archive, plus recordings of Elvis telling ""his side of the story"" rediscovered during Baz Luhrmann's research for his 2022 film, Elvis.",False,en,4.5386,2026-02-18,8.247,83
1686834,A Castle of Our Own,A Castle of Our Own,"When an overworked architect takes an unexpected summer trip, a sandcastle contest and a contractor help her reconnect with her daughter, rediscover joy, and find love she never saw coming.",False,en,4.733,2026-06-27,0.0,0
1465063,Forgotten Island,Forgotten Island,"While celebrating their last night together, high school graduates and best friends Jo and Raissa stumble upon a mysterious portal that transports them to the fantastical island of Nakali. When they discover that the memories of their entire friendship are the price for returning home, Jo and Raissa will race to find a way to leave the island before they forget each other forever.",False,en,10.7815,2026-09-16,0.0,0
1397335,Hunting Jessica Brok,Hunting Jessica Brok,"Long before she was a single mother in a sleepy South African town, Jessica Brok was a highly skilled, coldblooded, special ops assassin. She thought she’d left that life behind. She thought her last ill-fated mission was her last. She thought wrong.",False,en,2.6951,2025-08-22,6.958,24
1124566,Sentimental Value,Affeksjonsverdi,"Sisters Nora and Agnes reunite with their estranged father, the charismatic Gustav, a once-renowned director who offers stage actress Nora a role in what he hopes will be his comeback film. When Nora turns it down, she soon discovers he has given her part to an eager young Hollywood star.",False,no,9.1354,2025-08-20,7.4,954
541671,Ballerina,Ballerina,"Taking place during the events of John Wick: Chapter 3 – Parabellum, Eve Macarro begins her training in the assassin traditions of the Ruska Roma.",False,en,35.7015,2025-06-04,7.256,2703
1102883,Mother Mary,Mother Mary,Long-buried wounds rise to the surface when iconic pop star Mother Mary reunites with her estranged best friend and former costume designer Sam Anselm on the eve of her comeback performance.,False,en,7.7328,2026-04-16,5.687,91
1523145,Your Heart Will Be Broken,Твоё сердце будет разбито,"High school student Polina is saved from bullying at her new school and makes a deal with the main bully Bars: he must pretend to be her boyfriend and protect her, and she must do everything he says. During this game, the couple develops real feelings, but her family and classmates have reasons to separate the lovers.",False,ru,196.346,2026-03-26,7.024,106
1310677,Hana Korea,하나 코리아,"A young North Korean refugee fights to rebuild her life in fast-paced, hyper-modern South Korea, forcing her to confront the price of freedom and the past she left behind.",False,ko,4.0803,2026-07-08,0.0,0
1309725,The Richest Woman in the World,La Femme la plus riche du monde,An elderly billionaire woman gives hundreds of millions of euros to a younger gay artist she is close to. Her daughter files a complaint for abuse of a vulnerable person and a scandal erupts.,False,fr,2.0073,2025-10-29,6.133,128
1363387,Saccharine,Saccharine,"After succumbing to an obscure weight-loss craze involving the eating of human ashes, lovelorn medical student Hana finds herself haunted by the ghost of the person she's eating.",False,en,18.4362,2026-05-22,6.1,34
1281331,The Social Reckoning,The Social Reckoning,"Frances Haugen, a young Facebook engineer, enlists the help of Jeff Horwitz, a Wall Street Journal reporter, to go on a dangerous journey that ends up blowing the whistle on the social network's most guarded secrets.",False,en,5.3011,2026-10-07,0.0,0
1365378,The American Dream,Le rêve américain,"No one would have bet on Jérémy, stuck behind the counter of a video store, or on Bouna, who cleans airports. With no money, no connections, and painfully poor English, who could have predicted they’d one day become big-name agents in the NBA? What they lack in experience, they will make up for in audacity, while remaining true to their one credo, doing business with a human touch. Scouting raw talent while improvising their way up, they’ll fake it until they make it – chasing their American Dream and landing multi-million-dollar deals.",False,fr,4.6994,2026-02-18,7.4,111
1559575,Kafir: The Spirit Gate,Kafir: Gerbang Sukma,"Eight years after Herman's tragic death due to black magic, Sri is rebuilding her life with her daughter, Dina, and Andi, who has married Rani. Sri's father informs her that her mother is seriously ill. They come to visit, and that's the beginning of their disaster. A past sin Sri has been hiding now threatens her family.",False,id,9.4443,2026-01-29,6.0,4
1477712,Ice Cream Man,Ice Cream Man,An idyllic summer town descends into madness when an ice cream man serves kids sweet delights with horrifying results.,False,en,6.3666,2026-08-05,0.0,0
1560681,Colors of Evil: Black,Kolory zła: Czerń,"Investigating the disappearance of children in a remote Polish town, prosecutor Leopold Bilski must unravel a sinister local legend before it's too late.",False,pl,19.2707,2026-06-10,6.971,102
1582770,Dhurandhar: The Revenge,धुरंधर: द रिवेंज,"As rival gangs, corrupt officials and a ruthless Major Iqbal close in, Hamza's mission for his country spirals into a bloody personal war where the line between patriot and monster disappears in the streets of Lyari.",False,hi,48.8541,2026-03-18,7.333,126
1170608,Dune: Part Three,Dune: Part Three,"As Emperor, Paul Atreides grapples with the consequences of his rise to power as political conspiracies and a galaxy-spanning holy war threaten the future he alone can foresee.",False,en,8.6962,2026-12-16,0.0,0
539745,Animal Farm,Animal Farm,"A group of farm animals rise up against their neglectful owner, dreaming of equality and freedom. But as the pigs take control, the revolution turns into tyranny, with truth rewritten and dissent crushed.",False,en,6.7882,2026-04-30,6.456,80
1491621,Bare Skin,Bare Skin,"Victims of extreme trauma are invited to a group therapy session to share their experiences in a safe setting, but as their stories are told, an unsettling truth reveals that they may all be connected in their misfortune.",False,en,2.5612,2025-05-31,3.667,3
1361774,The Dink,The Dink,"Desperate to save a struggling country club and earn his father's respect, a washed-up tennis pro is compelled to break a sacred vow and do the unthinkable: play pickleball.",False,en,3.8833,2026-07-23,0.0,0
1122030,Alpha,ऐल्फा,"Two fierce female agents tackle dangerous missions in a thrilling world of espionage, as they navigate perilous situations, execute daring stunts, and face unexpected turns in this action-packed adventure.",False,hi,9.8843,2026-07-02,0.0,0
541671,Ballerina,Ballerina,"Taking place during the events of John Wick: Chapter 3 – Parabellum, Eve Macarro begins her training in the assassin traditions of the Ruska Roma.",False,en,35.7015,2025-06-04,7.256,2703
1464883,The President's Cake,The President's Cake,"While people across 1990s Iraq struggle to survive the war and food shortages, Saddam Hussein requires each school in the country to prepare a cake to celebrate his birthday. Despite her efforts to avoid getting picked, 9-year-old Lamia is chosen among her classmates. The young girl must now use her wits and imagination to gather ingredients for the mandatory cake or face the consequences.",False,en,4.7071,2025-12-26,7.382,93
1309400,The Children of the Resistance,Les Enfants de la Résistance,"During the German occupation of World War II, François, Eusèbe, and Lisa, three courageous children, embark on a secret adventure: resisting the Nazis in the heart of France. Through sabotage, hidden messages, and perilous escapes, they carry out clandestine actions right under the enemy's nose. Daring and friendship are their only weapons in the fight against injustice.",False,fr,5.1477,2026-02-11,6.5,45
1368166,The Housemaid,The Housemaid,"Trying to escape her past, Millie Calloway accepts a job as a live-in housemaid for the wealthy Nina and Andrew Winchester. But what begins as a dream job quickly unravels into something far more dangerous—a sexy, seductive game of secrets, scandal, and power.",False,en,48.2591,2025-12-18,7.264,2527
696393,Cold Storage,Cold Storage,"When a mutating, highly contagious fungus escapes a sealed facility, two employees – joined by a grizzled bioterror operative – must survive the wildest night shift ever to save humanity from extinction.",False,en,9.3104,2026-01-22,6.774,540
1699155,Maternal Instinct,Maternal Instinct,Police pull over a woman who claims she just gave birth. But the baby — and the blood — aren't hers. Twisted lies unravel in this true-crime documentary.,False,en,24.5051,2026-06-11,7.1,90
798645,The Running Man,The Running Man,"Desperate to save his sick daughter, working-class Ben Richards is convinced by The Running Man's charming but ruthless producer to enter the deadly competition game as a last resort. But Ben's defiance, instincts, and grit turn him into an unexpected fan favorite — and a threat to the entire system. As ratings skyrocket, so does the danger, and Ben must outwit not just the Hunters, but a nation addicted to watching him fall.",False,en,16.1464,2025-11-11,6.777,1672
1245859,Savage House,Savage House,"Against the backdrop of 18th century England, a massive pox outbreak, and Jacobite uprising – Sir Chauncey Savage and Lady Savage blindly pursue a better life. It's not without a tinge of irony that their family name is the Savages, for this is a Savage House indeed, filled with duels, decadence, and bloodshed.",False,en,10.5545,2026-06-05,6.625,12
497582,Enola Holmes,Enola Holmes,"While searching for her missing mother, intrepid teen Enola Holmes uses her sleuthing skills to outsmart big brother Sherlock and help a runaway lord.",False,en,23.3841,2020-09-22,7.222,6598
402431,Wicked,Wicked,"In the land of Oz, ostracized and misunderstood green-skinned Elphaba is forced to share a room with the popular aristocrat Glinda at Shiz University, and the two's unlikely friendship is tested as they begin to fulfill their respective destinies as Glinda the Good and the Wicked Witch of the West.",False,en,15.6387,2024-10-16,6.9,3077
1236204,Birthrite,Birthrite,"When a pregnant woman is bequeathed a home from an estranged aunt, she and her girlfriend leave the city behind to begin new chapter. But when a karmic debt threatens the life of their unborn child, they soon discover their place in the cursed history of the town.",False,en,1.6169,2025-08-08,4.7,16
1288341,Seven Snipers,Seven Snipers,"When a former elite sniper is hunted down by the ruthless warlord who once held her captive, she must fight to the death to protect the daughter she has raised in hiding, on a remote Australian farm.",False,en,85.6528,2026-04-30,5.788,40
1110034,Kraken,Kraken,"A marine biologist is doing research on a fish farm when she encounters several strange occurrences. Along with the brutal deaths of two teenagers, all signs point to the deep fjord; can there be more to the depths than the eye can see?",False,no,36.0575,2026-02-06,6.386,184
1288445,Mutiny,Mutiny,"After witnessing his billionaire boss' murder and being framed for the crime, Cole Reed boards a cargo ship on a one-man crusade to avenge his boss' death only to discover an international conspiracy.",False,en,6.694,2026-08-19,0.0,0
426063,Nosferatu,Nosferatu,"A gothic tale of obsession between a haunted young woman and the terrifying vampire infatuated with her, causing untold horror in its wake.",False,en,12.887,2024-12-25,6.714,3713
1433367,One Night Only,One Night Only,Two love-starved strangers crash into each other on the one night of the year when single people are allowed to have sex.,False,en,2.848,2026-08-05,0.0,0
1445363,EPiC: Elvis Presley in Concert,EPiC: Elvis Presley in Concert,"Long-lost footage from Elvis Presley's legendary Las Vegas residency in the 1970s woven together with rare 16mm footage from Elvis on Tour, and 8mm from the Graceland archive, plus recordings of Elvis telling ""his side of the story"" rediscovered during Baz Luhrmann's research for his 2022 film, Elvis.",False,en,4.5386,2026-02-18,8.247,83
1291659,The Wizard of the Kremlin,Le Mage du Kremlin,"In the chaos of post-Soviet Russia, rising KGB officer Vladimir Putin joins forces with master manipulator Vadim Baranov to reshape life behind the Iron Curtain, using violence and deception to change the world forever.",False,fr,6.4438,2026-01-21,6.5,200
1234821,Jurassic World Rebirth,Jurassic World Rebirth,"Five years after the events of Jurassic World Dominion, covert operations expert Zora Bennett is contracted to lead a skilled team on a top-secret mission to secure genetic material from the world's three most massive dinosaurs. When Zora's operation intersects with a civilian family whose boating expedition was capsized, they all find themselves stranded on an island where they come face-to-face with a sinister, shocking discovery that's been hidden from the world for decades.",False,en,48.0627,2025-06-23,6.272,3465
1223601,Sisu: Road to Revenge,Sisu 2,"Returning to the house where his family was brutally murdered during the war, ""the man who refuses to die"" dismantles it, loads it on a truck, and is determined to rebuild it somewhere safe in their honor. When the commander who killed his family comes back hellbent on finishing the job, a relentless, eye-popping cross-country chase ensues.",False,fi,27.53,2025-10-21,7.313,818
729684,Fox Hunt,猎狐·行动,"Based on true events. Dai Yichen, the Shanghai-based mastermind of a massive financial fraud who has been on the run for seven years, resurfaces in Paris. Chinese economic crime detective Ye Jun leads the ""Fox Hunt Team"" on a cross-border mission to recover the stolen assets. When the hunter becomes the hunted, can the Fox Hunt Team make a comeback against all odds?",False,zh,5.5192,2025-04-04,5.6,8
1433583,The Weight,The Weight,"In 1933 Oregon, Samuel Murphy is torn from his daughter and sent to a brutal work camp. Warden Clancy tempts him with early release if he smuggles gold through deadly wilderness, but betrayal festers within the crew, and Murphy questions how far he’ll go to see his child again.",False,en,6.2018,2026-09-16,0.0,0
1168190,The Wrecking Crew,The Wrecking Crew,"Estranged half-brothers Jonny and James reunite after their father's mysterious death. As they search for the truth, buried secrets reveal a conspiracy threatening to tear their family apart.",False,en,27.7688,2026-01-28,7.04,1103
1395353,Gioia,La gioia,"Gioia is a high school teacher who has never known any other love than the oppressive bond with her own parents, with whom she still lives. One of the students at her school, Alessio, is cashing in on his own body to make a couple of hundred euros to help his mother, a cashier in a supermarket. The relationship that dawns between Gioia and Alessio is forbidden fruit, fragile yet, inexplicably, one they can’t do without. Still, Alessio’s desire to improve his social standing is a silent killer that prevents him from ultimately accepting Gioia’s surprising affection for him. He goes and destroys it all, cancelling the only person who has ever loved him.",False,it,4.8016,2026-02-12,6.524,21
1145899,Marsupilami,Marsupilami,"David is tasked to deliver a mysterious package from South America, only to find out he is carrying a baby Marsupilami!",False,fr,9.0331,2026-02-04,6.31,126
1165369,De Gaulle: Liberté,La Bataille de Gaulle : J’écris ton nom,"Part two of a two-part biopic following French army officer Charles De Gaulle's life and political commitment between 1940 and 1945, and trace his development towards a political career.",False,fr,8.5139,2026-06-26,8.171,41
1380316,Is God Is,Is God Is,"Two sisters embark on an epic quest for revenge, confronting a charged family history that pushes them to extraordinary lengths.",False,en,6.6671,2026-05-14,6.2,50
1185806,PAW Patrol: The Dino Movie,PAW Patrol: The Dino Movie,"The PAW Patrol crash land on an uncharted tropical island filled with dinosaurs after their ship gets caught in a mysterious storm. They meet Rex, a pup who has been stranded for years and has become an expert in all things dino-related. When the Patrol’s archrival, Mayor Humdinger, begins recklessly mining to exploit the island's natural resources, he inadvertently causes a huge, dormant volcano to erupt. The pups are thrown into a series of high-stakes, dino-sized rescues bigger than anything they’ve done before, as they must stop Humdinger before everything on the island goes extinct.",False,en,7.1786,2026-07-31,0.0,0
680493,Return to Silent Hill,Return to Silent Hill,"When James receives a mysterious letter from his lost love Mary, he is drawn to Silent Hill—a once-familiar town now consumed by darkness. As he searches for her, James faces monstrous creatures and unravels a terrifying truth that will push him to the edge of his sanity.",False,en,46.1977,2026-01-21,5.367,684
1367642,Reminders of Him,Reminders of Him,"When Diem's custodial grandparents adamantly refuse Kenna's attempts to see her daughter, Kenna discovers unexpected compassion, and then something truer and deeper, with former NFL player and local bar owner Ledger. As their secret romance develops, so do the dangers for both of them, leading Kenna toward heartbreak and, ultimately, the hope for a second chance.",False,en,11.6003,2026-03-11,7.72,336
604079,The Long Walk,The Long Walk,"In a dystopian 1970s America, fifty teenage boys take part in a deadly annual walking contest, forced to maintain a minimum pace or be executed, until only one survivor remains.",False,en,13.0946,2025-09-10,6.896,1603
1062722,Frankenstein,Frankenstein,"Dr. Victor Frankenstein, a brilliant but egotistical scientist, brings a creature to life in a monstrous experiment that ultimately leads to the undoing of both the creator and his tragic creation.",False,en,17.9894,2025-10-17,7.6,3543
1300968,The Hunger Games: Sunrise on the Reaping,The Hunger Games: Sunrise on the Reaping,"Return to the world of Panem 24 years before the events of The Hunger Games, starting on the morning of the reaping of the 50th Hunger Games, also known as the Second Quarter Quell.",False,en,6.7186,2026-11-18,0.0,0
1716513,Extreme Makeover: Homer Edition,Extreme Makeover: Homer Edition,"Homer and Marge's fun couples' date night goes off the rails when Marge learns Homer left the kids unsupervised with only the doorbell camera as a babysitter. Frustrated with her imperfect husband, a tipsy Marge stirs up a trilogy of fantasies of a different Homer.",False,en,3.9306,2026-06-17,7.5,42
1248832,Digger,Digger,The most powerful man in the world embarks on a frantic mission to prove he is humanity's savior before the disaster he's unleashed destroys everything.,False,en,14.0605,2026-09-30,0.0,0
1038392,The Conjuring: Last Rites,The Conjuring: Last Rites,Paranormal investigators Ed and Lorraine Warren take on one last terrifying case involving mysterious entities they must confront.,False,en,28.7287,2025-09-03,6.94,1927
762509,Mufasa: The Lion King,Mufasa: The Lion King,"Mufasa, a cub lost and alone, meets a sympathetic lion named Taka, the heir to a royal bloodline. The chance meeting sets in motion an expansive journey of a group of misfits searching for their destiny.",False,en,14.1723,2024-12-18,7.302,2689
1140521,The Magic Faraway Tree,The Magic Faraway Tree,"A modern family relocates to the countryside where the children discover a magical tree with eccentric residents. They're transported to fantastical lands, rekindling their family bond through adventures.",False,en,6.0799,2026-03-26,6.276,49
1414413,Brothers Under Fire,Brothers Under Fire,"Captain Jordan Wright's squadron on leave for a wedding in Mexico encounters a murderous cartel. As Jordan tries to lead survivors to safety, war erupts between his squad and the cartel, forcing him into a battle to save his men.",False,en,24.3231,2026-04-15,5.766,32
1352624,The Mastermind,The Mastermind,"In a sedate Massachusetts suburb circa 1970, unemployed family man and amateur art thief J.B. Mooney sets out on his first heist. With the museum cased and accomplices recruited, he has an airtight plan. Or so he thinks.",False,en,3.2023,2025-10-16,5.8,195
1397364,La Grazia,La grazia,"As his tenure as President of Italy nears its end, Mariano De Santis faces wrenching decisions-both political and deeply personal. Amid these moral quandaries, he must confront his own conscience and seek guidance from those closest to him, including his confidante and daughter, Dorotea.",False,it,3.1953,2025-12-05,7.348,401
947502,In Waves,In Waves,"In Los Angeles, AJ, a shy teenager, meets Kristen. She lives for surfing; he loves skateboarding and drawing. They fall madly in love, and a happy future seems within reach. But everything changes when Kristen faces a sudden illness. Together, they face adversity, driven by the strength of their love, their friends, and their newly shared passion for surfing and the ocean.",False,fr,2.7337,2026-07-01,0.0,0
1384216,The Dog Stars,The Dog Stars,"After the world's population has been ravaged by a pandemic, a man lives a lonesome existence in a Colorado airplane hangar with his dog and a dour gunman he has befriended. When a mysterious transmission comes through on the radio while he’s flying his old Cessna, it sparks a hunt for the provenance of the sound.",False,en,9.4292,2026-08-26,0.0,0
812583,Wake Up Dead Man: A Knives Out Mystery,Wake Up Dead Man: A Knives Out Mystery,"When young priest Jud Duplenticy is sent to assist charismatic firebrand Monsignor Jefferson Wicks, it’s clear that all is not well in the pews. After a sudden and seemingly impossible murder rocks the town, the lack of an obvious suspect prompts local police chief Geraldine Scott to join forces with renowned detective Benoit Blanc to unravel a mystery that defies all logic.",False,en,11.9355,2025-11-26,7.207,2586
1274706,The Marked Woman,La desconocida,"When a woman is found in a shipping container with no memory of who she is, two detectives race to figure out her identity — and who wants her dead.",False,es,16.1675,2026-06-05,5.46,87
1371151,Off the Grid,Off the Grid,"After a morally-bankrupt company tries to weaponize a brilliant scientist's revolutionary technology, he goes off the grid to safeguard humanity. When the company sends a strike force to find him, they make their biggest mistake of all – they weaponize the man they are trying to catch.",False,en,7.2399,2025-06-27,6.3,102
1058424,Hope,호프,"In the remote South Korean village of Hope Harbor, police chief Bum-seok and officer Sung-ae are called to investigate a mysterious creature wreaking havoc on the community. But all is not as it seems, and perceptions can be misleading. What begins as ignorance plants the seed of disaster, escalating through human conflict into a tragedy of cosmic proportions.",False,ko,10.6233,2026-07-15,0.0,0
1291335,Solo Mio,Solo Mio,"After Matt's dreams of a picturesque Italian wedding are shattered when his fiancée leaves him at the altar, he embarks on his planned honeymoon across Italy alone, immersing himself in the country's vibrant culture, food, and beauty, meeting Gia along the way.",False,en,7.8984,2026-02-05,7.245,182
1228246,Five Nights at Freddy's 2,Five Nights at Freddy's 2,"One year since the supernatural nightmare at Freddy Fazbear's Pizza, the stories about what transpired there have been twisted into a campy local legend, inspiring the town's first ever Fazfest. With the truth kept from her, Abby sneaks out to reconnect with Freddy, Bonnie, Chica, and Foxy, setting into motion a terrifying series of events that will reveal dark secrets about the real origin of Freddy's, and unleash a decades-hidden horror.",False,en,37.0212,2025-12-03,6.639,1013
696506,Mickey 17,Mickey 17,"Unlikely hero Mickey Barnes finds himself in the extraordinary circumstance of working for an employer who demands the ultimate commitment to the job… to die, for a living.",False,en,12.0227,2025-02-28,6.837,3639
1236153,Mercy,Mercy,"In the near future, a detective stands on trial accused of murdering his wife. He has ninety minutes to prove his innocence to the advanced AI Judge he once championed, before it determines his fate.",False,en,18.6166,2026-01-19,7.068,1433
1035259,The Naked Gun,The Naked Gun,"Only one man has the particular set of skills... to lead Police Squad and save the world: Lt. Frank Drebin Jr. Following in his father's footsteps, he must solve a murder case to prevent Police Squad from closure.",False,en,13.0962,2025-07-30,6.37,1781
1627824,Rocky's Cat-astrophe,Rocky's Cat-astrophe,"When one of Humdinger's schemes goes awry, a Junkyard Kitten's home is destroyed and Rocky bites off more than he can chew when he invites the kitten to stay at the Lookout overnight. While the kitten causes more trouble than expected, Rocky learns that even heroes need help.",False,en,13.5963,2026-02-27,8.1,21
1401586,Sonic the Hedgehog 4,Sonic the Hedgehog 4,"Sonic the Hedgehog, joined by a new hero named Amy, faces a new technological nemesis known as Metal Sonic.",False,en,9.1953,2027-03-11,0.0,0
87513,Motor City,Motor City,"In 1970s Detroit, John Miller falls for a local gangster's girl and lands in prison for a crime he didn't commit. With his life ruined, Miller plots revenge against the man who took his girl away.",False,en,6.6342,2026-07-23,0.0,0
1291595,Insidious: Out of the Further,Insidious: Out of the Further,"Gemma, a young mother raising her daughter in the house she grew up in, discovers she can travel into The Further, where she possesses an ability to bring what lives there back to the real world.",False,en,6.0412,2026-08-19,0.0,0
829280,Enola Holmes 2,Enola Holmes 2,"Enola takes on her first official case as a detective, but to solve the mystery of a missing girl, she'll need help from friends — and brother Sherlock.",False,en,17.7644,2022-11-03,7.403,3000
1225435,Band on the Run,Band on the Run,"At the height of the Detroit Garage Rock movement in 1999, a wheelchair-bound father, his musician son and his band bond on a raucous road trip as they war with a rival band on the way to the South by Southwest festival.",False,en,1.271,2024-10-24,6.0,1
1655554,The Turtle Film,The Turtle Film,,False,xx,0.152,2026-01-01,0.0,0
1226834,This Tempting Madness,This Tempting Madness,"A young woman awakens from a coma grievously injured, memory fractured, her husband arrested. But as she puts together the pieces of her past, she starts to question her own actions — and her perception of reality.",False,en,2.9611,2026-06-12,7.0,2
1214684,Kiss of the Spider Woman,Kiss of the Spider Woman,"Valentín, a political prisoner, shares a cell with Molina, a window dresser convicted of public indecency. The two form an unlikely bond as Molina recounts the plot of a Hollywood musical starring his favorite silver screen diva, Ingrid Luna.",False,en,6.052,2025-10-09,6.1,75
1419406,The Shadow's Edge,捕风追影,Macau Police brings the tracking expert police officer out of retirement to help catch a dangerous group of professional thieves.,False,zh,88.1557,2025-08-16,7.851,927
1220564,The Secret Agent,O Agente Secreto,"Brazil, 1977. Marcelo, a technology expert in his early 40s, is on the run. Hoping to reunite with his son, he travels to Recife during Carnival but soon realizes that the city is not the safe haven he was expecting.",False,pt,6.9932,2025-07-23,7.236,732
1582261,Lonely City,嘉陵江上,"Taxi driver Zhang Zhiyong roams the city, picking up a diverse range of passengers. Among them is a woman from out of town looking for her husband, a young internet celebrity searching for her father, and a security guard scattering his father's ashes into the river. Each passenger carries their own unspoken loneliness, and Zhang Zhiyong has his own story as well. His taxi is a journey through life itself.",False,zh,0.401,2025-11-08,0.0,0
829280,Enola Holmes 2,Enola Holmes 2,"Enola takes on her first official case as a detective, but to solve the mystery of a missing girl, she'll need help from friends — and brother Sherlock.",False,en,17.7644,2022-11-03,7.403,2999
999136,Do Not Enter,Do Not Enter,"A group of young explorers investigates an old abandoned hotel, only to encounter a strange supernatural being and a competing group looking for a legendary hidden treasure.",False,en,8.412,2026-03-19,5.4,111
1054867,One Battle After Another,One Battle After Another,"Washed-up revolutionary Bob exists in a state of stoned paranoia, surviving off-grid with his spirited, self-reliant daughter, Willa. When his evil nemesis resurfaces after 16 years and she goes missing, the former radical scrambles to find her, father and daughter both battling the consequences of his past.",False,en,17.9274,2025-09-23,7.346,3845
1242898,Predator: Badlands,Predator: Badlands,"Cast out from his clan, a young Predator finds an unlikely ally in a damaged android and embarks on a treacherous journey in search of the ultimate adversary.",False,en,58.5652,2025-11-05,7.813,3197
421892,Shrek 5,Shrek 5,"Shrek and Donkey team up for another whirlwind, big-city adventure.",False,en,9.2079,2027-06-30,0.0,0
1706919,The Ghost in the Shell,The Ghost in the Shell,"The first two episodes of the 2026 anime series. In the year 2029, Niihama City has become a technologically advanced metropolis. Due to great improvements in cybernetics, its citizens are able to replace their limbs with robotic parts. The world is now more interconnected than ever before, and the city's Public Security Section 9 is responsible for combating corruption, terrorism, and other dangerous threats following this shift toward globalisation.",False,ja,1.5693,2026-06-26,7.0,1
1395353,Gioia,La gioia,"Gioia is a high school teacher who has never known any other love than the oppressive bond with her own parents, with whom she still lives. One of the students at her school, Alessio, is cashing in on his own body to make a couple of hundred euros to help his mother, a cashier in a supermarket. The relationship that dawns between Gioia and Alessio is forbidden fruit, fragile yet, inexplicably, one they can’t do without. Still, Alessio’s desire to improve his social standing is a silent killer that prevents him from ultimately accepting Gioia’s surprising affection for him. He goes and destroys it all, cancelling the only person who has ever loved him.",False,it,4.8016,2026-02-12,6.524,21
933260,The Substance,The Substance,"A fading celebrity decides to use a black market drug, a cell-replicating substance that temporarily creates a younger, better version of herself.",False,en,40.8431,2024-09-07,7.132,6111
1184918,The Wild Robot,The Wild Robot,"After a shipwreck, an intelligent robot called Roz is stranded on an uninhabited island. To survive the harsh environment, Roz bonds with the island's animals and cares for an orphaned baby goose.",False,en,35.3142,2024-09-12,8.315,6201
1193501,Whistle,Whistle,"A misfit group of unwitting high school students stumble upon a cursed object, an ancient Aztec Death Whistle. They discover that blowing the whistle and the terrifying sound it emits will summon their future deaths to hunt them down.",False,en,12.3815,2026-01-20,6.3,500
1157322,Franz,Franz,"Conceived as a kaleidoscopic mosaic, the film follows the imprint Franz Kafka left on the world from his birth in 19th-century Prague to his death in post-WW1 Vienna.",False,cs,2.2636,2025-09-25,6.2,19
1659389,ONE PIECE HEROINES,ONE PIECE HEROINES,"After buying a pair of shoes that end up hurting her feet, Nami returns to the shop feeling dissatisfied. There, she meets Lebno, the designer, who tells her, ""I'll make you a brand-new pair from scratch—but only if you’ll be my model."" The shoes are crafted by the artisan Miucha, leading to an unexpected and stylish encounter.",False,ja,3.3576,2026-07-05,0.0,0
696506,Mickey 17,Mickey 17,"Unlikely hero Mickey Barnes finds himself in the extraordinary circumstance of working for an employer who demands the ultimate commitment to the job… to die, for a living.",False,en,12.0227,2025-02-28,6.837,3639
1371151,Off the Grid,Off the Grid,"After a morally-bankrupt company tries to weaponize a brilliant scientist's revolutionary technology, he goes off the grid to safeguard humanity. When the company sends a strike force to find him, they make their biggest mistake of all – they weaponize the man they are trying to catch.",False,en,7.2399,2025-06-27,6.3,102
1260649,Jumanji: Open World,Jumanji: Open World,"Our heroes have escaped the ever-changing jungles of Jumanji before, but this time the game comes to us - as Jumanji breaks free of its console, unleashing its chaos into our world.",False,en,4.6925,2026-12-10,0.0,0
1091862,Black Diamond,Black Diamond,"Follows a young woman whose idyllic life with her hedge funder boyfriend turns it into a deadly triangle of lust, obsession and murder after meeting a local cowboy handyman.",False,en,2.9702,2025-01-10,5.4,17
1422562,The Moment,The Moment,"A rising pop sensation navigates fame and industry pressures while preparing for her arena tour debut, revealing the transformation of underground culture into mainstream success.",False,en,5.0034,2026-01-30,6.4,62
1584215,The Internship,The Internship,"A CIA-trained assassin recruits other graduates from her secret childhood program, The Internship, to violently destroy the organization. The CIA fights back with deadly force.",False,en,28.9929,2026-01-13,6.802,106
1317149,I Swear,I Swear,"Diagnosed with Tourette Syndrome at 15, John Davidson navigates his way against the odds through troubled teenage years and into adulthood, finding inspiration in the kindness of others to discover his true purpose in life.",False,en,14.5211,2025-09-22,8.239,370
1084187,Pretty Lethal,Pretty Lethal,A troupe of ballerinas find themselves fighting for survival as they attempt to escape from a remote inn after their bus breaks down on the way to a dance competition.,False,en,53.4078,2026-03-13,6.762,427
1480107,Off the Air,Off the Air,"Two estranged sisters reunite to sell their late father’s radio station, but the past won’t let them  leave quietly.",False,en,2.3564,2026-04-30,6.0,1
1033148,Die My Love,Die My Love,"After inheriting a remote Montana house, Jackson moves there from New York with his partner Grace, and the couple soon welcome a child. As Jackson becomes increasingly absent and rural isolation sets in, Grace struggles with loneliness, creative frustration, and unresolved emotional wounds. What begins as an attempt at renewal gradually turns into an intense psychological descent, placing strain on their relationship and exposing the fragile balance between love, identity, and motherhood.",False,en,9.8853,2025-10-06,6.119,564
1234731,Anaconda,Anaconda,"A group of friends facing mid-life crises head to the rainforest with the intention of remaking their favorite movie from their youth, only to find themselves in a fight for their lives against natural disasters, giant snakes and violent criminals.",False,en,12.4813,2025-12-24,5.884,1244
1192730,The Mother and the Bear,The Mother and the Bear,"When her daughter falls into a temporary coma after an accident at her home in Winnipeg, Sara, an overbearing Korean mother travels from Seoul to Canada and vows to keep her daughter safe forever by catfishing a husband for her online.",False,en,1.0809,2026-01-02,0.0,1
1232546,Until Dawn,Until Dawn,"One year after her sister Melanie mysteriously disappeared, Clover and her friends head into the remote valley where she vanished in search of answers. Exploring an abandoned visitor center, they find themselves stalked by a masked killer and horrifically murdered one by one...only to wake up and find themselves back at the beginning of the same evening.",False,en,7.6738,2025-04-23,6.281,1459
1285959,The Passenger,The Passenger,"Hassan, a Somali-American airport shuttle driver in Minneapolis, is struggling to make ends meet. When Lloyd, a stranded twenty-something at the airport, offers to pay Hassan to take him overland to Chicago, it seems worth the risk. But as the realization grows that his passenger is not what he seems, Hassan finds himself trapped in a terrifying ride that he can’t escape, knowing that saving himself might put countless others in danger.",False,en,5.0655,2026-06-05,5.477,22
1035048,Elevation,Elevation,"Post-apocalyptic survivors find refuge in the Rocky Mountains to hide from giant, insect-like creatures that can't live above 8,000 feet. However, when one of them needs life-saving supplies, they risk it all to venture into the danger zone.",False,en,9.5567,2024-11-07,6.4,1004
840705,Blink Twice,Blink Twice,"When tech billionaire Slater King meets cocktail waitress Frida at his fundraising gala, he invites her to join him and his friends on a dream vacation on his private island. But despite the epic setting, beautiful people, ever-flowing champagne, and late-night dance parties, Frida can sense that there’s something sinister hiding beneath the island’s lush façade.",False,en,8.2764,2024-08-21,6.686,1937
1422138,She's the He!,She's the He!,"Before graduation, Ethan and Alex pose as trans women in a last ditch effort to quell gay rumors. It's all a joke until Ethan realizes: she really is trans. The two must reckon with their changing friendship, coming out, and coming-of-age.",False,en,1.7462,2026-06-05,0.0,0
1167307,David,David,"From the songs of his mother’s heart to the whispers of a faithful God, David’s story begins in quiet devotion. When the giant Goliath rises to terrorize a nation, a young shepherd armed with only a sling, a few stones, and unshakable faith steps forward. Pursued by power and driven by purpose, his journey tests the limits of loyalty, love, and courage—culminating in a battle not just for a crown, but for the soul of a kingdom.",False,en,28.5406,2025-12-14,8.006,157
1503762,Sense and Sensibility,Sense and Sensibility,"After their father's death leaves them in financial uncertainty, sisters Elinor and Marianne Dashwood must navigate love, heartbreak, and the rigid societal expectations of 18th-century England.",False,en,4.0657,2026-09-23,0.0,0
1693002,The Murder of Rachel Nickell,The Murder of Rachel Nickell,A young mother is killed in broad daylight on London's Wimbledon Common — in front of her toddler. This documentary examines the yearslong murder case.,False,en,1.7106,2026-06-04,6.109,23
1419406,The Shadow's Edge,捕风追影,Macau Police brings the tracking expert police officer out of retirement to help catch a dangerous group of professional thieves.,False,zh,88.1557,2025-08-16,7.851,927
1359005,Per Aspera Ad Astra,星河入梦,"Set in the near future, the story revolves around the emergence of the virtual dream reality technology ""Good Dreams"",  which allows people to do whatever they desire within their self-created dreams. However, a crisis triggered by these dreams quietly unfolds.",False,zh,7.0225,2026-02-17,7.9,41
1443961,Rao Bahadur,రావు బహదూర్,"In 1970s India, an eccentric aristocrat—labeled a 'man of miracles'—miraculously survives a terminal illness. Plagued by guilt and fear, he retreats into his palatial mansion, creating an alternate world that deeply blurs reality and imagination.",False,te,2.3337,2026-07-02,0.0,0
1297446,Slanted,Slanted,"An insecure Chinese-American teenager undergoes experimental surgery to appear white, hoping to secure the prom queen title and peer acceptance.",False,en,6.2275,2026-03-13,5.9,49
1400272,The Dashed Lines,As liñas descontinuas,"Bea is a 50 year old woman who is separating from her husband. The day she has to leave the house where she has lived for the last twenty years, she arrives at her house and finds everything upside down and one of the thieves sleeping in her bed. Denís is a 28-year-old trans man who, despite having studied a career, struggles with job insecurity and lack of opportunities. After spending three days together, each of them must continue on their own way. When they resume their lives, they are no longer the same.",False,gl,1.7173,2026-02-27,6.0,1
1240889,Teenage Sex and Death at Camp Miasma,Teenage Sex and Death at Camp Miasma,"After years of slapdash sequels and waning fandom, the Camp Miasma slasher franchise is handed over to an enthusiastic young director for resurrection. But when she visits the original's star, a now-reclusive actress shrouded in mystery, the two women fall into a blood-soaked world of desire, fear, and delirium.",False,en,3.6046,2026-08-06,0.0,0
1390382,Couture,Coutures,"In the frenzy of Fashion Week, three women cross paths in Paris, grappling with the world's tragedies and the questions of their lives: Maxine, an American film director in her forties, discovers she has cancer; Ada, a young South Sudanese model, escapes a predetermined destiny to be thrust into a deceptive universe and French makeup artist Angèle, a small hand working in the shadows of the catwalks, dreams of escaping her life.",False,fr,11.6173,2026-02-18,6.3,41
1588846,Ekis,Ekis,"Erik Matti’s classic Ekis gets a bold reboot with an all-girls ensemble led by Angela Morena, Cheena Dizon, and Aliya Raymundo. A crew of female thugs launches a kidnap-for-ransom plot, but when things go wrong, escaping the chaos becomes impossible.",False,tl,10.4831,2025-12-19,6.2,4
1556616,Summer House,Yaz Evi,"Selin travels back in time at a summer house and finds herself in her mother's youth, changing her family's fate and rebuilding her own life.",False,tr,20.9811,2026-06-06,7.6,14
1239193,Deep Cover,Deep Cover,"Kat is an improv comedy teacher beginning to question if she’s missed her shot at success. When an undercover cop offers her the role of a lifetime, she recruits two of her students to infiltrate London’s gangland by impersonating dangerous criminals.",False,en,8.4442,2025-06-12,6.699,595
1125899,Cleaner,Cleaner,"When a group of radical activists take over an energy company's annual gala, seizing 300 hostages, an ex-soldier turned window cleaner suspended 50 storeys up on the outside of the building must save those trapped inside, including her older brother.",False,en,10.7495,2025-02-19,6.488,577
1278853,Woodwalkers 2,Woodwalkers 2,"For shapeshifter Carag and his friends Brandon, Holly, and Lou, a new school year begins at Clearwater High. But first, the Woodwalker Council must decide whether Carag's mentor and patron of the school, Andrew Milling, is guilty of attacking humans. Carag is in a dilemma: he wants to put a stop to Milling's actions, but Milling promises to take him to his true puma family if he covers for him before the council.",False,de,3.8336,2026-01-29,6.8,13
1369286,What is Love?,C’est quoi l’amour ?,"Marguerite has no reason to refuse the church’s annulment of her marriage to Fred. She also has a new partner with whom she has a child. However, to convince the church that their previous marriage was doomed from the start, Marguerite and Fred must examine their shared past.",False,fr,0.9587,2026-05-06,6.2,34
1705729,Man of War,Man of War,"When an aid worker vanishes in the first hours of war in Ukraine, a former Navy SEAL and CIA operative crosses into the shattered country to bring her home-facing mercenaries, shifting battle lines, and ghosts he thought he left behind.",False,en,1.516,2026-07-03,0.0,0
1341138,Spa Weekend,Spa Weekend,"Four lifelong friends realize that somewhere between careers, relationships, families and everyday responsibilities, they have forgotten how to take care of themselves and each other. Burned out and overdue for a break, the women escape to a luxury spa retreat for what turns out to be an unforgettable weekend dedicated to fun, laughter, and a lot of really bad decisions.",False,en,2.1527,2026-08-20,0.0,0
696506,Mickey 17,Mickey 17,"Unlikely hero Mickey Barnes finds himself in the extraordinary circumstance of working for an employer who demands the ultimate commitment to the job… to die, for a living.",False,en,12.0227,2025-02-28,6.837,3639
1698856,Master of the Universe,Master of the Universe,"A young man must use his untapped powers to fight back against an evil alien and their army, who will stop at nothing to take over Earth and then the universe.",False,en,3.1766,2026-05-22,4.5,10
1275108,Vares X,Vares X,"Vares gets a desperate phone call from his friend Kyypakkaus, who needs rescuing. While Vares rescues his friend, the daughter of a private detective's stepfamily is kidnapped. Vares is forced to play for higher stakes than ever before. Events become intertwined with a mysterious sex cult and an underworld showdown. Who can Jussi Vares finally save?",False,fi,1.4158,2024-10-23,4.8,6
1064213,Anora,Anora,"A young sex worker from Brooklyn gets her chance at a Cinderella story when she meets and impulsively marries the son of an oligarch. Once the news reaches Russia, her fairytale is threatened as his parents set out to get the marriage annulled.",False,en,12.0767,2024-10-14,7.072,3202
1100988,28 Years Later,28 Years Later,"Twenty-eight years after the Rage virus outbreak, a heavily-defended island survives connected to the mainland by a single causeway. When one of the group leaves the island into the dark heart of the mainland, he discovers secrets, wonders, and horrors that have mutated not only the infected but other survivors as well.",False,en,30.1108,2025-06-18,6.611,2628
1114967,Good Fortune,Good Fortune,A well-meaning but rather inept angel named Gabriel meddles in the lives of a struggling gig worker and a wealthy capitalist.,False,en,4.5757,2025-10-14,6.906,662
1283515,Verity,Verity,"Lowen Ashleigh gets hired by Jeremy Crawford to ghostwrite novels for his bestselling author wife Verity, who's unable to finish after an accident. Lowen uncovers Verity's disturbing truths while residing at the Crawfords' home to work.",False,en,4.4967,2026-09-30,0.0,0
1444084,Narcisa's Will,Herança de Narcisa,"Haunted by memories of her recently deceased mother, former star Narcisa, Ana decides to sell the childhood mansion she inherited and share the proceeds with her brother, Diego. However, the grim cleansing process reveals a legacy quite different from what she imagined.",False,pt,1.052,2026-07-09,0.0,0
1275108,Vares X,Vares X,"Vares gets a desperate phone call from his friend Kyypakkaus, who needs rescuing. While Vares rescues his friend, the daughter of a private detective's stepfamily is kidnapped. Vares is forced to play for higher stakes than ever before. Events become intertwined with a mysterious sex cult and an underworld showdown. Who can Jussi Vares finally save?",False,fi,1.4158,2024-10-23,4.8,6
1064213,Anora,Anora,"A young sex worker from Brooklyn gets her chance at a Cinderella story when she meets and impulsively marries the son of an oligarch. Once the news reaches Russia, her fairytale is threatened as his parents set out to get the marriage annulled.",False,en,12.0767,2024-10-14,7.072,3202
1100988,28 Years Later,28 Years Later,"Twenty-eight years after the Rage virus outbreak, a heavily-defended island survives connected to the mainland by a single causeway. When one of the group leaves the island into the dark heart of the mainland, he discovers secrets, wonders, and horrors that have mutated not only the infected but other survivors as well.",False,en,30.1108,2025-06-18,6.6,2629
1114967,Good Fortune,Good Fortune,A well-meaning but rather inept angel named Gabriel meddles in the lives of a struggling gig worker and a wealthy capitalist.,False,en,4.5757,2025-10-14,6.906,662
1283515,Verity,Verity,"Lowen Ashleigh gets hired by Jeremy Crawford to ghostwrite novels for his bestselling author wife Verity, who's unable to finish after an accident. Lowen uncovers Verity's disturbing truths while residing at the Crawfords' home to work.",False,en,4.4967,2026-09-30,0.0,0
1444084,Narcisa's Will,Herança de Narcisa,"Haunted by memories of her recently deceased mother, former star Narcisa, Ana decides to sell the childhood mansion she inherited and share the proceeds with her brother, Diego. However, the grim cleansing process reveals a legacy quite different from what she imagined.",False,pt,1.052,2026-07-09,0.0,0
1461254,Salmokji: Whispering Water,살목지,"An incident unfolds when a film crew goes to a reservoir to update the road view where an unidentified figure was filmed, and they encounter something in the dark, deep waters.",False,ko,5.7026,2026-04-08,7.0,12
1160360,If I Had Legs I'd Kick You,If I Had Legs I'd Kick You,"With her life crashing down around her, Linda attempts to navigate her child's mysterious illness, her absent husband, a missing person, and an increasingly hostile relationship with her therapist.",False,en,4.1777,2025-10-10,6.323,350
617126,The Fantastic 4: First Steps,The Fantastic 4: First Steps,"Against the vibrant backdrop of a 1960s-inspired, retro-futuristic world, Marvel's First Family is forced to balance their roles as heroes with the strength of their family bond, while defending Earth from a ravenous space god called Galactus and his enigmatic Herald, Silver Surfer.",False,en,23.0019,2025-07-23,7.0,3447
939243,Sonic the Hedgehog 3,Sonic the Hedgehog 3,"Sonic, Knuckles, and Tails reunite against a powerful new adversary, Shadow, a mysterious villain with powers unlike anything they have faced before. With their abilities outmatched in every way, Team Sonic must seek out an unlikely alliance in hopes of stopping Shadow and protecting the planet.",False,en,24.1583,2024-12-19,7.613,3323
1284046,Onslaught,Onslaught,"When a rogue squad of genetically engineered super soldiers break loose in the desert, a badass Army sniper must unleash hell to protect her young daughter.",False,en,1.4247,2026-09-03,0.0,0
1662414,Propeller One-Way Night Coach,Propeller One-Way Night Coach,"During the golden age of aviation, a young airplane enthusiast and his mother embark on a cross-country journey to Hollywood—and their simple flight transforms into the trip of a lifetime.",False,en,5.7934,2026-05-15,6.731,39
1197137,Black Phone 2,Black Phone 2,"Four years after defeating The Grabber, Finney Blake is struggling with life after captivity. When his younger sister Gwen begins receiving calls in her dreams from the Black Phone and seeing disturbing visions of three boys being stalked at a winter camp, the siblings become determined to solve the mystery and confront a killer who has grown more powerful in death and more significant to them than either could imagine.",False,en,12.3333,2025-10-15,6.69,1181
1245347,Twinless,Twinless,"Two men who lost their respective twin brothers develop a growing friendship after meeting in a support group. However, both harbor long-hidden secrets that threaten to tear them apart.",False,en,5.5054,2025-09-04,7.256,154
1710886,Sugar Mommy,Sugar Mommy,"When a non-committal sugar mommy takes in her three sugar babies, jealousy erupts as one of them becomes determined to be her one and only.",False,tl,11.9879,2026-06-09,0.0,0
822119,Captain America: Brave New World,Captain America: Brave New World,"After meeting with newly elected U.S. President Thaddeus Ross, Sam finds himself in the middle of an international incident. He must discover the reason behind a nefarious global plot before the true mastermind has the entire world seeing red.",False,en,14.054,2025-02-12,5.967,3141
701387,Bugonia,Bugonia,"Two conspiracy obsessed young men kidnap the high-powered CEO of a major company, convinced that she is an alien intent on destroying planet Earth.",False,en,12.5277,2025-10-23,7.31,2040
1400336,Focker-In-Law,Focker-In-Law,"Henry, son of Greg and Pam Focker, faces family chaos when he decides to marry a strong-willed woman who appears to be his complete mismatch.",False,en,4.922,2026-11-25,0.0,0
912649,Venom: The Last Dance,Venom: The Last Dance,"Eddie and Venom are on the run. Hunted by both of their worlds and with the net closing in, the duo are forced into a devastating decision that will bring the curtains down on Venom and Eddie's last dance.",False,en,19.1073,2024-10-22,6.673,4281
1456349,It Was Just an Accident,Un simple accident,An unassuming mechanic is reminded of his time in an Iranian prison when he encounters a man he suspects to be his sadistic jailhouse captor.,False,fr,6.0783,2025-10-01,7.1,593
1408493,The Turkish Coffee Table,Cam Sehpa,"When Zehra and İbrahim, a couple adjusting to new parenthood, argue over a coffee table, it seems like a harmless domestic spat. Wanting to assert himself for once, İbrahim insists on buying it. But when he’s left alone to assemble it, he makes a single irreversible mistake — and begins spiraling into a pit of lies, panic, and performative calm as he tries to hide the truth from the people he loves the most.",False,tr,2.9358,2026-02-20,6.667,3
1594694,Lydia and the Mist Rider,Lydia et le vaisseau des tempêtes,"When her older brother Thaddeus is mysteriously kidnapped by the Spellbinder, 11-year-old Lydia sets off to find him in the Misty Sea. Picked up by the crew of a flying ship, the Dolphin, Lydia becomes the apprentice of Ambrosia, a Stargazer. Ambrosia is trying to find other children who have disappeared, including her own son. Determined to solve the mystery, Lydia must learn stargazing magic and ready herself to confront the Spellbinder.",False,fr,3.8031,2026-02-20,7.0,1
1338972,Pitfall,Pitfall,"After a young man is separated from his friends in the woods, he falls into a ten-foot deep pit of spikes, impaling him through his leg and leaving him trapped. He quickly learns that his fall was not an accident.",False,en,3.4963,2026-05-29,5.714,7
1437198,Tafiti: Across the Desert,Tafiti - Ab durch die Wüste,"Tafiti, a young meerkat, initially rejects friendship with Bristles, a bush pig. When his grandpa is bitten by a snake, Tafiti sets off to find the flower for the cure. Bristles wants to prove that adventures are always better with friends.",False,de,1.4154,2025-09-04,7.2,9
1422404,Tokyo Taxi,TOKYOタクシー,"One day, taxi driver Koji Usami is tasked with driving 85-year-old Sumire Takano from Shibamata, Tokyo to a senior care facility in Hayama, Kanagawa. Sumire asks Koji to make some detours. Gradually opening up to her, Sumire begins to tell the story of her grand past...",False,ja,4.2186,2025-11-21,7.647,17
1335666,Glenrothan,Glenrothan,"After thirty-five years abroad, Donal returns to his native Scotland to make amends with his estranged brother Sandy.",False,en,3.8702,2026-04-17,6.0,2
1575337,Cosmic Princess Kaguya!,超かぐや姫！,"Iroha's life gets knocked off its orbit when Kaguya, a carefree runaway from the Moon, moves in and convinces her to perform in a virtual world together.",False,ja,12.9922,2026-01-22,8.4,89
1667198,The Amazing Digital Circus: The Last Act,The Amazing Digital Circus: The Last Act,"With Caine gone and the circus dark, the cast are left with only the mistakes and traumas of their pasts to keep them company. As the prospect of eternity closes in around them, they discover the truth about the Digital Circus and its history. Will they come to terms with what they uncover, or will they make... the other choice? Also, presumably at some point someone says something funny, because this ending can’t be THAT depressing, can it? A theatrical screening of episode 8 and the all new, hour-long episode 9.",False,en,20.2932,2026-06-03,8.819,191
1367933,The Second Child,그림자 아이,"After three years of coma, Su-an wakes up to find the ghost of her dead sister asking for help but cannot understand what exactly she requires. Their mother, Geum-ok, believed to have lost her firstborn child to suicide, searches for the truth behind the death as a centuries-old family curse slowly reveals itself. As the two collide in a quest to discover the past and present reality, they come across Jae-in, an exact look-alike of the deceased sister.",False,ko,1.1932,2026-07-01,0.0,0
1465563,A Poet,Un poeta,"An aging poet finds purpose mentoring Yurlady, a talented teen, though exposing her to the poetry scene might be unwise. His own poetic pursuits led nowhere, leaving him a stereotypical obscure writer.",False,es,3.1847,2025-08-28,8.738,86
1306368,The Rip,The Rip,"Trust frays when a team of Miami cops discovers millions in cash inside a run-down stash house, calling everyone — and everything — into question.",False,en,35.1175,2026-01-13,7.085,1703
1422011,It Ends,It Ends,"A group of recent grads head out on a late night drive for grub, hoping to enjoy one final hangout before their paths diverge. Instead, they accidentally turn onto a never-ending, two-lane hellscape surrounded by untold horrors and cosmic forces beyond their understanding. Cramped together inside a Jeep Cherokee and with the miles stretching infinitely ahead, they face a choice: embrace their new existence or fight to escape it.",False,en,2.2507,2026-08-21,0.0,0
1337592,Erupcja,Erupcja,"A romantic vacation goes awry when a volcanic eruption strands Bethany and her boyfriend, Rob, in Warsaw, Poland. Taking the explosive event as a sign to ditch her baggage, Bethany reunites with her childhood friend, Nel, to traipse through lofts, clubs, and back alleys—all while becoming entangled in an emotional web that challenges her sense of self.",False,en,2.0233,2026-04-17,6.077,13
1323625,Night Patrol,Night Patrol,An L.A. cop discovers a local task force is hiding a secret that puts the residents of his childhood neighborhood in danger.,False,en,5.3137,2026-01-16,5.215,65
1354518,100 Nights of Hero,100 Nights of Hero,"When a charming house guest arrives at a remote castle, the delicate dynamic between a neglectful husband, his innocent bride Cherry and their devoted maid Hero is thrown into chaos.",False,en,1.8986,2025-12-05,6.0,20
1037600,Miss Match,미스매치,"Bong Soo loses his memories from an accident, which disables him to recognize his family. Due to this condition, and his ever-increasing odd behaviors, his relationships get mixed up. He treats his wife as his daughter and mistakes her daughter for a friend. Ironically, his friends and family start to accept the situation as they derive some comfort and warmth from it.",False,ko,0.6132,2026-04-23,6.0,1
803796,KPop Demon Hunters,KPop Demon Hunters,"When K-pop superstars Rumi, Mira and Zoey aren't selling out stadiums, they're using their secret powers to protect their fans from supernatural threats.",False,en,53.7379,2025-06-20,8.021,2938
1215638,Checkered Ninja 3,Ternet Ninja 3,"In this 3rd installment Alex’s interest for Ninja missions is starting to vanish. He’ll rather spend his time with his friends and Checkered Ninja feels he is overlooked and is eager to engage in a new mission. The result of this is that Alex, by accident, ends up having a conflict with Marco, the bad boy boyfriend of Jessica, entangling him in a conflict he hasn’t asked for and he is pressured by Checkered Ninja to defend himself.",False,da,3.2722,2026-01-01,7.2,13
1263337,Heart of the Beast,Heart of the Beast,"After a harrowing plane crash, Special Forces officer James Belmont and his combat dog, Odin, find themselves stranded deep in the Alaskan wilderness. Together, they are forced into a brutal fight for survival against the elements.",False,en,8.8078,2026-09-23,0.0,0
1710107,Diary of Evil Deeds,악행의 일기,,False,ko,0.6909,2026-06-30,0.0,0
574475,Final Destination Bloodlines,Final Destination Bloodlines,"Plagued by a violent recurring nightmare, college student Stefanie heads home to track down the one person who might be able to break the cycle and save her family from the grisly demise that inevitably awaits them all.",False,en,33.8389,2025-05-14,7.039,2910
1315303,Primate,Primate,"College student Lucy and her friends spend their vacation at her family's home in Hawaii, which includes her pet chimpanzee, Ben. However, when Ben contracts rabies after being bitten by a rabid animal, the group must fight for their lives in order to avoid the now-violent chimp.",False,en,27.4969,2026-01-01,6.53,708
1707884,Final Diagnosis: No Second Chances,Final Diagnosis: No Second Chances,"In Final Diagnosis: No Second Chances, the world of medicine becomes the backdrop for a tense story about ambition, responsibility, and the consequences of decisions made under pressure. The film follows characters caught in a high-pressure medical environment where ambition, personal choices, and professional responsibility collide, exploring the human cost of difficult decisions and the moments when there may be no second chance.",False,en,0.7616,2025-03-01,0.0,0
1247165,Raja Shivaji,राजा शिवाजी,"Chronicles the rise of young Shivaji Bhonsale, who challenged the might of established empires to found the Maratha kingdom and lay the groundwork for 'Swarajya' (self-rule) during a turbulent period of Indian history.",False,mr,14.1661,2026-05-01,6.125,4
1558796,Never Change!,Never Change!,"In 2008, the graduating class of North Meadows High School had their senior year cut short due to a disastrous tornado. Now in their mid-30s, they're being forced to return home and finish high school once and for all.",False,en,8.5502,2026-06-09,6.423,13
1208348,Rental Family,Rental Family,"An American actor in Tokyo struggles to find purpose until he lands an unusual gig: working for a Japanese 'rental family' agency, playing stand-in roles for strangers. As he immerses himself in his clients' worlds, he begins to form genuine bonds that blur the lines between performance and reality.",False,en,6.7549,2025-11-20,7.736,875
1255833,Whalefall,Whalefall,"Following the death of his father, Jay Gardiner goes diving off the central Coast of California in search of his remains, but is swallowed by a massive sperm whale. While trapped inside its belly with only one hour of oxygen left, Jay comes to realize that the hard-earned lessons his father imparted may be the key to his escape.",False,en,2.2099,2026-10-14,0.0,0
1501018,A Family of Bastards,Une Famille De Bâtards,"After the death of his father, Mohamed discovers the living of a step-brother and a step-sister. Together, they must manage the suspicious bar they inherited of linked to criminality, drug traffic and prostitution.",False,fr,8.0758,2026-06-12,5.365,48
950387,A Minecraft Movie,A Minecraft Movie,"Four misfits find themselves struggling with ordinary problems when they are suddenly pulled through a mysterious portal into the Overworld: a bizarre, cubic wonderland that thrives on imagination. To get back home, they'll have to master this world while embarking on a magical quest with an unexpected, expert crafter, Steve.",False,en,33.2713,2025-03-31,6.261,3061
949536,Kill Code,Kill Code,"North America has been divided into four main quadrants. A power-hungry corporation has taken over the conventional prison system and made criminals the new law enforcers.  The owner of that corporation, nanoscientist Eion Prescott, created a nano-virus called Onyx. Which is distributed through deadly watches to criminals. First, infecting them. Then, forcing them into eliminating each other for freedom. Who can topple the corporation's entire system from within?",False,en,96.0323,2026-04-16,5.5,12
1284493,Haunted Minds,Les Tourmentés,"A homeless veteran with PTSD gets offered money by his ex-sergeant to be hunted for sport. If he survives a month, he keeps the cash; if he dies, it goes to his estranged family. The hunt starts in six months abroad.",False,fr,1.6112,2025-09-17,5.294,34
1609125,The Butcher's Blade,手遮天,Local constable Xue Buyi keeps his distance from corrupt colleagues until he is framed for the theft of thousands of dollars in relief funds. Now he must choose: fight to clear his name or uphold the law he's sworn to obey.,False,zh,2.6676,2026-01-08,6.6,8
1175942,The Bad Guys 2,The Bad Guys 2,"The now-reformed Bad Guys are trying (very, very hard) to be good, but instead find themselves hijacked into a high-stakes, globe-trotting heist, masterminded by a new team of criminals they never saw coming: The Bad Girls.",False,en,17.9833,2025-07-24,7.646,807
1174334,A Foggy Tale,大濛,"Yue's brother was executed by the government. Determined to bring his body back home, Yue goes to Taipei alone and finds help in Chao Kung-tao, a discharged soldier. Two people with no relations become friends in need, embarking on a journey that could cost them their lives.",False,zh,4.8097,2025-11-27,7.54,25
1084577,Balls Up,Balls Up,"Two marketing executives go ""balls out"" and pitch a bold full‑coverage condom sponsorship with the World Cup. After their drunken celebration in Brazil sparks a global scandal, they must outrun furious fans, criminals, and power-hungry officials to salvage their careers and make it home alive.",False,en,22.325,2026-04-15,5.866,273
1140498,Is This Thing On?,Is This Thing On?,"As their marriage quietly unravels, Alex faces middle age and an impending divorce, seeking new purpose in the New York comedy scene while Tess confronts the sacrifices she made for their family—forcing them to navigate co-parenting, identity, and whether love can take a new form.",False,en,3.08,2025-12-19,6.555,172
445466,Idiots,Idiots,"When two unqualified bozos are hired to transfer a rich teen to rehab, their straightforward gig quickly spirals into dangerous mayhem.",False,en,4.4841,2026-08-27,0.0,0
1290417,Thrash,Thrash,"When a Category 5 hurricane decimates a coastal town, the storm surge brings devastation, chaos, and something far more frightening onto shore: hungry sharks.",False,en,20.1309,2026-04-10,6.053,665
1084199,Companion,Companion,"During a weekend getaway at a secluded lakeside estate, a group of friends finds themselves entangled in a web of secrets, deception, and advanced technology. As tensions rise and loyalties are tested, they uncover unsettling truths about themselves and the world around them.",False,en,26.0308,2025-01-22,7.0,2360
1107166,Psycho Killer,Psycho Killer,"Following the brutal murder of her husband, a Kansas highway patrol officer sets out on a journey to track down the perpetrator. As the hunt progresses, she comes to realize the man responsible is a sadistic serial killer, and the depth of his mental depravity and his sinister agenda is more twisted than anyone could have imagined.",False,en,7.1683,2026-02-19,6.451,122
1501018,A Family of Bastards,Une Famille De Bâtards,"After the death of his father, Mohamed discovers the living of a step-brother and a step-sister. Together, they must manage the suspicious bar they inherited of linked to criminality, drug traffic and prostitution.",False,fr,8.0758,2026-06-12,5.365,48
950387,A Minecraft Movie,A Minecraft Movie,"Four misfits find themselves struggling with ordinary problems when they are suddenly pulled through a mysterious portal into the Overworld: a bizarre, cubic wonderland that thrives on imagination. To get back home, they'll have to master this world while embarking on a magical quest with an unexpected, expert crafter, Steve.",False,en,33.2713,2025-03-31,6.261,3061
949536,Kill Code,Kill Code,"North America has been divided into four main quadrants. A power-hungry corporation has taken over the conventional prison system and made criminals the new law enforcers.  The owner of that corporation, nanoscientist Eion Prescott, created a nano-virus called Onyx. Which is distributed through deadly watches to criminals. First, infecting them. Then, forcing them into eliminating each other for freedom. Who can topple the corporation's entire system from within?",False,en,96.0323,2026-04-16,5.5,12
1284493,Haunted Minds,Les Tourmentés,"A homeless veteran with PTSD gets offered money by his ex-sergeant to be hunted for sport. If he survives a month, he keeps the cash; if he dies, it goes to his estranged family. The hunt starts in six months abroad.",False,fr,1.6112,2025-09-17,5.294,34
1609125,The Butcher's Blade,手遮天,Local constable Xue Buyi keeps his distance from corrupt colleagues until he is framed for the theft of thousands of dollars in relief funds. Now he must choose: fight to clear his name or uphold the law he's sworn to obey.,False,zh,2.6676,2026-01-08,6.6,8
1174334,A Foggy Tale,大濛,"Yue's brother was executed by the government. Determined to bring his body back home, Yue goes to Taipei alone and finds help in Chao Kung-tao, a discharged soldier. Two people with no relations become friends in need, embarking on a journey that could cost them their lives.",False,zh,4.8097,2025-11-27,7.54,25
1084577,Balls Up,Balls Up,"Two marketing executives go ""balls out"" and pitch a bold full‑coverage condom sponsorship with the World Cup. After their drunken celebration in Brazil sparks a global scandal, they must outrun furious fans, criminals, and power-hungry officials to salvage their careers and make it home alive.",False,en,22.325,2026-04-15,5.866,273
1140498,Is This Thing On?,Is This Thing On?,"As their marriage quietly unravels, Alex faces middle age and an impending divorce, seeking new purpose in the New York comedy scene while Tess confronts the sacrifices she made for their family—forcing them to navigate co-parenting, identity, and whether love can take a new form.",False,en,3.08,2025-12-19,6.555,172
445466,Idiots,Idiots,"When two unqualified bozos are hired to transfer a rich teen to rehab, their straightforward gig quickly spirals into dangerous mayhem.",False,en,4.4841,2026-08-27,0.0,0
1662350,Midnight Elevator,午夜电梯,,False,zh,3.5973,2026-04-04,3.0,1
1290417,Thrash,Thrash,"When a Category 5 hurricane decimates a coastal town, the storm surge brings devastation, chaos, and something far more frightening onto shore: hungry sharks.",False,en,20.1309,2026-04-10,6.053,665
1084199,Companion,Companion,"During a weekend getaway at a secluded lakeside estate, a group of friends finds themselves entangled in a web of secrets, deception, and advanced technology. As tensions rise and loyalties are tested, they uncover unsettling truths about themselves and the world around them.",False,en,26.0308,2025-01-22,7.0,2360
1594914,Lucky Strike,Lucky Strike,"A wounded American soldier fights to survive behind enemy lines during WWII's Battle of the Bulge against the Germans, relying on his instinct, spy craft and a hand-radio to evade capture and find his way back to his unit.",False,en,4.7384,2026-06-15,5.8,5
1156593,Your Fault,Culpa tuya,The love between Noah and Nick seems unwavering despite their parents' attempts to separate them. But his job and her entry into college open up their lives to new relationships that will shake the foundations of both their relationship and the Leister family itself.,False,es,26.3658,2024-12-26,7.084,1573
898704,Desert Warrior,Desert Warrior,"In 7th-century Arabia, Princess Hind becomes a warrior to defy the ruthless Emperor Kisra. Forged into a warrior and aided by legendary bandit Hanzala, Hind unites warring tribes for a last stand—the historic Battle of Dhi Qar—that will change history.",False,en,7.1739,2026-04-23,5.717,23
1151031,Bring Her Back,Bring Her Back,"Following the death of their father, a brother and sister are sent to live with a foster mother, only to learn that she is hiding a terrifying secret.",False,en,9.8111,2025-05-19,7.3,1735
1219548,The Physician II,Der Medicus II,"1050 AD: Robert Cole returns to England to bring the medical light of the Orient to his countrymen. But he fails because of the intrigues of the established London doctors, who feel threatened by the new knowledge. And it is not only the human body that is full of seemingly impenetrable secrets, the soul also holds its own mysteries.",False,de,4.3741,2025-12-25,6.403,36
1245119,The Yellow Tie,Cravata galbenă,"The extraordinary life of Sergiu Celibidache, from his childhood in Romania to his exile in pursuit of a career in music, his struggle for survival in wartime Germany and his rise, fall and rise again, in an unimaginable life journey.",False,en,2.7258,2025-11-14,8.3,14
1656220,23 000 Lives,23 000 Leben,"Unable to stand by and watch as countless refugees lose their lives attempting to reach Europe by sea, a group of young Berliners take action. Inexperienced but driven by passion and courage, they launch a crowdfunding campaign to buy an old ship. Venturing into the Mediterranean, they embark on a mission to save thousands of people. But their efforts soon put their understanding of law and justice to the test.",False,de,1.6225,2026-07-02,5.0,1
1536559,Double Happiness,雙囍,"Tim Kao, the meticulous head chef of a five-star hotel in Taiwan, is set to marry his Hong Kong fiance Daisy Wu. But Tim’s divorced parents refuse to attend the same ceremony, and each insists on hosting their own. To complicate things further, the Feng Shui master chooses the same auspicious date for both events. Tim, Daisy, their wedding planner Regina, and the best man Tsai must orchestrate two weddings simultaneously in the same hotel, without either parent finding out. Surrounded by a strict father, a demanding mother, and a cast of sharp-tongued relatives, Tim must confront the traumas of his upbringing and ask himself: is he truly ready to start a new family of his own?",False,zh,3.5262,2026-02-17,6.4,13
1656220,23 000 Lives,23 000 Leben,"Unable to stand by and watch as countless refugees lose their lives attempting to reach Europe by sea, a group of young Berliners take action. Inexperienced but driven by passion and courage, they launch a crowdfunding campaign to buy an old ship. Venturing into the Mediterranean, they embark on a mission to save thousands of people. But their efforts soon put their understanding of law and justice to the test.",False,de,1.6225,2026-07-02,5.0,1
1536559,Double Happiness,雙囍,"Tim Kao, the meticulous head chef of a five-star hotel in Taiwan, is set to marry his Hong Kong fiance Daisy Wu. But Tim’s divorced parents refuse to attend the same ceremony, and each insists on hosting their own. To complicate things further, the Feng Shui master chooses the same auspicious date for both events. Tim, Daisy, their wedding planner Regina, and the best man Tsai must orchestrate two weddings simultaneously in the same hotel, without either parent finding out. Surrounded by a strict father, a demanding mother, and a cast of sharp-tongued relatives, Tim must confront the traumas of his upbringing and ask himself: is he truly ready to start a new family of his own?",False,zh,3.5262,2026-02-17,6.4,13
1723967,The Leaching,The Leaching,"After waking up on her father's isolated forest property with amnesia, Vivian must use her limited memory to piece together the nightmarish truth, all the while being tormented by the undead, a giant leech monster, and her ""father.""",False,en,0.1357,2026-07-07,0.0,0
1396674,Dog Day Evening,一個部門的誕生,"A hostage situation occurred at a TV station. The kidnapper K was not after money, he just wanted to terminate the monthly subscription to the TV station.",False,cn,1.6133,2026-06-13,7.833,3
1700285,Double Edge,ダブルエッジ～甦った男,,False,ja,1.0057,2026-06-27,0.0,0
1562010,Taylor Swift | The Eras Tour | The Final Show,Taylor Swift | The Eras Tour | The Final Show,"Filmed at the end of the tour in Vancouver, B.C., with the entire Tortured Poets Department set.",False,en,2.0468,2025-12-11,7.92,50
1362262,CAMP,CAMP,"Emily is the cause of two tragedies early in her life; her dad suggests she go to a Camp for troubled youth to ease her guilt. When Emily arrives, she is taken in by the other counsellors; they accept her as she is and wrap her in a veil of peace & forgiveness. Emily stands at the forefront of a new kind of life, but there’s a voice out there in the woods she can’t ignore, telling Emily to go home.",False,en,3.1641,2026-06-26,0.0,0
558449,Gladiator II,Gladiator II,"Years after witnessing the death of the revered hero Maximus at the hands of his uncle, Lucius is forced to enter the Colosseum after his home is conquered by the tyrannical Emperors who now lead Rome with an iron fist. With rage in his heart and the future of the Empire at stake, Lucius must look to his past to find strength and honor to return the glory of Rome to its people.",False,en,12.3746,2024-11-13,6.608,4501
1249589,Game of Identity,天才游戏,"The story tells the story of Liu Quan Long, a lowly born and independent struggling young man who got the opportunity to exchange his life with a boy from another class in a famous university. Unexpectedly, what was waiting for him was a thrilling game.  Liu Quan Long is an impoverished young man who can't afford to go to university but has a great talent. Before meeting Chen Lun, he was an Internet cafe administrator outside the university who would never be noticed.  Chen Lun has a distinguished family and studied at an elite university just across the street from an internet cafe, but he had no intention of going to school. In order to cope with his parents abroad, he offered Liu Quan Long an invitation to the game of ""identity exchange"" and asked Liu Quan Long to replace him.",False,zh,3.4543,2026-04-04,4.75,4
1305672,I Know Who You Are,抓特务,"On the day of the 1949 Founding Ceremony, Xiao Dali (Lei Jiayin), who has just entered the city to be reorganized as the head of the public security police station, discovers that Feng Jingbo (Hu Ge), an elementary school teacher, is suspected of being suspicious. With the high alertness of a soldier and the sense of responsibility of a public security warrior, he is hard-partnered with Feng Jingbo as a neighbor, exhausting his life through trials and tribulations, and carrying out a nearly four-decade tracking without complaint or regret. The movie is based on Zhang Ce's novel.",False,zh,10.526,2026-06-19,5.8,4
648878,Eddington,Eddington,"In May of 2020, a standoff between a small-town sheriff and mayor sparks a powder keg as neighbor is pitted against neighbor in Eddington, New Mexico.",False,en,20.103,2025-07-16,6.449,835
1545621,Detective Conan: Fallen Angel of the Highway,名探偵コナン ハイウェイの堕天使,"The 29th Detective Conan film will center on Chihaya Hagiwara, a member of the Kanagawa Prefectural Police and the leader of its motorcycle division.",False,ja,19.6108,2026-04-10,8.0,11
1522333,Carry On Jatta 4,Carry On Jatta 4,A romantic deception spirals into household chaos when a family must construct an elaborate web of lies to conceal a secret relationship.,False,pa,64.8152,2026-06-26,8.0,1
980477,Ne Zha 2,哪吒之魔童闹海,"After a catastrophic event leaves their bodies destroyed, Ne Zha and Ao Bing are granted a fragile second chance at life. As tensions rise between the dragon clans and celestial forces, the two must undergo a series of perilous trials that will test their bond, challenge their identities, and decide the fate of both mortals and immortals.",False,zh,30.3747,2025-01-29,8.159,735
1722970,The Magnificent Mendez,The Magnificent Mendez,　A Miami movie producer must confront his dark past when his long-lost love returns.,False,en,0.8194,2026-04-10,8.0,1
1724097,庄蹻演义,庄蹻演义,,False,zh,0.0,2026-07-01,0.0,0
1587964,They Fight,They Fight,"Reformed ex-convict Walt Manigan returns home to rebuild his family with the love of his life, Ketta. His path leads him to a boxing gym inside a D.C. youth recreation center about to be closed. There, he works under the wise coach Slim to mentor a group of boys to train for the junior national boxing tournament, all leading to a showdown between best friends Quincey and Peanut as they battle for a spot on the U.S. Junior Olympic Team.",False,en,1.6569,2026-06-08,1.0,1
1401459,Fjord,Fjord,"After the deaths of Mihai's parents, Mihai and Lisbeth Gheorghiu leave everything behind in Romania and move with their children to a remote village in Norway, hoping to rebuild their lives near Lisbeth's family. There, they grow close to their neighbors, the Halbergs, whose warmth offers the promise of a fresh start. But the fragile peace begins to unravel when the Gheorghius' young daughter, Elia, arrives at school covered in bruises.",False,en,5.3799,2026-06-13,8.0,1
1235746,Dead of Winter,Dead of Winter,"A widowed fisherwoman, travelling alone through snowbound northern Minnesota, interrupts the kidnapping of a teenage girl. Hours from the nearest town and with no phone service, she realizes that she is the young girl's only hope.",False,en,6.8637,2025-09-23,6.364,382
1532704,Jacked,Jacked,"In the Summer of 1987, after a perfect day at the lake, two small-town teenagers are stuck with a broken-down car and in a fight for their lives when they cross paths with a violent stalker.",False,en,0.3729,2025-09-11,0.0,0
1100782,Smile 2,Smile 2,"About to embark on a new world tour, global pop sensation Skye Riley begins experiencing increasingly terrifying and inexplicable events. Overwhelmed by the escalating horrors and the pressures of fame, Skye is forced to face her dark past to regain control of her life before it spirals out of control.",False,en,8.7607,2024-10-16,6.59,2203
1376484,Roid,রইদ,"A solitary middle aged man marries a madwoman and builds a house on a vacant plot of land far from the village. However, his wife’s madness becomes a calamity in his tranquil life.",False,bn,4.1793,2026-05-28,7.0,1
1001288,Vade Retro,Vade Retro,"Norbert, the posh conservative aristocrat vampire, must find a pure blooded woman to bite if he wants to survive and not be rejected by his parents. Sent by ship to Japan, along with his museum watchman butler, he’s shipwrecked on Boulet Rouge Island…",False,fr,2.0911,2025-12-31,5.8,2
987470,The Woman in the White Car,하얀 차를 탄 여자,"Hyun-ju, a kind-hearted small-town cop with a razor-sharp mind, is summoned by the local hospital to deal with Do-kyung, who has arrived carrying the limp body of her sister, believed to have been stabbed in a violent attack by her controlling fiancé. Hyun-ju, herself a victim of domestic abuse, is sympathetic until she finds holes in Do-kyung's statement. Her suspicions are further aroused when it transpires that the injured woman is not Do-kyung's sister and Do-kyung's real sister is missing.",False,ko,1.7632,2025-10-29,6.1,8
1315657,Yellow Letters,Gelbe Briefe,The marriage of Derya and Aziz is under pressure after losing their jobs because of state arbitrariness and moving to Istanbul to live with Aziz's parents. They and their 13-year-old daughter Ezgi have to redefine their way of life.,False,tr,2.6902,2026-03-05,7.351,37
1259983,Guru,Gourou,"Matt, a charismatic coach, captivates crowds until he spirals into a disturbing downward spiral.",False,fr,2.5224,2026-01-28,6.071,224
552524,Lilo & Stitch,Lilo & Stitch,The wildly funny and touching story of a lonely Hawaiian girl and the fugitive alien who helps to mend her broken family.,False,en,18.8418,2025-05-17,7.205,2182
1259102,Eternity,Eternity,"In an afterlife where souls have one week to decide where to spend eternity, Joan is faced with the impossible choice between the man she spent her life with and her first love, who died young and has waited decades for her to arrive.",False,en,8.5981,2025-11-10,7.075,710
1144107,The Legend of Hei 2,罗小黑战记 2,"When an attack shatters the fragile peace between the spirit world and humanity, Hei teams up with Luye, the last disciple of his Shifu Wuxian, to expose a conspiracy that threatens both realms - and the bond they've sworn to protect.",False,zh,14.7787,2025-07-18,8.5,60
1371185,Song Sung Blue,Song Sung Blue,"Based on a true story, two down-on-their-luck musicians form a joyous Neil Diamond tribute band, proving it's never too late to find love and follow your dreams.",False,en,5.2843,2025-12-15,7.389,261
1245084,Undercard,Undercard,"After abandoning her son, a female boxing trainer rises from the ashes to coach him in the biggest fight of his career.",False,en,1.0468,2026-02-27,8.0,2
1723007,锦鲤人间之如愿以偿,锦鲤人间之如愿以偿,,False,zh,0.239,2026-06-29,1.0,1
1103473,KD – The Devil,ಕೆಡಿ - ದಿ ಡೆವಿಲ್,"In the early 1970s, a petty criminal Kaali unwittingly involves himself with underworld thugs, catalyzing events beyond his control.",False,kn,55.1518,2026-04-30,7.5,2
1307384,The Fires,Eldarnir,Top volcanologist Anna Arnardóttir faces two disasters at once: a volcanic eruption that threatens the safety of the capital city and a love affair that could destroy her marriage.,False,is,1.4093,2025-09-11,6.3,6
1285951,Chapter 51,Chapter 51,"An elusive serial killer known as the Hollywood Killer turns a high-profile film production into a grisly crime scene, murdering three actresses and casting a dark shadow over the troubled project. As fear, speculation, and chaos spread behind the cameras, the production becomes forever linked to a case that shocks Hollywood and remains unresolved. Years later, former FBI agent Thomas Scott reopens the cold case, revisiting the events surrounding the murders and uncovering secrets that refuse to stay buried.",False,en,2.8604,2026-06-23,3.0,1
1079314,On the Edge,Au bord du monde,"Alexia, 25, arrives as a trainee nurse in the closed ward of a psychiatric hospital, and meets Joëlle, the head nurse, who teaches her the job. Alexia is touched by the anger of Mila, a 20-year-old patient, who thinks she has no business being there. Despite Joëlle’s warnings about keeping her distance from patients, Alexia gets close to Mila and puts all her energy into trying to get her out.",False,fr,1.3736,2025-08-13,6.8,2
1083884,Signal One,Signal One,"A computer scientist is invited by a tech billionaire to join his private facility on a Caribbean island to investigate extraterrestrial matter on Earth. When they make contact beyond our world, chaos erupts as we’re left to wonder: do they come in peace?",False,en,33.7827,2026-06-05,6.7,27
1621972,The Harpsichordist,O Cravista,"Nearing his 100th birthday, harpsichordist and conductor Roberto De Regina revisits his pioneering journey in reintroducing early classical music to Brazil. Through personal memories and artistic achievements, he reflects on the legacy he built while facing prejudice and cultural resistance. A poignant portrait of art, time, and the courage to break barriers and transform traditions.",False,pt,0.1562,2026-06-21,0.0,0
1542261,Doraemon the Movie: New Nobita and the Castle of the Undersea Devil,映画ドラえもん 新・のび太の海底鬼岩城,"Nobita and friends finds a secret underwater castle packed with mysteries and riches. With Doraemon's high-tech gadgets, they dive into an ocean adventure mixing humor, teamwork, and imagination in a breathtaking aquatic world.",False,ja,10.0151,2026-02-27,7.5,8
1396640,Once Upon a Time in a Cinema,Once Upon a Time in a Cinema,"Earl Clancy, a cinema owner on the edge, battles a series of disasters while juggling personal turmoil and the chaos of a packed Friday night crowd. Told in real time over the course of the movie playing in the cinema.",False,en,3.7518,2026-05-01,10.0,1
1159206,Father Mother Sister Brother,Father Mother Sister Brother,"Estranged siblings reunite after years apart, forced to confront unresolved tensions and reevaluate their strained relationships with their emotionally distant parents.",False,en,3.5505,2025-12-01,6.395,296
858035,Klara and the Sun,Klara and the Sun,"When Klara, an Artificial Friend who wants nothing more than to find the perfect home, meets Josie, each immediately senses a kindred spirit in the other. Josie has a fraught relationship with her mother and they've suffered great loss, but Klara's innocent wonder and unwavering loyalty begin to heal the family and bring light to Josie's complicated world.",False,en,5.3671,2026-10-21,0.0,0
1215919,My Sister's Bones,My Sister's Bones,Kate Rafter is back to home after a horrific incident in war-torn Iraq and the death of her mother. While packing up her mother's belongings she comes to believe there is something strange and terrifying happening in the house next door.,False,en,2.6658,2026-01-30,6.4,9
1497464,Gatto,Gatto,"After years of maneuvering the canal-ridden, superstitious city, a black cat named Nero begins to question whether he’s lived the right lives. Indebted to a local feline mob boss, Nero finds himself in a quandary and is forced to forge a truly unexpected friendship that may finally lead him to his purpose—unless Venice gets the better of him first.",False,en,6.6609,2027-03-03,0.0,0
964849,Nightborn,Yön lapsi,"With dreams of starting a perfect family, Saga and her British husband Jon move to the isolated house where she spent much of her childhood, deep in the Finnish forest. But as soon as their baby is born, despite the reassurance of all around her, Saga knows there's something terribly wrong. As their marriage starts to crack, Jon struggles to support his wife, but only Saga suspects the disturbing truth about her new-born.",False,fi,3.3782,2026-07-01,0.0,0
1512084,Baby Do Die Do,Baby Do Die Do,Follows a deaf and mute serial killer in Mumbai who can only hear her dead sister's voice as she commits murders for mysterious reasons.,False,hi,1.2334,2026-07-03,0.0,0
912378,Dridam,ദൃഢം,"A police officer arrives at a seemingly peaceful station but faces pressure when human remains are discovered. Given only a week to solve the murder, he must navigate demands from his department and an anxious public seeking swift justice.",False,ml,17.7182,2026-05-08,4.8,6
1705584,Anatomia do Caos,Anatomia do Caos,,False,pt,0.7808,2026-07-02,0.0,0
1363123,The Family Plan 2,The Family Plan 2,"Now that Dan's assassin days are behind him, all he wants for Christmas is quality time with his kids. But when he learns his daughter has her own plans, he books a family trip to London—putting them all in the crosshairs of an unexpected enemy.",False,en,8.6946,2025-11-11,6.534,599
847742,Drishyam 3,ദൃശ്യം 3,"To protect his family and their dark secret, Georgekutty faces an organized new threat. As walls close in and cracks widen, how much more is he willing to sacrifice ?",False,ml,15.0361,2026-05-21,7.136,11
1699970,The Welcome Table,The Welcome Table,"Tells the story of climate refugees across six continents, celebrating the voices and experiences of people living at the forefront of the climate crisis, displaced from their homes by climate disasters.",False,en,5.8266,2026-06-23,1.0,1
1034541,Terrifier 3,Terrifier 3,"Five years after surviving Art the Clown's Halloween massacre, Sienna and Jonathan are still struggling to rebuild their shattered lives. As the holiday season approaches, they try to embrace the Christmas spirit and leave the horrors of the past behind. But just when they think they're safe, Art returns, determined to turn their holiday cheer into a new nightmare. The festive season quickly unravels as Art unleashes his twisted brand of terror, proving that no holiday is safe.",False,en,12.1593,2024-10-09,6.8,1979
1049471,Outcome,Outcome,"Reef Hawk, Hollywood's poster child since age six, is not okay. When he learns about an extortion plot tied to a mysterious video, Reef preemptively sets out on a redemption tour to make amends, confront his demons, and avoid getting canceled.",False,en,8.9505,2026-04-06,5.42,219
1543151,King Kaew,กิ่งแก้ว,"After a child in her care dies, a young woman is executed for a crime she didn't commit. Now, her spirit seeks justice for her wrongful death.",False,th,48.5832,2026-01-29,2.5,2
1388338,Girlfriends,女孩不平凡,"At 17, Xin lived a simple life in Macau. She enjoyed exploring the “world” with her DV camera, understanding the value of ordinary life. However, everything changed when she met her senior schoolmate Fei, who brought a new rhythm to Xin’s life. At 22, Xin embraced a free life in Taiwan, studying journalism and living with her girlfriend, Qing. Despite seeming ordinary, her life was also marked by graduation uncertainties. Xin wanted to stay in Taiwan but faced obstacles, and returning to Macau meant confronting her family. At 34, Xin lived a busy life shuttling between Hong Kong and Macau. Anxious to break free from the curse of being an assistant director, she felt pressured by her eligible actress girlfriend, Bei, to become independent. Facing external worries and internal conflicts, Xin finally realized that embracing her true self and being carefree might be the best way to survive.",False,cn,7.0409,2025-12-18,5.5,2
1330021,Remarkably Bright Creatures,Remarkably Bright Creatures,"Through unlikely bonds formed during night shifts at a local aquarium, Tova, an elderly widow, learns of a life-changing discovery that may bring her joy and wonder once again.",False,en,28.0792,2026-05-07,8.572,684
1665399,Mother Mary,Mother Mary,"A shadow puppet music video for the song by Sally Baby's Silver Dollars, blending Creole jazz, spiritual folk imagery, and hand-cut animation.",False,en,0.2915,2026-04-10,0.0,0
1716132,NXT The Great American Bash 2026,NXT The Great American Bash 2026,"The 2026 NXT The Great American Bash, also promoted as NXT The Great American Bash: Orlando, is a professional wrestling livestreaming event produced by WWE. It is the 14th Great American Bash under the WWE banner, the seventh annual produced specifically for its developmental brand NXT, and the 28th Great American Bash event overall.",False,en,1.271,2026-06-28,6.25,4
1207162,Rise of the Conqueror,Rise of the Conqueror,"In the 14th-century, as the Silk Road crumbles and rival factions tear the land apart, fearless warrior Timur emerges from exile. Stripped of everything, he fights to unite the fractured kingdoms, using strategy and sheer will to carve an empire from chaos. Undefeated in battle and widely regarded as one of history’s greatest military leaders and tacticians, not to mention one of its most brutal, Timur would found the Timurid Empire, which ruled over modern-day Afghanistan, Iran and Central Asia.",False,en,23.8793,2026-04-09,6.2,17
350,The Devil Wears Prada,The Devil Wears Prada,"A young woman from the Midwest gets more than she bargained for when she moves to New York to become a writer and ends up as the assistant to the tyrannical, larger-than-life editor-in-chief of a major fashion magazine.",False,en,54.1276,2006-06-29,7.4,13814
1699970,The Welcome Table,The Welcome Table,"Tells the story of climate refugees across six continents, celebrating the voices and experiences of people living at the forefront of the climate crisis, displaced from their homes by climate disasters.",False,en,5.8266,2026-06-23,1.0,1
1034541,Terrifier 3,Terrifier 3,"Five years after surviving Art the Clown's Halloween massacre, Sienna and Jonathan are still struggling to rebuild their shattered lives. As the holiday season approaches, they try to embrace the Christmas spirit and leave the horrors of the past behind. But just when they think they're safe, Art returns, determined to turn their holiday cheer into a new nightmare. The festive season quickly unravels as Art unleashes his twisted brand of terror, proving that no holiday is safe.",False,en,12.1593,2024-10-09,6.8,1979
1049471,Outcome,Outcome,"Reef Hawk, Hollywood's poster child since age six, is not okay. When he learns about an extortion plot tied to a mysterious video, Reef preemptively sets out on a redemption tour to make amends, confront his demons, and avoid getting canceled.",False,en,8.9505,2026-04-06,5.42,219
1543151,King Kaew,กิ่งแก้ว,"After a child in her care dies, a young woman is executed for a crime she didn't commit. Now, her spirit seeks justice for her wrongful death.",False,th,48.5832,2026-01-29,2.5,2
1388338,Girlfriends,女孩不平凡,"At 17, Xin lived a simple life in Macau. She enjoyed exploring the “world” with her DV camera, understanding the value of ordinary life. However, everything changed when she met her senior schoolmate Fei, who brought a new rhythm to Xin’s life. At 22, Xin embraced a free life in Taiwan, studying journalism and living with her girlfriend, Qing. Despite seeming ordinary, her life was also marked by graduation uncertainties. Xin wanted to stay in Taiwan but faced obstacles, and returning to Macau meant confronting her family. At 34, Xin lived a busy life shuttling between Hong Kong and Macau. Anxious to break free from the curse of being an assistant director, she felt pressured by her eligible actress girlfriend, Bei, to become independent. Facing external worries and internal conflicts, Xin finally realized that embracing her true self and being carefree might be the best way to survive.",False,cn,7.0409,2025-12-18,5.5,2
1330021,Remarkably Bright Creatures,Remarkably Bright Creatures,"Through unlikely bonds formed during night shifts at a local aquarium, Tova, an elderly widow, learns of a life-changing discovery that may bring her joy and wonder once again.",False,en,28.0792,2026-05-07,8.572,684
1665399,Mother Mary,Mother Mary,"A shadow puppet music video for the song by Sally Baby's Silver Dollars, blending Creole jazz, spiritual folk imagery, and hand-cut animation.",False,en,0.2915,2026-04-10,0.0,0
1716132,NXT The Great American Bash 2026,NXT The Great American Bash 2026,"The 2026 NXT The Great American Bash, also promoted as NXT The Great American Bash: Orlando, is a professional wrestling livestreaming event produced by WWE. It is the 14th Great American Bash under the WWE banner, the seventh annual produced specifically for its developmental brand NXT, and the 28th Great American Bash event overall.",False,en,1.271,2026-06-28,6.25,4
1207162,Rise of the Conqueror,Rise of the Conqueror,"In the 14th-century, as the Silk Road crumbles and rival factions tear the land apart, fearless warrior Timur emerges from exile. Stripped of everything, he fights to unite the fractured kingdoms, using strategy and sheer will to carve an empire from chaos. Undefeated in battle and widely regarded as one of history’s greatest military leaders and tacticians, not to mention one of its most brutal, Timur would found the Timurid Empire, which ruled over modern-day Afghanistan, Iran and Central Asia.",False,en,23.8793,2026-04-09,6.2,17
1250512,The Voices of Our Mother,The Voices of Our Mother,"When a family matriarch falls seriously ill, relatives gather and discover their shared ancestral ties bind them in unexpected ways.",False,en,1.9538,2026-06-05,6.6,4
1198439,Easy Girl,Smalltown Girl,"Spending every evening in a new and mysterious stranger’s bed, capricious transient Nore agrees to move into a spare room eagerly offered to her by Jonna, a reserved medical student. Against the odds, this unlikely pair finds solace in each other and fall into an intoxicating pattern of partying hard at night with the local men vying for their attention. As their relationship intensifies, Nore’s troubled past comes to light and threatens to dismantle the blissfully ignorant, inexplicably jubilant lifestyle they’ve built together in this “candy-colored, flamboyant and deeply personal film.” (Variety)",False,de,0.72,2026-01-15,6.0,4
875828,Peaky Blinders: The Immortal Man,Peaky Blinders: The Immortal Man,"After his estranged son gets embroiled in a Nazi plot, self-exiled gangster Tommy Shelby must return to Birmingham to save his family — and his nation.",False,en,18.1762,2026-03-05,7.242,1048
1217602,London Calling,London Calling,"After fleeing the UK from a job gone wrong, a down on his luck hitman is forced to babysit the son of his new crime boss and show him how to become a man.",False,en,3.3381,2025-09-18,6.593,123
1226699,The Wrong Girls,The Wrong Girls,"Two aimless young women inadvertently gain telepathic abilities after ingesting an experimental drug, pitting them against dangerous rivals pursuing the same powerful substance.",False,en,1.7408,2026-08-14,0.0,0
1432474,Nimrods,Nimrods,"Three friends journey from Kansas City to Los Angeles, mistakenly believing that their band is opening for Green Day on New Year’s Eve.",False,en,3.0548,2026-08-14,0.0,0
718821,Twisters,Twisters,"As storm season intensifies, the paths of former storm chaser Kate Carter and reckless social-media superstar Tyler Owens collide when terrifying phenomena never seen before are unleashed. The pair and their competing teams find themselves squarely in the paths of multiple storm systems converging over central Oklahoma in the fight of their lives.",False,en,7.4049,2024-07-10,6.8,3023
1442396,Nagabandham - The Secret Treasure,నాగబంధం,"A chosen warrior protects a mystical, serpent-bound Himalayan temple from those seeking to steal the power of the Brahma Kamalam, a divine relic.",False,te,3.9479,2026-07-02,0.0,0
1291375,Virginia Woolf's Night & Day,Virginia Woolf's Night & Day,"In 1910 London, independent-minded Katharine Hilbery defies her family's expectations of marriage to pursue a career in astronomy. But when her father pressures her into an unwanted engagement, her resolve is tested. Through new friendships—including a bold suffragette and a thoughtful editor—Katharine begins to question the limits placed on her by society, love, and tradition, ultimately searching for a path that is truly her own.",False,en,2.5969,2026-06-19,6.0,1
1705946,Never Shut Up,寰宇龍虎豹,,False,zh,0.253,2026-06-26,0.0,0
1630409,The Debt Collector,คนเดือดทวงแค้น,"Haunted by guilt after prison, a former debt collector races against a terminal illness, returning to his old world to avenge loan shark victims.",False,th,1.6654,2026-07-23,0.0,0
989246,The Songbirds' Secret,Le Secret des mésanges,"When 9-year-old Lucie arrives at Bectoile for the vacations, she has no idea of the adventures ahead. Her mother, Caroline, is leading an archaeological dig in the region with her colleague Pierrot. Bectoile is also the town where Caroline grew up, and the scene of a family secret... which Lucie is about to unveil! With the help of her new friend Yann and a very special pair of songbirds, Lucie is determined to delve into her family story. From the underground of a ruined castle to a camper van parked on the edge of the woods, this adventure will lead them from unusual surprises to fabulous discoveries!",False,fr,1.1861,2025-10-22,5.5,4
1542267,A Crime Story,A Crime Story,"A group of misfits employed at a rundown motel stumble upon a drug trafficking operation orchestrated by a powerful crime syndicate, thrusting them into a perilous situation.",False,en,0.6607,2026-06-30,0.0,0
1519340,Jangan Buang Ibu,Jangan Buang Ibu,"Ristiana, a single mother, struggles to raise her three children after her husband left her with significant debt. Her decisions strain her relationship with her children. Despite the distance and longing, her three children remain devoted to their mother and strive to repair their relationship before it's too late.",False,id,3.1908,2026-06-25,6.5,2
1484913,Ikka,Ikka,"With a loved one's life at stake, a celebrated lawyer must defend a man he suspects is guilty — battling his conscience every step of the way.",False,hi,1.0874,2026-07-10,0.0,0
1327862,Regretting You,Regretting You,"Morgan Grant and her daughter Clara explore what's left behind after a devastating accident reveals a shocking betrayal and forces them to confront family secrets, redefine love, and rediscover each other.",False,en,11.2025,2025-10-22,7.015,440
1275412,蛇神大人慰安祭,蛇神大人慰安祭,,False,zh,0.9211,,0.0,0
1014505,OVERLORD: The Sacred Kingdom,劇場版「オーバーロード」聖王国編,"Facing possible annihilation by the Demon Emperor's demi-human army, the Sacred Kingdom reluctantly seeks aid from the feared, undead Sorcerer King Ainz.",False,ja,5.9341,2024-09-20,7.918,194
1693442,Monay,Monay,"Mona, a desperate woman fighting to save the bakery she shares with her younger sister, Monina. When a wealthy businessman offers financial help in exchange for a risky arrangement, Mona must risk love, family, and herself.",False,tl,4.5917,2026-05-22,0.0,0
1280015,Sunny Dancer,Sunny Dancer,"Ivy is a teenager in remission from cancer, whose mum and dad insist she attend Children Run Free Camp, a summer retreat for young adults affected by cancer. However, as Ivy is reluctantly dragged through camp experience, she discovers new feelings with new friends.",False,en,1.9891,2026-08-13,0.0,0
1476614,All of a Sudden,急に具合が悪くなる,"Marie-Lou Fontaine, director of a nursing home in the Paris suburbs, defies convention by adopting the 'Humanitude' method despite her team’s resistance. Her encounter with Mari Morisaki, a terminally ill Japanese playwright, transforms her life. Together, they turn the facility into a symbol of resistance and humanity against the system’s limits.",False,ja,4.6307,2026-06-19,10.0,1
1187326,Tad and The Magic Lamp,Tadeo Jones y La Lámpara Maravillosa,"Tadeo, his girlfriend Sara, and his friends Momia, Jeff, and Belzoni embark on an adventure after Tadeo accidentally unleashes an ancient spell.",False,es,2.5015,2026-08-26,0.0,0
1325866,Escape from the Outland,Yong Wu Zhi Di,"The couple of Ma Xiao, a foreign correspondent, and Pan Wenjia, a volunteer doctor, accompanied engineer Miao Feng on a trip to the suburbs to repair a base station. During the trip, the local situation suddenly changed and the three were kidnapped by an extremist organisation. While in prison, they met Zhou Weijie, an overseas Chinese businessman. In order to find a chance of survival, they embarked on a journey of escape in the midst of barbaric warfare and chaos.",False,zh,2.3746,2025-12-24,6.8,14
1294203,My Fault: London,My Fault: London,"18-year-old Noah moves from America to London, with her mother who's recently fallen in love with William, a wealthy British businessman. Noah meets William’s son, bad-boy Nick, and soon discovers there is an attraction between them neither can avoid. As Noah spends the summer adjusting to her new life, her devastating past will catch up with her while falling in love for the first time.",False,en,29.3439,2025-02-12,7.381,592
1315702,The Residence,Dalloway,"In the near future, during a health crisis, novelist Clarissa Katsef visits the Ludovico Foundation housing complex in search of inspiration. With the help of her AI assistant Dalloway, she finds fresh inspiration as she immerses herself in her writing.",False,fr,3.3386,2025-09-17,6.3,85
1698874,New Toy Story,New Toy Story,"When a new action figure accidentally knocks a princess doll over the backyard fence, a group of mismatched toys must work together to bring her home before dark.",False,en,1.5337,2026-06-12,1.0,3
1541560,Stop! That! Train!,Stop! That! Train!,"Best friends and train stewardesses Tess and DeeDee trade their dreary shifts on the Stank Rail for the glitzy Glamazonian Express. However, when a catastrophic Stormaganza threatens to crash the high-speed train into Celebration, Florida, the duo in coach must join forces with the snobby first-class attendants, a hot but dimwitted co-conductor, and fabulous US President Judy Gagwell to save the day.",False,en,5.1896,2026-06-12,5.3,11
1694978,Chum,Chum,"A newlywed couple joins friends on a Mediterranean yacht excursion, only to find themselves caught between a predatory shark and a psychopathic killer in their midst-transforming a sun-drenched escape into a fight for survival.",False,en,62.5744,2026-05-27,5.05,20
639988,No Other Choice,어쩔수가없다,"After being laid off and humiliated by a ruthless job market, a veteran paper mill manager descends into violence in a desperate bid to reclaim his dignity.",False,ko,10.4448,2025-09-24,7.505,1124
1549519,Sex Trip,Sex Trip,"On a final trip after college graduation, five friends go on a hiking trip and discover a mystical cave that unleashes forbidden desires within them, igniting a night of uninhibited passion, partner-swapping, and raw sexual exploration leaving them forever changed.",False,tl,16.6879,2026-02-20,6.0,4
1478117,Pickleball Pete,Pickleball Pete,A washed-up tennis player enters a Palm Beach pickleball tournament in order to save his hometown courts from being torn down for a corporate office complex.,False,en,3.1125,2026-05-22,6.0,3
1280015,Sunny Dancer,Sunny Dancer,"Ivy is a teenager in remission from cancer, whose mum and dad insist she attend Children Run Free Camp, a summer retreat for young adults affected by cancer. However, as Ivy is reluctantly dragged through camp experience, she discovers new feelings with new friends.",False,en,1.9891,2026-08-13,0.0,0
1476614,All of a Sudden,急に具合が悪くなる,"Marie-Lou Fontaine, director of a nursing home in the Paris suburbs, defies convention by adopting the 'Humanitude' method despite her team’s resistance. Her encounter with Mari Morisaki, a terminally ill Japanese playwright, transforms her life. Together, they turn the facility into a symbol of resistance and humanity against the system’s limits.",False,ja,4.6307,2026-06-19,10.0,1
1187326,Tad and The Magic Lamp,Tadeo Jones y La Lámpara Maravillosa,"Tadeo, his girlfriend Sara, and his friends Momia, Jeff, and Belzoni embark on an adventure after Tadeo accidentally unleashes an ancient spell.",False,es,2.5015,2026-08-26,0.0,0
1325866,Escape from the Outland,Yong Wu Zhi Di,"The couple of Ma Xiao, a foreign correspondent, and Pan Wenjia, a volunteer doctor, accompanied engineer Miao Feng on a trip to the suburbs to repair a base station. During the trip, the local situation suddenly changed and the three were kidnapped by an extremist organisation. While in prison, they met Zhou Weijie, an overseas Chinese businessman. In order to find a chance of survival, they embarked on a journey of escape in the midst of barbaric warfare and chaos.",False,zh,2.3746,2025-12-24,6.8,14
1294203,My Fault: London,My Fault: London,"18-year-old Noah moves from America to London, with her mother who's recently fallen in love with William, a wealthy British businessman. Noah meets William’s son, bad-boy Nick, and soon discovers there is an attraction between them neither can avoid. As Noah spends the summer adjusting to her new life, her devastating past will catch up with her while falling in love for the first time.",False,en,29.3439,2025-02-12,7.381,592
1315702,The Residence,Dalloway,"In the near future, during a health crisis, novelist Clarissa Katsef visits the Ludovico Foundation housing complex in search of inspiration. With the help of her AI assistant Dalloway, she finds fresh inspiration as she immerses herself in her writing.",False,fr,3.3386,2025-09-17,6.3,85
1698874,New Toy Story,New Toy Story,"When a new action figure accidentally knocks a princess doll over the backyard fence, a group of mismatched toys must work together to bring her home before dark.",False,en,1.5337,2026-06-12,1.0,3
1541560,Stop! That! Train!,Stop! That! Train!,"Best friends and train stewardesses Tess and DeeDee trade their dreary shifts on the Stank Rail for the glitzy Glamazonian Express. However, when a catastrophic Stormaganza threatens to crash the high-speed train into Celebration, Florida, the duo in coach must join forces with the snobby first-class attendants, a hot but dimwitted co-conductor, and fabulous US President Judy Gagwell to save the day.",False,en,5.1896,2026-06-12,5.3,11
1107166,Psycho Killer,Psycho Killer,"Following the brutal murder of her husband, a Kansas highway patrol officer sets out on a journey to track down the perpetrator. As the hunt progresses, she comes to realize the man responsible is a sadistic serial killer, and the depth of his mental depravity and his sinister agenda is more twisted than anyone could have imagined.",False,en,7.1683,2026-02-19,6.451,122
1694978,Chum,Chum,"A newlywed couple joins friends on a Mediterranean yacht excursion, only to find themselves caught between a predatory shark and a psychopathic killer in their midst-transforming a sun-drenched escape into a fight for survival.",False,en,62.5744,2026-05-27,5.05,20
639988,No Other Choice,어쩔수가없다,"After being laid off and humiliated by a ruthless job market, a veteran paper mill manager descends into violence in a desperate bid to reclaim his dignity.",False,ko,10.4448,2025-09-24,7.505,1124
1478117,Pickleball Pete,Pickleball Pete,A washed-up tennis player enters a Palm Beach pickleball tournament in order to save his hometown courts from being torn down for a corporate office complex.,False,en,3.1125,2026-05-22,6.0,3
1707914,Detective Chen 2,卧底神探,"In 1930s Shanghai, a wrongly accused hero escapes death row and unravels a deadly conspiracy, battling enemies and uncovering a foreign plot that threatens his nation.",False,zh,2.3491,2026-06-06,4.0,3
1517123,On the Road,En el camino,"Veneno, a rebellious young drifter, frequents roadside diners where he sleeps with truck drivers. Urgently needing a ride, he meets Muñeco, a hard-edged driver who keeps to himself. He convinces Muñeco to take him deep into the hyper-masculine world of long-haul trucking across the north of Mexico. As they travel together and an unexpected intimacy builds between them, shadows from Veneno’s past resurface, putting both their lives at risk.",False,es,0.969,2026-06-03,6.0,1
1546855,It's OK,我，许可,"Daughter Xu Ke wants to have surgery to remove the polyp from her uterus during the vacation, while her mother Hu Chunrong also plans to run away from home to escape the long-standing problems in her marriage. As the two, who both love and hurt each other, resolve to face their respective predicaments, they unexpectedly find forgiveness for each other’s fragility and imperfection in a sudden, unforeseen moment.",False,zh,3.2002,2026-03-21,6.5,12
799882,The Bluff,The Bluff,"When her tranquil life on a remote island is shattered by the return of her vengeful former captain, a skilled ex-pirate must confront her bloody past and unleash her deadly talents to save her family from a ruthless siege.",False,en,5.9843,2026-02-17,6.818,154
1129104,Flavia,Flavia,"The adventures of 11-year-old Flavia de Luce, who is both an amateur detective and a master poisoner. When she discovers a dead body in her family’s decaying British manor house and her father is accused of the murder, Flavia launches her own investigation to uncover family secrets and bring the true murderer to justice.",False,en,10.4046,2026-04-12,6.2,6
1057265,Peddi,పెద్ది,"In 1980s rural Andhra Pradesh, a spirited villager unites his community through sports to defend their pride against a powerful rivals.",False,te,56.0442,2026-06-03,6.1,53
1584397,Nameless,名無し,"The story begins with an indiscriminate slaughter at a cafe frequented by young people. Security camera footage shows an unarmed man with shaven head, able to seemingly kill people with a simple touch. Police investigation leads to the suspected identity of the murderer: middle-aged man named Tarō Yamada. When the police conduct a search of his apartment, they find the rotting corpse of a woman.  Adapted from Sato Jiro's own debut manga.",False,ja,0.7089,2026-05-22,0.0,0
698687,Transformers One,Transformers One,"The untold origin story of Optimus Prime and Megatron, better known as sworn enemies, but once were friends bonded like brothers who changed the fate of Cybertron forever.",False,en,9.4025,2024-09-11,7.969,1653
1374462,A Woman Called Mother,Dia Bukan Ibu,"After her father’s death, Vira’s mother has a mental breakdown. To start fresh, the family moves to a new city and opens a hair salon together. While the family attempts to adjust to their new lives, Vira’s mother, Yanti, begins exhibiting strange, violent behavior reminiscent of her mental breakdown and becomes particularly preoccupied with her son’s sex life. Vira begins to investigate the strange occurrences and discovers that a dangerous ritual and a demonic possession are just the tip of the iceberg.",False,id,2.7076,2025-09-25,6.769,13
1628367,Kartavya,कर्त्तव्य,"With his family's safety at stake and menacing threats closing in, a police officer must decide how far he'll go to uphold his duty.",False,hi,10.3165,2026-05-15,6.675,20
1235304,Colours of Time,La Venue de l'avenir,"United by the unexpected inheritance of a house in Normandy, four estranged cousins discover their family history by retracing their ancestor's steps.",False,fr,2.1158,2025-05-22,7.4,259
1620034,"Marty, Life Is Short","Marty, Life Is Short","Martin Short looks back on a life fueled by joy in this documentary with classic clips, fresh interviews and star-studded, never-before-seen home movies.",False,en,3.5004,2026-05-11,8.068,22
917496,Beetlejuice Beetlejuice,Beetlejuice Beetlejuice,"After a family tragedy, three generations of the Deetz family return home to Winter River. Still haunted by Betelgeuse, Lydia's life is turned upside down when her teenage daughter, Astrid, accidentally opens the portal to the Afterlife.",False,en,8.311,2024-09-04,6.932,3154
1399525,Rose of Nevada,Rose of Nevada,"A mysterious boat returns to a village 30 years after vanishing. Two men join its crew hoping for better fortune. After one voyage, they find themselves transported back in time, mistaken for the original crew.",False,en,1.9916,2026-04-24,6.4,7
1510769,29,29,"A quirky 29-year-old named Sathya embarks on an unexpected journey of laughter, unlikely friendships, and self-discovery. Through hilarious misadventures and chance encounters, he slowly sees life's bigger picture - its surprises, joys, and second chances.",False,ta,4.7179,2026-05-08,6.9,7
1379486,Victorian Psycho,Victorian Psycho,"In 1858, an eccentric young governess named Winifred Notty arrives at the remote gothic manor known as Ensor House. As Winifred assimilates into life at Ensor House, staff members begin to inexplicably disappear, and the owners of the estate begin to wonder if there is something amiss about their new governess.",False,en,2.1775,2026-09-24,0.0,0
1422120,Mermaid,Mermaid,"A Percocet-addicted 'Florida Man' finds a wounded mermaid at his lowest point. Fascination becomes a drug-infused, one-sided relationship—sending him further into decline. When word spreads about his secret, he’ll stop at nothing to protect her.",False,en,2.8248,2026-04-08,5.7,6
1530510,Mexico 86,México 86,"When a last-minute chance to host the 1986 World Cup appears, a cunning Mexican bureaucrat, armed with nothing but guts and audacity, cons his way through FIFA to beat the United States, but in a country of power games, every victory has a price.",False,es,21.7471,2026-05-21,7.674,92
1426968,The Gentleman,Ya no quedan junglas,"Aging ex-soldier Theo meets weekly with prostitute Olga to reminisce. After Olga's murder, Theo seeks bloody revenge, attracting attention of alcoholic cop Iborra and hitman Herodes.",False,es,5.8252,2025-09-26,6.25,52
1182047,The Apprentice,The Apprentice,"A young Donald Trump, eager to make his name as a hungry scion of a wealthy family in 1970s New York, comes under the spell of Roy Cohn, the cutthroat attorney who would help create the Donald Trump we know today. Cohn sees in Trump the perfect protégé—someone with raw ambition, a hunger for success, and a willingness to do whatever it takes to win.",False,en,4.6056,2024-10-09,6.85,985
1416316,Down,Вниз,"Marina and Anton, instead of leaving for the Maldives for their honeymoon, find themselves in an elevator stuck on the 12th floor of a high-rise building, along with a strange man in the form of a security guard who set up the breakdown of the elevator, longs for fair revenge and arranges a bloody fight over the guys reprisal.",False,ru,1.4191,2025-09-04,2.0,1
1130948,Rosebush Pruning,Rosebush Pruning,"In a Spanish villa, American siblings Jack, Ed, Anna and Robert wallow in isolation and their inherited fortune. When Jack wants to move in with his girlfriend and Ed uncovers the truth about their mother’s death, the fabric of the family begins to unravel.",False,en,6.3453,2026-04-23,7.4,5
1117898,The Cat in the Hat,The Cat in the Hat,"Doing what he does best, the Cat spreads joy to kids in his hilarious, signature, and singularly irreverent way, transporting them and audiences on a fantastical journey through a world they've never seen before. Our hero takes on his toughest assignment yet for the I.I.I.I. (Institute for the Institution of Imagination and Inspiration, LLC) to cheer up Gabby and Sebastian, a pair of siblings struggling to move to a new town. Known for taking things too far, this could be this agent of chaos' last chance to prove himself...or lose his magical hat!",False,en,31.1194,2026-11-05,0.0,0
1517868,Maddie's Secret,Maddie's Secret,"Maddie is a plucky dishwasher who leaps to viral superstardom at a trendy food content creation company. While her life seems picturesque — complete with an adoring husband, ride-or-die best friend and a cupboard full of woman-owned ethically-sourced chili crisp to boot — mounting professional pressures threaten to reawaken a hidden secret from her troubled past.",False,en,1.851,2026-06-19,0.0,0
842924,The Life of Chuck,The Life of Chuck,"In this extraordinary story of an ordinary man, Charles 'Chuck' Krantz experiences the wonder of love, the heartbreak of loss, and the multitudes contained in all of us.",False,en,5.5955,2025-06-02,7.288,1144
1418582,Here The Whole Time,Quinze Dias,"An insecure teenager's vacation plans are ruined by an unexpected visitor: his neighbor and school crush who will spend two weeks sleeping at his house. The days that promised peace, tranquility and epic series marathons end up bringing a whirlwind of feelings and unresolved issues.",False,pt,1.3938,2026-06-18,8.333,3
1422096,Good Boy,Good Boy,"A loyal dog moves to a rural family home with his owner Todd, only to discover supernatural forces lurking in the shadows. As dark entities threaten his human companion, the brave pup must fight to protect the one he loves most.",False,en,6.8316,2025-10-01,6.643,649
1379266,Kokuho,国宝,"Nagasaki, 1964: Following the death of his Yakuza father, 15-year-old Kikuo is taken under the wings of a famous Kabuki actor. Alongside Shunsuke, the actor’s only son, he decides to dedicate himself to this traditional form of theatre. For decades, the two young men grow and evolve together – and one will become the greatest Japanese master of the art of Kabuki.",False,ja,4.2535,2025-06-06,7.883,81
1141970,Morte Cucina,ครัวสาว,"Sao, a talented cook, accidentally meets the man who took advantage of her in the past. She sets her revenge plan in motion using her cooking skill to achieve a rather unexpected result.",False,th,1.213,2026-07-02,0.0,0
1087192,How to Train Your Dragon,How to Train Your Dragon,"On the rugged isle of Berk, where Vikings and dragons have been bitter enemies for generations, Hiccup stands apart, defying centuries of tradition when he befriends Toothless, a feared Night Fury dragon. Their unlikely bond reveals the true nature of dragons, challenging the very foundations of Viking society.",False,en,24.9442,2025-06-06,7.932,2902
855435,Faces of Death,Faces of Death,"A woman, employed as a website content moderator, comes across a series of violent videos reproducing death scenes from a film.",False,en,8.6193,2026-04-10,5.5,92
1391239,The Debut,The Debut,"When Mona Friedman is cast in a bit part at a small community theater, she transforms from a shy, unassuming housewife into a zealous method actor willing to do anything to protect the artistic integrity of her marginal role—even if it means waging war against the show’s domineering director.",False,en,5.6145,2026-12-03,0.0,0
1213898,Border 2,बॉर्डर २,"Three idealistic soldiers in the Indian army, navy and air force face grueling combat conditions in this film set during the 1971 Indo-Pak war.",False,hi,12.4659,2026-01-23,7.111,27
539972,Kraven the Hunter,Kraven the Hunter,"Kraven Kravinoff's complex relationship with his ruthless gangster father, Nikolai, starts him down a path of vengeance with brutal consequences, motivating him to become not only the greatest hunter in the world, but also one of its most feared.",False,en,27.0633,2024-12-11,6.438,2369
1272586,Battle of Oslo,Blücher,"April 9th, 1940, Norway is under siege. As German warships close in on Oslo, Colonel Birger Eriksen, commander of the undermanned Oscarsborg Fortress, makes a bold decision that changes the course of history.",False,no,4.977,2025-09-26,6.7,25
1303331,Dhamaal 4,धमाल 4,"The Dhamaal boys are back for another treasure hunt, facing hilarious challenges in their quest for the Treasure of Life.",False,hi,5.0903,2026-07-10,0.0,0
1482938,Union County,Union County,"Assigned to a county-mandated drug court program, Cody Parsons embarks on the tenuous journey toward recovery amid the opioid epidemic in rural Ohio.",False,en,2.6233,2026-08-14,0.0,0
1367220,Karuppu,கருப்பு,"In a world where justice falters, guardian deity Vettai Karuppu takes the guise of a lawyer to battle a corrupt legal system preying on the powerless.",False,ta,62.7116,2026-05-14,6.6,21
1706197,Scandal Queen,Scandal Queen,"An erotic thriller about Mara, a woman who seduces celebrities and influencers to secretly film and blackmail them for money. But when love enters the picture, her dangerous scheme begins to fall apart.",False,tl,21.6561,2026-06-05,7.5,2
1256189,Un Château en Espagne,Un Château en Espagne,,False,fr,1.3937,2026-01-10,6.0,1
1400756,"Mad Bills to Pay (or Destiny, dile que no soy malo)","Mad Bills to Pay (or Destiny, dile que no soy malo)","Rico’s summer is a mix of chasing girls and hustling homemade cocktails out of a cooler on Orchard Beach, the Bronx. But when Destiny, his teenage girlfriend, crashes at his place with his family, it’s only a matter of time before his carefree days come spiraling down.",False,en,1.1269,2026-04-17,6.0,1
1384758,Ice Age: Boiling Point,Ice Age: Boiling Point,"A madcap adventure filled with dinosaurs and lava that takes Manny, Sid, Diego, Ellie, Scrat and the herd through the uncharted regions of the dangerous Lost World.",False,en,7.5378,2027-02-03,0.0,0
1307373,Wasteman,Wasteman,"Taylor's hopes for a fresh start post-parole are jeopardised by cellmate Dee's arrival. As Dee takes Taylor under his wing, a vicious attack tests their bond, forcing Taylor to choose between protecting Dee and his own chances at freedom.",False,en,7.3616,2026-02-20,7.212,59
1195506,Novocaine,Novocaine,"When the girl of his dreams is kidnapped, everyman Nate turns his inability to feel pain into an unexpected strength in his fight to get her back.",False,en,6.0767,2025-03-03,6.781,1632
957452,The Crow,The Crow,"Soulmates Eric and Shelly are brutally murdered when the demons of her dark past catch up with them. Given the chance to save his true love by sacrificing himself, Eric sets out to seek merciless revenge on their killers, traversing the worlds of the living and the dead to put the wrong things right.",False,en,5.2883,2024-08-21,5.786,1291
683205,The Legend Hunters,寻龙诀：觅踪,The story follows the team as they try to raid a tomb made by master tomb raiders. It is set partially in Russia and will involve scenes at Catherine Palace in St. Petersburg.,False,zh,2.4778,2026-05-28,0.0,0
1493859,Pizza Movie,Pizza Movie,"A group of college students go downstairs to their dorm lobby to get a delivery pizza. There's only one issue: They're insanely high on a homemade drug, turning their simple journey down two sets of stairs into a mind-bendingly transformative quest.",False,en,12.3366,2026-03-13,6.402,122
1636891,Mexicali,Mexicali,A former special forces contractor is forced out of retirement as an avocado farmer in Mexico when local gangsters try to force him and his family off their farm.,False,en,7.4469,2026-03-13,7.696,46
1400756,"Mad Bills to Pay (or Destiny, dile que no soy malo)","Mad Bills to Pay (or Destiny, dile que no soy malo)","Rico’s summer is a mix of chasing girls and hustling homemade cocktails out of a cooler on Orchard Beach, the Bronx. But when Destiny, his teenage girlfriend, crashes at his place with his family, it’s only a matter of time before his carefree days come spiraling down.",False,en,1.1269,2026-04-17,6.0,1
1307373,Wasteman,Wasteman,"Taylor's hopes for a fresh start post-parole are jeopardised by cellmate Dee's arrival. As Dee takes Taylor under his wing, a vicious attack tests their bond, forcing Taylor to choose between protecting Dee and his own chances at freedom.",False,en,7.3616,2026-02-20,7.212,59
1195506,Novocaine,Novocaine,"When the girl of his dreams is kidnapped, everyman Nate turns his inability to feel pain into an unexpected strength in his fight to get her back.",False,en,6.0767,2025-03-03,6.781,1632
957452,The Crow,The Crow,"Soulmates Eric and Shelly are brutally murdered when the demons of her dark past catch up with them. Given the chance to save his true love by sacrificing himself, Eric sets out to seek merciless revenge on their killers, traversing the worlds of the living and the dead to put the wrong things right.",False,en,5.2883,2024-08-21,5.786,1291
683205,The Legend Hunters,寻龙诀：觅踪,The story follows the team as they try to raid a tomb made by master tomb raiders. It is set partially in Russia and will involve scenes at Catherine Palace in St. Petersburg.,False,zh,2.4778,2026-05-28,0.0,0
1493859,Pizza Movie,Pizza Movie,"A group of college students go downstairs to their dorm lobby to get a delivery pizza. There's only one issue: They're insanely high on a homemade drug, turning their simple journey down two sets of stairs into a mind-bendingly transformative quest.",False,en,12.3366,2026-03-13,6.402,122
1636891,Mexicali,Mexicali,A former special forces contractor is forced out of retirement as an avocado farmer in Mexico when local gangsters try to force him and his family off their farm.,False,en,7.4469,2026-03-13,7.696,46
1286491,Jimpa,Jimpa,"Hannah and her non-binary teenager Frances visit her gay grandfather Jimpa in Amsterdam. Frances expresses a desire to stay with their grandfather for a year, challenging Hannah's parenting beliefs and forcing her to confront past issues.",False,en,1.9916,2026-02-06,8.125,4
575265,Mission: Impossible - The Final Reckoning,Mission: Impossible - The Final Reckoning,"Ethan Hunt and team continue their search for the terrifying AI known as the Entity — which has infiltrated intelligence networks all over the globe — with the world's governments and a mysterious ghost from Hunt's past on their trail. Joined by new allies and armed with the means to shut the Entity down for good, Hunt is in a race against time to prevent the world as we know it from changing forever.",False,en,39.7251,2025-05-17,7.171,2895
507244,Afterburn,Afterburn,"Set against the backdrop of a postapocalyptic Earth whose Eastern Hemisphere was destroyed by a massive solar flare, leaving what life remains mutated from radiation and fallout. The story revolves around a group of treasure hunters who extract such objects as the Mona Lisa, the Rosetta Stone and the Crown Jewels while facing rival hunters, mutants and pirates.",False,en,5.205,2025-08-20,6.248,309
1469857,Hokusai's Daughter,おーい、応為,"The life of Katsushika Oi, daughter of Hokusai and a trailblazing female artist in Japan.",False,ja,2.4772,2025-10-17,7.917,6
1337055,Perfectly Imperfect,Perfectly Imperfect,"Jake, a by the numbers single dad, sets off on a cruise with his quirky family and his childhood friend Reuben. Onboard, he unexpectedly crosses paths with Meg, a woman he once had an awkward date with on the mainland. As they get a second chance to connect, Jake and Meg discover that while neither of them is perfect, they might actually be perfectly imperfect for each other.",False,en,0.6858,,0.0,0
1073973,Dead Lover,Dead Lover,"A lonely gravedigger who stinks of corpses finally meets her dream man, but their whirlwind affair is cut short when he tragically drowns at sea. Grief-stricken, she goes to morbid lengths to resurrect him through madcap scientific experiments, resulting in grave consequences and unlikely love.",False,en,2.1215,2026-03-18,4.5,8
339849,Not Without Hope,Not Without Hope,A group of friends' fishing boat capsizes off the coast of Mexico and they're left alone stranded at sea and struggling for survival.,False,en,1.6802,2025-12-04,6.12,83
938150,Wardriver,Wardriver,"He’s a Wardriver: a hacker who steals from banks, not people—until he’s noticed. Now the money turns violent, and the woman caught in it could save him or kill them both.",False,en,4.4995,2026-03-04,7.304,79
1608055,Balas Budi,Balas Budi,"Budi seems like the ideal man. However, when his cover is blown, the four women who were his victims decide not to remain silent. They transform into a professional team. With a secret headquarters full of strategies, they devise a master plan to teach Budi a lesson.",False,id,4.0104,2026-02-05,7.0,2
1226578,Longlegs,Longlegs,"FBI Agent Lee Harker is a gifted new recruit assigned to the unsolved case of an elusive serial killer. As the case takes complex turns, unearthing evidence of the occult, Harker discovers a personal connection to the merciless killer and must race against time to stop him before he claims the lives of another innocent family.",False,en,7.0263,2024-07-10,6.522,2701
1437696,Fatherland,Fatherland,"In 1949, German writer Thomas Mann and his daughter Erika embark on a road trip across a Germany in ruins, from US-dominated Frankfurt to Soviet-controlled Weimar.",False,en,4.6633,2026-06-19,7.0,1
891621,Wild Horse Nine,Wild Horse Nine,"Shortly before the 1973 Chilean coup, CIA agents Chris and Lee are dispatched from Santiago to Easter Island by their bureau chief, MJ. Amongst the Island's iconic statues, and as the longtime partners wrestle with their dark pasts and present conspiracies, Chris's newfound bond with a pair of rebellious students threatens to send everyone’s trip to this remote paradise sideways.",False,en,2.7684,2026-11-04,0.0,0
1540365,Hippo's Revenge,Hippo's Revenge,"A father and daughter prepare to open their Safari Rescue in England, featuring a mother hippo and her calf. But when a ruthless criminal plots to steal them under the cover of night, chaos erupts.",False,en,32.5268,2025-09-05,1.0,1
1073973,Dead Lover,Dead Lover,"A lonely gravedigger who stinks of corpses finally meets her dream man, but their whirlwind affair is cut short when he tragically drowns at sea. Grief-stricken, she goes to morbid lengths to resurrect him through madcap scientific experiments, resulting in grave consequences and unlikely love.",False,en,2.1215,2026-03-18,4.5,8
339849,Not Without Hope,Not Without Hope,A group of friends' fishing boat capsizes off the coast of Mexico and they're left alone stranded at sea and struggling for survival.,False,en,1.6802,2025-12-04,6.12,83
938150,Wardriver,Wardriver,"He’s a Wardriver: a hacker who steals from banks, not people—until he’s noticed. Now the money turns violent, and the woman caught in it could save him or kill them both.",False,en,4.4995,2026-03-04,7.304,79
1608055,Balas Budi,Balas Budi,"Budi seems like the ideal man. However, when his cover is blown, the four women who were his victims decide not to remain silent. They transform into a professional team. With a secret headquarters full of strategies, they devise a master plan to teach Budi a lesson.",False,id,4.0104,2026-02-05,7.0,2
1226578,Longlegs,Longlegs,"FBI Agent Lee Harker is a gifted new recruit assigned to the unsolved case of an elusive serial killer. As the case takes complex turns, unearthing evidence of the occult, Harker discovers a personal connection to the merciless killer and must race against time to stop him before he claims the lives of another innocent family.",False,en,7.0263,2024-07-10,6.522,2701
1437696,Fatherland,Fatherland,"In 1949, German writer Thomas Mann and his daughter Erika embark on a road trip across a Germany in ruins, from US-dominated Frankfurt to Soviet-controlled Weimar.",False,en,4.6633,2026-06-19,7.0,1
891621,Wild Horse Nine,Wild Horse Nine,"Shortly before the 1973 Chilean coup, CIA agents Chris and Lee are dispatched from Santiago to Easter Island by their bureau chief, MJ. Amongst the Island's iconic statues, and as the longtime partners wrestle with their dark pasts and present conspiracies, Chris's newfound bond with a pair of rebellious students threatens to send everyone’s trip to this remote paradise sideways.",False,en,2.7684,2026-11-04,0.0,0
1540365,Hippo's Revenge,Hippo's Revenge,"A father and daughter prepare to open their Safari Rescue in England, featuring a mother hippo and her calf. But when a ruthless criminal plots to steal them under the cover of night, chaos erupts.",False,en,32.5268,2025-09-05,1.0,1
1168719,Silent Friend,Silent Friend,"In the heart of a botanical garden in a medieval university town in Germany stands a majestic ginkgo tree. This silent witness has observed over a century the quiet rhythms of transformation across three human lives. At three distinct moments across the 20th and 21st centuries, these people — each carrying their own questions and inner struggles — inevitably find themselves drawn into the presence of this tree, full of mystery and meaning.",False,de,4.9494,2026-01-15,7.1,33
1370814,The Plague,The Plague,"A socially awkward tween endures the ruthless hierarchy at a water polo camp, his anxiety spiraling into psychological turmoil over the summer.",False,en,3.2685,2025-12-24,6.4,107
1324107,If the Cat is Absent,إن غاب القط,"The theft of a famous painting from a museum leads to an unexpected conflict between members of the gang and museum staff, and amidst this, an unusual love affair develops.",False,ar,1.3332,2025-12-31,4.5,4
1428990,This Is Not a Test,This Is Not a Test,"Sloane and four classmates take cover in Cortege High to escape a world plagued by the infected. As danger relentlessly pounds on the doors, Sloane begins to see the world through the eyes of those who actually want to live and takes matters into her own hands.",False,en,17.8963,2026-02-20,5.391,64
1242937,The Dreadful,The Dreadful,"In medieval England, Anne and her domineering mother-in-law Morwen struggle to survive on the outskirts of society. But when a man from Anne's past returns from war, a curse begins to take shape through a mysterious knight and threatens to destroy them all.",False,en,3.5776,2026-02-20,6.095,74
605722,Long Distance,Long Distance,"After crash-landing on an alien planet, an asteroid miner must contend with the challenges of his new surroundings, while making his way across the harsh terrain to the only other survivor – a woman who is trapped in her escape pod.",False,en,6.325,2024-07-12,6.543,266
1091298,Attack of the Meth Gator,Attack of the Meth Gator,"On a small island in the Florida Everglades, a DEA agent and a local sheriff gather a team of locals to take down a giant meth-fueled alligator.",False,en,1.5857,2024-09-05,5.2,43
1339219,Bleeding,Bleeding,"In a world where vampire blood is harvested as a drug, two desperate teenagers on the run from a vicious dealer break into an empty house and find a sleeping girl locked inside.",False,en,0.6138,2025-11-20,5.0,1
1249508,Grizzly Night,Grizzly Night,"On August 12, 1967, in Montana's Glacier National Park, the unthinkable happened: that same night, nine miles apart, there were not one—but two—fatal grizzly bear attacks.",False,en,5.4529,2026-01-30,6.447,57
1522689,Why Did I Get Married Again?,Why Did I Get Married Again?,"The couples reunite for the destination wedding of Marcus and Angela's daughter, bringing drama old and new as they ask, ""Why did we get married again?""",False,en,1.0563,2026-09-09,0.0,0
1043197,Dust Bunny,Dust Bunny,"Ten-year-old Aurora asks her hitman neighbor to kill the monster under her bed that she claims ate her family. To protect her, he must battle an onslaught of assassins while accepting that some monsters are real.",False,en,7.7495,2025-12-11,6.67,333
1572007,Cards & Cognac,Cards & Cognac,"Four men gather for cards and cognac after the death of a close friend. What begins as a fellowship becomes raw confessions of infidelity, betrayal, guilt, and loss, forcing each man to speak their truth while strengthening their brotherhood.",False,en,1.5876,2025-11-20,0.0,0
1088166,Relay,Relay,A broker of lucrative payoffs between corrupt corporations and the individuals who threaten them breaks his own rules when a new client seeks his protection to stay alive.,False,en,4.5642,2025-08-21,6.976,449
945961,Alien: Romulus,Alien: Romulus,"While scavenging the deep ends of a derelict space station, a group of young space colonizers come face to face with the most terrifying life form in the universe.",False,en,34.0523,2024-08-13,7.162,4608
458896,The Nightingale,The Nightingale,The lives of two French sisters are torn apart by the onset of World War II.,False,en,2.3677,2027-02-11,0.0,0
1213243,Toxic,Toxic,"Set in a bygone era, this gripping tale unfolds in the coastal paradise of Goa, wherea powerful drug cartel pulls the strings behind a facade of sun-soaked beaches and vibrant culture.",False,kn,6.0474,2026-08-26,0.0,0
1717512,Paloma au PluriElles,Paloma au PluriElles,"After conquering France with his alter ego Paloma, Hugo Bardin presents a one-man show featuring seven women born of the same imagination—characters who embody their creator’s passions and neuroses. Audiences might recognize Fanny Ardant at the César Awards, the guru Lolashiva addressing her ""she-wolves"" during a vegan introspection retreat, or casting director Viviane Vivier hard at work.",False,fr,1.5836,2026-06-30,8.2,2
1177767,Mile End Kicks,Mile End Kicks,"Grace Pine, a 24-year-old music critic, moves to Montreal to write a book on Alanis Morissette's Jagged Little Pill, but her plans are complicated when she becomes romantically involved with two members of an indie band she is covering and decides to become their publicist.",False,en,3.6412,2026-04-17,5.692,26
1376434,Predator: Killer of Killers,Predator: Killer of Killers,"While three of the fiercest warriors in human history—a Viking raider, a ninja in feudal Japan, and a WWII pilot—are killers in their own right, they are merely prey for their new opponent: the ultimate killer of killers.",False,en,6.5216,2025-06-05,7.782,1224
1700285,Double Edge,ダブルエッジ～甦った男,,False,ja,1.0057,2026-06-27,0.0,0
1706723,3 Weeks After,3 недеље после,"When a school trip leaves a group of teenagers stranded far from home, the recent suicide of a classmate begins to expose the fractures, loyalties and secrets holding them together.",False,sr,0.2234,2026-07-07,0.0,0
1437873,Band Together,Rondallas,"Two years after the tragic sinking of a fishing boat that shook a small seaside town, members of the rondalla, a traditional Galician music band, decide to get back together in the endeavour to recover their enthusiasm and leave the grieving behind.",False,es,2.6279,2025-12-16,7.4,40
1373956,Die Ältern,Die Ältern,"A writer in a midlife and marital crisis, overwhelmed by his growing children and unable to accept change, meets another woman. A bit half-hearted and unintentionally funny, he tries to do something different.",False,de,2.2458,2026-02-12,7.8,4
1716365,Ryan Hamilton: This Just Hit Me,Ryan Hamilton: This Just Hit Me,Leave it to Ryan Hamilton to get hit by a bus and have the last laugh — whether it's falling for his anesthesiologist or a dispensary trip with his mom.,False,en,1.1056,2026-06-23,7.0,4
1560520,Batman: Knightfall Part 1: Knightfall,Batman: Knightfall Part 1: Knightfall,"Arkham Asylum has been destroyed, and all its inmates have been unleashed upon Gotham City. As Batman races to round up some of his greatest enemies, he is pushed to his physical and mental limits and into a final confrontation with a new threat: the man called Bane!",False,en,2.3473,2026-06-23,0.0,0
1673568,The Devil Wears Prada 2 Red Carpet World Premiere,The Devil Wears Prada 2 Red Carpet World Premiere,"Get ready for couture, cameras, and cast moments as Disney+ and Hulu livestream the The Devil Wears Prada 2 world premiere from New York City’s Lincoln Center. Streaming live to subscribers worldwide, the event offers a rare, front‑row view as it unfolds in America’s fashion capital. From red carpet arrivals to behind‑the‑scenes interviews, it’s an inside look at one of the most glamorous nights of the year, and the perfect kickoff to the film’s theatrical debut.",False,en,1.3913,2026-04-20,9.0,1
1223747,Ein fast perfekter Antrag,Ein fast perfekter Antrag,"Grumpy widower Walter lives alone with his dog in Regensburg and spends his time writing restaurant reviews on the internet. But when he meets his old childhood sweetheart, art professor Alice, whom he had unsuccessfully proposed to 40 years earlier, his life changes radically once again.",False,de,2.4092,2026-02-26,5.7,6
1360838,Blade of Fury,捉刀人,"Pei Xing, known as the Jackal, once traded lives for money without emotion. After witnessing the powerful crush those fighting for justice, his sense of righteousness awakens. Now, he seeks revenge, punishing the wicked while facing off against other skilled swordsmans.",False,zh,2.5178,2024-09-28,6.2,16
1029281,Strange Darling,Strange Darling,Nothing is what it seems when a twisted one-night stand spirals into a serial killer’s vicious murder spree.,False,en,5.7577,2024-08-14,6.9,942
1431068,Main Vaapas Aaunga,मैं वापस आऊंगा,"An elderly man remains haunted by a childhood romance and memories of love lost during the 1947 Partition of India. As he shares his story with his grandson, the past unfolds through memories of migration, longing, and a love that endures across generations.",False,hi,31.6468,2026-06-10,6.5,8
974576,Conclave,Conclave,"After the unexpected death of the Pope, Cardinal Lawrence is tasked with managing the covert and ancient ritual of electing a new one. Sequestered in the Vatican with the Catholic Church’s most powerful leaders until the process is complete, Lawrence finds himself at the center of a conspiracy that could lead to its downfall.",False,en,6.4946,2024-10-25,7.193,3440
1685670,Death Note - The Musical,Death Note - The Musical,"If you had the power over life and death, what would you do?  Now, boldly reimagined for the London stage in close collaboration with the original Japanese producers, HoriPro, this new musical features an electrifying score by Tony, Grammy and Emmy nominee Frank Wildhorn, lyrics by Jack Murphy and a book by Ivan Menchell. Death Note: The Musical is set to be the theatrical event of the summer.  When brilliant student Light Yagami discovers a notebook with the power to determine who lives and who dies, his mission to reshape society quickly spirals out of control and attracts the attention of the elusive and ruthless detective L. What begins as justice descends into obsession and forces both Light and L to confront the limits of morality itself.",False,en,0.0607,2026-07-30,0.0,0
1301086,Our Wolves: In a Landscape of Fear and Love,Lupi Nostri,"Professor Luca Rossi dedicates what remains of his university career to study wolves, but his findings conflict with his emotions as he navigates the contentious divide between wolf defenders and opponents. As Luca tries to be as close as possible to the wolves to understand them, he finds himself facing the sentiments of those who fear and love them.",False,it,0.6801,2025-04-01,0.0,0
324544,In the Lost Lands,In the Lost Lands,"A queen sends the powerful and feared sorceress Gray Alys to the ghostly wilderness of the Lost Lands in search of a magical power, where she and her guide, the drifter Boyce, must outwit and outfight both man and demon.",False,en,5.9187,2025-02-27,6.4,827
1359607,Miss Kobayashi's Dragon Maid: A lonely dragon wants to be loved,小林さんちのメイドラゴン さみしがりやの竜,"Miss Kobayashi, Tohru, Ilulu, and Kanna’s peaceful lives are shaken when Kanna’s father, Kimun Kamui, forces her to return to the Dragon World. As a war brews between the Chaos and Harmony factions, Kanna tries to unite the two worlds, torn between her friends and father. When dragons clash, Ilulu uncovers a hidden force manipulating the war. Can they stop the war before it consumes both worlds?",False,ja,5.66,2025-06-27,8.724,58
1151272,Sirāt,Sirāt,"A man and his son arrive at a rave lost in the mountains of Morocco. They are looking for Marina, their daughter and sister, who disappeared months ago at another rave. Driven by fate, they decide to follow a group of ravers in search of one last party, in hopes Marina will be there.",False,es,5.5091,2025-06-06,6.856,690
1520813,Wanted,현상수배,"Hyun-jun, an ordinary postman, is mistakenly arrested as a wanted criminal due to his identical appearance to fugitive Choi Cheol-gu. While struggling to prove his innocence, the real Cheol-gu escapes prison and flees to Taiwan. When Hyun-jun travels there on a reward trip, he is once again mistaken for the criminal and even kidnapped, only to be rescued by tough detective Woo-hee and her partner. As repeated mix-ups lead to comedic chaos, Hyun-jun and Woo-hee grow closer and ultimately team up to catch the real fugitive together.",False,ko,0.8572,2026-06-10,1.0,1
1401778,Turbulence,Turbulence,"Young married couple Zach and Emmy decide to take a hot air balloon trip across the Italian Dolomites to rekindle their relationship. When they and pilot Harry are joined by a third passenger, Julia, events unfold in ways they could never imagine five thousand meters in the air.",False,en,6.3908,2025-11-26,6.6,147
1473878,Speed Demon,Speed Demon,"Aboard a high-speed train, a Nun who lost her faith must perform her first Exorcism on a possessed passenger hellbent on crashing the runaway train.",False,en,3.089,2026-05-20,4.6,14
1143973,My Tennis Maestro,Il maestro,"Italy, 1989. After years of hard training, 13-year-old Felice, carrying his father's expectations on his shoulders, finally sets out to compete in the national tennis tournaments. While dreaming of a simple summer vacation, he's instead placed under the wing of ex tennis champion Raul, an unconventional coach hired by his father. Match after match, the two embark on a journey that will lead Felice to discover the taste of freedom, and Raul to glimpse the possibility of a fresh start. As they travel along the Italian coast, an unexpected, deep, and sincere bond between them develops.",False,it,1.2628,2025-11-13,6.4,100
1000850,Where the Wind Comes From,وين ياخذنا الريح,"Alyssa, a rebellious 19 year-old girl, and her friend Mehdi — a shy and introverted 23-year-old young man — who use their imagination to escape their unpromising reality.  When they discover a contest in the south of Tunisia that may allow them to flee for real, they decide to undertake the road trip regardless of the obstacles in their way.",False,ar,0.9891,2025-09-04,7.7,5
1684240,Jamie Vardy,Jamie Vardy,"From part-time footballer to Premier League legend, this is the story of Jamie Vardy's unprecedented path and his rise to the top against all odds.",False,en,2.6305,2026-05-12,7.345,29
1418665,Alice in Wonderland –Dive in Wonderland–,不思議の国でアリスと –Dive in Wonderland–,"The main character is a modern girl named Rise. One day, she wanders into Wonderland, and when she meets Alice, the story begins to unfold.",False,ja,1.4396,2025-08-29,7.7,6
1639398,Mexican Psycho,Psicópata: El Asesino del Conejo Blanco,"Follows an ""ultra-violent and intelligent"" psychopath who challenges the police by leaving a white paper rabbit at each crime scene, connecting them all.",False,es,6.3985,2026-03-19,7.095,95
1382160,45,45,"A captivating new project by Suraj Production and the Magical Composer’s Debut film, #45Themovie is set to redefine the cinema-watching experience with its unique narrative and compelling performances.",False,kn,1.4232,2025-12-25,6.0,2
863873,Caddo Lake,Caddo Lake,"When an 8-year-old girl mysteriously vanishes on Caddo Lake, a series of past deaths and disappearances begin to link together, forever altering a broken family’s history.",False,en,4.239,2024-11-28,7.2,512
1284041,The Last House,The Last House,A family suddenly sealed inside their home must work together to survive against dwindling resources and the ominous threat keeping them trapped.,False,en,3.6014,2026-08-07,0.0,0
1254808,Nouvelle Vague,Nouvelle Vague,"After writing for Cahiers du cinéma, a young Jean-Luc Godard decides making films is the best film criticism. He convinces producer Georges de Beauregard to fund a low-budget feature, and creates a treatment with fellow New Wave filmmaker François Truffaut about a gangster couple. The result? Breathless, one of the first features of the Nouvelle Vague era of French cinema.",False,fr,4.4038,2025-10-08,7.2,235
1207123,White Snake: Afloat,白蛇：浮生,"Xiaobai finally found Xu Xian, the reincarnation of Axuan, after 500 years, the two met on the Broken Bridge. Xiaobai and sister hid in the streets and alleys, started a lively life in human world with him and his brother-in-law Li Gongfu.",False,zh,3.5507,2024-07-30,8.0,35
1158996,Souleymane's Story,L'Histoire de Souleymane,"As he pedals through the streets of Paris to deliver meals, Souleymane recounts his story. In two days, he has to go through his asylum application interview, the key to obtaining papers, but Souleymane is not ready.",False,fr,1.4305,2024-10-09,7.5,377
1650428,Metropolitan Ride,메트로폴리탄 라이드,"Soobin finally lands a job! With a fluttering heart, she steps into the elevator on her first day. However, countless obstacles still lie between her and her destination: the 7,891st floor. This handmade sci-fi film, created with quiet persistence using 100% analog methods, was made over the past two years, coinciding with the rise of AI as it began to threaten art.",False,ko,1.2163,2026-05-01,7.0,2
1723902,O ator,O ator,,False,pt,0.2282,2026-07-01,6.5,2
1469164,Casa Grande,Casa Grande,"A prodigal daughter rejoins her family at their farm during a difficult time, as her ailing father faces both a terminal diagnosis and mounting pressure from competitors. Old wounds resurface as they grapple with what lies ahead.",False,en,12.5749,2026-05-01,7.7,3
1723068,Hammerhead Sharks Up Close with Bertie Gregory,Hammerhead Sharks Up Close with Bertie Gregory,"In Mexico’s Pacific waters, Bertie Gregory goes in search of one of the ocean’s most iconic predators: the hammerhead shark. Once abundant in these seas, hammerhead numbers have plummeted, making sightings increasingly rare. Bertie investigates what’s driving the hammerhead decline, and how protected waters offer hope for the future. His journey culminates in a rare and unforgettable encounter that shines a light on the future of one of the world’s most famous sharks.",False,en,0.1671,2026-07-05,0.0,0
1387382,Hunting Season,Hunting Season,"When a reclusive survivalist and his daughter rescue a mysterious, wounded woman from a river, they become entangled in a deadly web of violence and revenge, forcing them to confront a brutal criminal to survive.",False,en,14.5951,2025-12-05,6.955,258
1361402,Résistantes,Résistantes,"1944. In France, devastated by the German occupation, part of the population resists the yoke of the occupiers, men and women who become heroes despite themselves by becoming active members of the Vaucluse resistance. Mother Madeleine, head of an institute for deaf girls, is one of these heroic women. She hides Jewish children and members of the Resistance in her convent, in defiance of the German threat.",False,fr,1.0989,2025-05-07,6.6,9
1128655,The Surfer,The Surfer,"A man returns to the idyllic beach of his childhood to surf with his son. When he is humiliated by a group of locals, the man is drawn into a conflict that keeps rising and pushes him to his breaking point.",False,en,3.4815,2025-04-11,5.773,317
1288072,Keeper,Keeper,"Liz and Malcolm escape for a romantic anniversary weekend at a secluded cabin. When Malcolm suddenly returns to the city, Liz finds herself isolated and in the presence of an unspeakable evil that reveals the cabin's horrifying secrets.",False,en,5.8663,2025-11-12,5.626,277
1241634,Saiyaara,सैयारा,"Two artistic souls find harmony through music despite their contrasting worlds. As feelings deepen, age and circumstances challenge their undeniable bond.",False,hi,8.6451,2025-07-18,6.402,143
1719326,The Cheating Wife,The Cheating Wife,"Two widows who find solace in each other and eventually fall in love. But when one of their supposedly dead husbands returns home blind, they are forced to hide their forbidden affair, testing the limits of love and loyalty.",False,tl,3.2443,2026-06-26,0.0,0
1710008,Nothing to Lose,Jusqu'au bout,"She gave everything to become a mother, so when her young son falls ill, Jada will stop at  nothing to find a donor and save him — no matter the cost.",False,fr,0.6204,2026-07-08,0.0,0
1103437,Please Don't Feed the Children,Please Don't Feed the Children,"After a viral outbreak ravaged the country’s adult population, a group of orphans heads south in search of a new life, only to find themselves at the mercy of a deranged woman harboring a dangerous secret.",False,en,2.6901,2025-07-03,6.227,86
1127110,Diablo,Diablo,"Ex-con Kris Chaney seizes the daughter of a Colombian gangster to fulfill a noble promise to the young girl's mother. When her father enlists both the criminal underworld and a psychotic killer to exact his revenge, Kris relies on everything he's ever learned to stay alive and keep his word.",False,en,3.9126,2025-06-13,7.33,238
1094974,Take Cover,Take Cover,A burned-out professional sniper finds himself trapped in an all-glass penthouse by a lethal competitor and must find a way to survive and escape with little to no cover between him and the killer.,False,en,3.5211,2024-10-04,6.331,204
1691973,Cinema Aekwan,애관극장,,False,ko,0.3086,2026-06-20,5.0,1
1688519,A Lesson in Repetition,재현의 학습,"Jaehyun, a high school freshman, visits the teacher's counseling room to take the baseball team selection test.",False,ko,0.1348,2026-06-19,0.0,0
1337438,Unidentified,المجهولة,"The body of a teenage girl is found in the heart of the desert, he raised many questions about the girl's personality, the lady decides to search for the circumstances of the crime and collect information about the unknown body, and solves the mystery surrounded by the crime.",False,ar,1.0502,2026-06-19,6.0,1
1620313,The Samurai and the Prisoner,黒牢城,"When Lord Murashige rises up against the tyrannical Oda, he finds himself besieged within the walls of his own castle. Isolated, he is confronted with a series of mysterious crimes that shatter the fragile order of his court, plunging the fortress into fear and suspicion. With Oda's army closing in and a traitor hiding among his ranks, Murashige is forced into an uneasy alliance with Kanbei, a brilliant and dangerous strategist held prisoner in the dungeon, as he must outwit his enemies and uncover the truth before time runs out.",False,ja,5.0726,2026-06-19,6.0,1
1227241,Maa Inti Bangaram,మా ఇంటి బంగారం,"Through both her moments of fear and bravery, a woman discovers that embracing her vulnerabilities is as vital to her inner strength as facing challenges head-on.",False,te,42.5112,2026-06-18,6.3,3
1241983,Train Dreams,Train Dreams,A logger leads a life of quiet grace as he experiences love and loss during an era of monumental change in early 20th-century America.,False,en,6.6105,2025-11-05,7.311,1034
1677026,The Grandfather Puzzle,The Grandfather Puzzle,"Searching for a connection with her mysterious, austere grandfather, Ora DeKornfeld travels to his childhood home in Hungary, where she is swept up in nothing short of a fairytale. The childhood home turns out to be a castle on a 6,000-acre estate. Her grandfather was a baron, and their family was central to the economic and cultural lifeblood of the local community. Suddenly, Ora finds herself ushered through town, meeting curious locals at every corner who greet her with warm hospitality. A question emerges: why would her family leave all this behind? The town, like her grandfather, holds its painful history at arm’s length. Moving between fable and reckoning, whimsy and grief, this deeply personal film explores an identity shaped equally by what was lost and buried and what was lovingly preserved.",False,en,0.4825,2026-04-16,9.0,2
1137350,The Phoenician Scheme,The Phoenician Scheme,"Wealthy businessman Zsa-zsa Korda appoints his only daughter, a nun, as sole heir to his estate. As Korda embarks on a new enterprise, they soon become the target of scheming tycoons, foreign terrorists, and determined assassins.",False,en,5.8414,2025-05-23,6.492,942
1361402,Résistantes,Résistantes,"1944. In France, devastated by the German occupation, part of the population resists the yoke of the occupiers, men and women who become heroes despite themselves by becoming active members of the Vaucluse resistance. Mother Madeleine, head of an institute for deaf girls, is one of these heroic women. She hides Jewish children and members of the Resistance in her convent, in defiance of the German threat.",False,fr,1.0989,2025-05-07,6.6,9
1128655,The Surfer,The Surfer,"A man returns to the idyllic beach of his childhood to surf with his son. When he is humiliated by a group of locals, the man is drawn into a conflict that keeps rising and pushes him to his breaking point.",False,en,3.4815,2025-04-11,5.773,317
1288072,Keeper,Keeper,"Liz and Malcolm escape for a romantic anniversary weekend at a secluded cabin. When Malcolm suddenly returns to the city, Liz finds herself isolated and in the presence of an unspeakable evil that reveals the cabin's horrifying secrets.",False,en,5.8663,2025-11-12,5.626,277
157336,Interstellar,Interstellar,The adventures of a group of explorers who make use of a newly discovered wormhole to surpass the limitations on human space travel and conquer the vast distances involved in an interstellar voyage.,False,en,65.364,2014-11-05,8.479,40154
1241634,Saiyaara,सैयारा,"Two artistic souls find harmony through music despite their contrasting worlds. As feelings deepen, age and circumstances challenge their undeniable bond.",False,hi,8.6451,2025-07-18,6.402,143
1719326,The Cheating Wife,The Cheating Wife,"Two widows who find solace in each other and eventually fall in love. But when one of their supposedly dead husbands returns home blind, they are forced to hide their forbidden affair, testing the limits of love and loyalty.",False,tl,3.2443,2026-06-26,0.0,0
1710008,Nothing to Lose,Jusqu'au bout,"She gave everything to become a mother, so when her young son falls ill, Jada will stop at  nothing to find a donor and save him — no matter the cost.",False,fr,0.6204,2026-07-08,0.0,0
1720210,Rik Mayall's Sketches: Rare And Unseen,Rik Mayall's Sketches: Rare And Unseen,"A selection of rarely seen comic moments from the actor and comedian, who rose to fame as Kevin Turvey and as Rick in The Young Ones, a show he helped create. Rik Mayall later achieved more widespread fame in Bottom, and The New Statesman.",False,en,0.762,2026-06-25,0.0,0
1103437,Please Don't Feed the Children,Please Don't Feed the Children,"After a viral outbreak ravaged the country’s adult population, a group of orphans heads south in search of a new life, only to find themselves at the mercy of a deranged woman harboring a dangerous secret.",False,en,2.6901,2025-07-03,6.227,86
1127110,Diablo,Diablo,"Ex-con Kris Chaney seizes the daughter of a Colombian gangster to fulfill a noble promise to the young girl's mother. When her father enlists both the criminal underworld and a psychotic killer to exact his revenge, Kris relies on everything he's ever learned to stay alive and keep his word.",False,en,3.9126,2025-06-13,7.33,238
1094974,Take Cover,Take Cover,A burned-out professional sniper finds himself trapped in an all-glass penthouse by a lethal competitor and must find a way to survive and escape with little to no cover between him and the killer.,False,en,3.5211,2024-10-04,6.331,204
1691973,Cinema Aekwan,애관극장,,False,ko,0.3086,2026-06-20,5.0,1
1688519,A Lesson in Repetition,재현의 학습,"Jaehyun, a high school freshman, visits the teacher's counseling room to take the baseball team selection test.",False,ko,0.1348,2026-06-19,0.0,0
1337438,Unidentified,المجهولة,"The body of a teenage girl is found in the heart of the desert, he raised many questions about the girl's personality, the lady decides to search for the circumstances of the crime and collect information about the unknown body, and solves the mystery surrounded by the crime.",False,ar,1.0502,2026-06-19,6.0,1
1620313,The Samurai and the Prisoner,黒牢城,"When Lord Murashige rises up against the tyrannical Oda, he finds himself besieged within the walls of his own castle. Isolated, he is confronted with a series of mysterious crimes that shatter the fragile order of his court, plunging the fortress into fear and suspicion. With Oda's army closing in and a traitor hiding among his ranks, Murashige is forced into an uneasy alliance with Kanbei, a brilliant and dangerous strategist held prisoner in the dungeon, as he must outwit his enemies and uncover the truth before time runs out.",False,ja,5.0726,2026-06-19,6.0,1
1227241,Maa Inti Bangaram,మా ఇంటి బంగారం,"Through both her moments of fear and bravery, a woman discovers that embracing her vulnerabilities is as vital to her inner strength as facing challenges head-on.",False,te,42.5112,2026-06-18,6.3,3
1241983,Train Dreams,Train Dreams,A logger leads a life of quiet grace as he experiences love and loss during an era of monumental change in early 20th-century America.,False,en,6.6105,2025-11-05,7.311,1034
1677026,The Grandfather Puzzle,The Grandfather Puzzle,"Searching for a connection with her mysterious, austere grandfather, Ora DeKornfeld travels to his childhood home in Hungary, where she is swept up in nothing short of a fairytale. The childhood home turns out to be a castle on a 6,000-acre estate. Her grandfather was a baron, and their family was central to the economic and cultural lifeblood of the local community. Suddenly, Ora finds herself ushered through town, meeting curious locals at every corner who greet her with warm hospitality. A question emerges: why would her family leave all this behind? The town, like her grandfather, holds its painful history at arm’s length. Moving between fable and reckoning, whimsy and grief, this deeply personal film explores an identity shaped equally by what was lost and buried and what was lovingly preserved.",False,en,0.4825,2026-04-16,9.0,2
1137350,The Phoenician Scheme,The Phoenician Scheme,"Wealthy businessman Zsa-zsa Korda appoints his only daughter, a nun, as sole heir to his estate. As Korda embarks on a new enterprise, they soon become the target of scheming tycoons, foreign terrorists, and determined assassins.",False,en,5.8414,2025-05-23,6.492,942
863,Toy Story 2,Toy Story 2,"Andy heads off to Cowboy Camp, leaving his toys to their own devices. Things shift into high gear when an obsessive toy collector named Al McWhiggen, owner of Al's Toy Barn kidnaps Woody. Andy's toys mount a daring rescue mission, Buzz Lightyear meets his match and Woody has to decide where he and his heart truly belong.",False,en,44.846,1999-10-30,7.613,15016
1401542,Project Y,프로젝트 Y,"Mi-sun and Do-kyung might be used to struggling in the most dangerous part of Seoul's Gangnam district, but that doesn't mean they've settled into it. With no one but each other to rely on, the two friends grind away to save the money needed to leave their dangerous lifestyles behind. But just as ""retirement"" comes within reach, the world betrays them, shattering their hopes. On the edge of a dead end, they discover a hidden fortune of dirty cash and gold in Gangnam – and place all their bets on one final high-stakes gamble of a lifetime.",False,ko,4.2816,2026-01-21,6.0,15
787747,Shell,Shell,"Desperate to reclaim her career, once-beloved actress Samantha Lake is drawn into the glamorous world of wellness mogul Zoe Shannon - only to uncover a monstrous truth beneath its flawless surface.",False,en,2.4224,2025-10-01,5.127,67
1140535,Presence,Presence,"A couple and their children move into a seemingly normal suburban home. When strange events occur, they begin to believe there is something else in the house with them. The presence is about to disrupt their lives in unimaginable ways.",False,en,3.8769,2025-01-17,6.106,757
592831,Megalopolis,Megalopolis,"In a futuristic New York known as New Rome, visionary architect Cesar Catilina dreams of building ""Megalopolis,"" a utopian city that redefines society’s limits. Opposing him is the corrupt Mayor Franklyn Cicero, who clings to power and profit. Between them stands Julia, the mayor’s daughter, whose love for Cesar forces her to choose between loyalty, ambition, and the fate of humanity.",False,en,3.3204,2024-09-25,5.185,1007
1706711,UFC Fight Night 280: Fiziev vs. Torres,UFC Fight Night 280: Fiziev vs. Torres,"UFC Fight Night 280: Fiziev vs. Torres was a mixed martial arts event produced by the Ultimate Fighting Championship that took place on June 27, 2026, at the National Gymnastics Arena in Baku, Azerbaijan. A lightweight bout between Rafael Fiziev and Manuel Torres headlined the event.",False,en,0.8404,2026-06-27,0.0,0
1671716,Maxo: Forbidden Ritual,Ma Xó,"Crushed by extreme poverty and haunted by the fear of losing another child after a miscarriage, the lives of Phú and his pregnant wife Thảo spiral further into darkness when Phú’s mother, Mrs. Thuận, dies because the family cannot afford her medical treatment. In desperation, Thảo follows the advice of Mrs. Tánh—a neighbor who performs spiritual rituals—and summons a wandering spirit to become a household ghost, believing it will protect their home and unborn child. But when the entity hidden within the corner of the house begins to demand its debt, Thảo realizes in horror that the thing she invited in to save her family is, in fact, a nightmare with no escape.",False,vi,0.391,2026-06-05,0.0,0
1570924,Hunted by My Husband: The Untold Story of the DC Sniper,Hunted by My Husband: The Untold Story of the DC Sniper,"The story of the DC Sniper and Mildred Muhammad; her testimony reveals it was part of a calculated plan rooted in manipulation, control, and domestic abuse driven by a single, dark obsession.",False,en,0.3394,2025-10-28,7.0,2
1598766,Crayon Shin-chan the Movie: Very Bizarre! My Yokai Vacation,クレヨンしんちゃん 奇々怪々！オラの妖怪バケ～ション,"Shin-chan and his family visit his father's home town of Akita in order to view the Omagari Fireworks Festival. When a strange incident to causes the residents of “Yokai Land” to begin running wild throughout Akita and the rest of Japan, Shin-chan and company are lured to “Yokai Land” for an unusual adventure.",False,ja,3.9598,2026-07-31,0.0,0
1721367,Homage,Homage 2026,"A reformed street figure risks everything when he tries to help an old friend fresh out of prison, only to discover that some debts don't disappear; they come back to collect.",False,en,2.1544,2026-06-01,1.0,1
1298510,WWE SummerSlam 2026: Sunday,WWE SummerSlam 2026: Sunday,"The 2026 SummerSlam, also promoted as SummerSlam: Minneapolis is an upcoming professional wrestling event produced by WWE. It will be the 39th annual SummerSlam and is scheduled to take place as a two-night event on August 1 and 2, 2026, at U.S. Bank Stadium in Minneapolis, Minnesota. The event will air via pay-per-view (PPV) and livestreaming and will be held for wrestlers from the promotion's Raw and SmackDown brand divisions. This will be the first SummerSlam to take place across two nights the first WWE stadium event held in Minneapolis, and the second SummerSlam overall in the city, after the 1999 event, which took place at Target Center.",False,en,0.2104,2026-08-02,0.0,0
911916,Spider-Man: Beyond the Spider-Verse,Spider-Man: Beyond the Spider-Verse,"Hunted by Miguel O'Hara's Spider Society and betrayed by his friends, Miles finds himself in the darkest corners of the Spider-Verse in search of a way home. Knowing that his family has been not only fractured but endangered by his calling, it's a race against the clock for Miles to travel across the wildest reaches of time and space to fight for and reunite everything he holds most dear.",False,en,5.0109,2027-06-17,0.0,0
1174145,钟馗,钟馗,"A girl meets Zhong Kui, the deity who vanquishes ghosts and demons. Partnering to solve cases, they discover a great conspiracy against the mortal realm.",False,zh,2.1887,2026-05-30,3.5,2
1086260,The Astronaut,The Astronaut,"After returning from her first space mission, astronaut Sam Walker is placed under NASA’s care at a high security house for rehabilitation and medical testing. However, when disturbing occurrences begin happening around the property, she fears that something extraterrestrial has followed her back to Earth",False,en,5.4051,2025-09-26,6.112,392
870028,The Accountant²,The Accountant²,"When an old acquaintance is murdered, Wolff is compelled to solve the case. Realizing more extreme measures are necessary, Wolff recruits his estranged and highly lethal brother, Brax, to help. In partnership with Marybeth Medina, they uncover a deadly conspiracy, becoming targets of a ruthless network of killers who will stop at nothing to keep their secrets buried.",False,en,23.9715,2025-04-23,7.085,1805
1497970,Tom and Jerry: Forbidden Compass,猫和老鼠：星盘奇缘,"During a chase inside a museum, Tom and Jerry find an ancient magical compass and end up being transported through time. Lost in a distant era, they will need to work together to find a way back home.",False,zh,9.1637,2025-08-02,6.5,50
862,Toy Story,Toy Story,"Led by Woody, Andy's toys live happily in his room until Andy's birthday brings Buzz Lightyear onto the scene. Afraid of losing his place in Andy's heart, Woody plots against Buzz. But when circumstances separate Buzz and Woody from their owner, the duo eventually learns to put aside their differences.",False,en,98.0269,1995-11-22,7.98,20061
1233506,The Shrinking Man,L'Homme qui rétrécit,"Paul, is an ordinary man who divides his life between his shipbuilding company, his wife Elise and their daughter Mia. During a sea trip, Paul finds himself confronted with a strange, unexplained meteorological phenomenon. From then on, Paul shrinks inexorably, without science being able to explain why or be of any help to him. When, by accident, he finds himself a prisoner in his own cellar, and while he is only a few centimeters tall, he will have to fight to survive in this banal environment that has become perilous. During this experience, Paul will find himself confronted with himself, with his humanity, and will try to answer the great questions of existence.",False,fr,7.8076,2025-10-22,6.024,143
1582328,Love At Last,Sonunda Sen,"The funny story of Aslı, an advertising executive who doesn't want to be alone on Valentine's Day.",False,tr,2.5053,2026-03-27,4.6,5
1592586,The Ogre's Bride,鬼の花嫁,"In a Japan where humans and demons co-exist peacefully, Yuzu is an ordinary high school girl who lives in the shadow of her older sister, who is the bride of a demon. One day, she has a life-changing encounter with a beautiful ogre who claims her as his bride.",False,ja,1.7529,2026-03-27,0.0,0
929204,Wallace & Gromit: Vengeance Most Fowl,Wallace & Gromit: Vengeance Most Fowl,"Gromit’s concern that Wallace is becoming too dependent on his inventions proves justified, when Wallace invents a “smart” gnome that seems to develop a mind of its own. When it emerges that a vengeful figure from the past might be masterminding things, it falls to Gromit to battle sinister forces and save his master… or Wallace may never be able to invent again!",False,en,4.8474,2024-12-18,7.446,666
1212271,Eleanor the Great,Eleanor the Great,"94-year-old Eleanor Morgenstein tries to rebuild her life after the death of her best friend. As a result, she moves back to New York City after living in Florida for decades.",False,en,1.9827,2025-09-04,6.923,110
1134517,Streets of Glória,Ruas da Glória,"Gabriel, a 24-year-old anthropologist from a wealthy family from the interior of the Northeast, is gay and in the closet. Following the death of his grandmother, he decides to go to Rio de Janeiro to study the lives of sex workers. Seduced by his object of study, Gabriel will become one of them.",False,pt,1.6655,2026-04-02,7.5,2
1701882,Amazon Music présente Aya Nakamura,Amazon Music présente Aya Nakamura,"Aya Nakamura is set to set the stage ablaze at the Stade de France. Join us for the live stream on May 30 for an unforgettable show headlined by one of the most-streamed French-speaking artists in the world. Get a front-row seat, no matter where you are.",False,fr,0.5241,2026-05-30,7.0,1
1013446,Reflection in a Dead Diamond,Reflet dans un diamant mort,"When the mysterious woman in the room next door disappears, a debonair 70-year-old ex-spy living in a luxury hotel on the Côte d'Azur is confronted by the demons and darlings of a lurid past in which moviemaking, memories and madness collide.",False,fr,2.3348,2025-06-25,6.2,80
1561687,Made in Korea,மேட் இன் கொரியா,A woman from a small town in Tamil Nadu moves to South Korea — a place she always dreamed of — but struggles to find her footing in a foreign land.,False,ta,4.2043,2026-03-12,7.314,35
1639683,AEW Double or Nothing 2026,AEW Double or Nothing 2026,"The 2026 Double or Nothing was a professional wrestling pay-per-view produced by All Elite Wrestling (AEW) that took place on May 24, 2026, at Louis Armstrong Stadium in New York City, New York, USA. It featured the first quarter-final matches of the 2026 Owen Hart Foundation Tournaments for both the men and women, as well as the long-anticipated AEW International Championship match between Don Callis Family members Kazuchika Okada (c) and Konosuke Takeshita. The show was headlined by Darby Allin (c) vs. MJF in a Title vs. Hair match for the AEW World Championship, where MJF would have to shave his head bald if he lost.",False,en,1.462,2026-05-24,9.423,13
862,Toy Story,Toy Story,"Led by Woody, Andy's toys live happily in his room until Andy's birthday brings Buzz Lightyear onto the scene. Afraid of losing his place in Andy's heart, Woody plots against Buzz. But when circumstances separate Buzz and Woody from their owner, the duo eventually learns to put aside their differences.",False,en,98.0269,1995-11-22,7.98,20061
1269644,Amrum,Amrum,"On Amrum Island in spring 1945, twelve-year-old Nanning hunts seals, fishes at night, and works the fields to help feed his family. When the war ends, his mother sinks into depression, and he must navigate new conflicts while struggling to find his own path.",False,de,2.4932,2025-10-09,7.171,76
1226699,The Wrong Girls,The Wrong Girls,"Two aimless young women inadvertently gain telepathic abilities after ingesting an experimental drug, pitting them against dangerous rivals pursuing the same powerful substance.",False,en,1.7408,2026-08-14,0.0,0
1230368,Springsteen: Deliver Me from Nowhere,Springsteen: Deliver Me from Nowhere,"Bruce Springsteen, a young musician on the cusp of global superstardom, struggles to reconcile the pressures of success with the ghosts of his past.",False,en,3.1011,2025-10-22,6.674,311
1694547,[FC2-PPV 4594806]【個撮109】完全顔出し20歳の超スジパイパン 初撮りで逆さくぱぁ野外露出とイッたらフェラで16回イキ 連続中出し後はお掃除フェラから再挿入で大量逆流 期間限定4000pt→2000pt,[FC2-PPV 4594806]【個撮109】完全顔出し20歳の超スジパイパン 初撮りで逆さくぱぁ野外露出とイッたらフェラで16回イキ 連続中出し後はお掃除フェラから再挿入で大量逆流 期間限定4000pt→2000pt,,False,ja,0.4658,2024-12-25,0.0,0
211672,Minions,Minions,"Minions Stuart, Kevin and Bob are recruited by Scarlet Overkill, a super-villain who, alongside her inventor husband Herb, hatches a plot to take over the world.",False,en,10.5507,2015-06-17,6.42,11132
1423191,Resident Evil,Resident Evil,"Bryan, a medical courier, is in the process of making a delivery when a sudden outbreak occurs, forcing him to fight for survival.",False,en,5.8663,2026-09-09,0.0,0
1417285,The Stain,ราคี,"When Malee, a young woman with a dark past, is drawn by fate to an apartment where she must confront haunting memories from her childhood, she encounters Pran, a botanist, a tea blending master, and the founder of a Thai floral tea brand.",False,th,22.8784,2026-02-26,4.0,2
1319965,All of You,All of You,"Laura and Simon have been best friends since college. Over the years, they've realized their bond is more than platonic. Can they—and should they—risk everything to explore a love that has existed all along?",False,en,2.9137,2025-09-26,6.4,159
1362315,The Hand That Rocks the Cradle,The Hand That Rocks the Cradle,Suburban couple Caitlin and Miguel hire the seemingly sweet Polly to take care of their newborn baby. But Polly's true motives have little to do with singing lullabies.,False,en,3.4496,2025-10-16,5.786,210
1669050,Tayuan 2,Tayuan 2,"A charming bus conductor drawn to both men and women who feels an unexpected spark with a shy commuter. On crowded bus rides where bodies brush, desire grows and love becomes messy.",False,tl,14.3794,2026-04-17,4.9,8
1364953,Mārama,Mārama,"1859. When a young Māori woman is summoned from New Zealand to North Yorkshire, she uncovers her horrific colonial heritage and is compelled to confront and destroy the titled Englishman who devastated her family.",False,en,15.8318,2026-04-17,6.6,19
1278971,God Skin,หมัดเทวา ท้าเดิมพัน,"Win, takes a lethal gamble to fund his mother's medical treatment when Itt, an old friend, lures him into the Arena. In this brutal underground circuit, fighters are marked with ""God Skin"" tattoos to gain a ruthless edge.",False,th,0.5795,2026-08-27,0.0,0
1233655,Omaha,Omaha,A father conceals the truth about his family’s seemingly spontaneous road trip across the American West.,False,en,2.5696,2025-11-22,6.9,18
1362315,The Hand That Rocks the Cradle,The Hand That Rocks the Cradle,Suburban couple Caitlin and Miguel hire the seemingly sweet Polly to take care of their newborn baby. But Polly's true motives have little to do with singing lullabies.,False,en,3.4496,2025-10-16,5.786,210
1669050,Tayuan 2,Tayuan 2,"A charming bus conductor drawn to both men and women who feels an unexpected spark with a shy commuter. On crowded bus rides where bodies brush, desire grows and love becomes messy.",False,tl,14.3794,2026-04-17,4.9,8
1364953,Mārama,Mārama,"1859. When a young Māori woman is summoned from New Zealand to North Yorkshire, she uncovers her horrific colonial heritage and is compelled to confront and destroy the titled Englishman who devastated her family.",False,en,15.8318,2026-04-17,6.6,19
1278971,God Skin,หมัดเทวา ท้าเดิมพัน,"Win, takes a lethal gamble to fund his mother's medical treatment when Itt, an old friend, lures him into the Arena. In this brutal underground circuit, fighters are marked with ""God Skin"" tattoos to gain a ruthless edge.",False,th,0.5795,2026-08-27,0.0,0
1233655,Omaha,Omaha,A father conceals the truth about his family’s seemingly spontaneous road trip across the American West.,False,en,2.5696,2025-11-22,6.9,18
804370,Arco,Arco,"Ten-year-old Arco lives in a far future. During his first flight in his rainbow suit, he loses control and falls into the past. Iris, a girl his age from 2075, comes to his rescue and tries by any means to help send him back to his own era.",False,fr,5.5329,2025-10-22,7.581,236
1498014,Airplane 2025,Airplane 2025,"In the 1970s on a airline flight, Gloria and her friends try to hook up with people to join the 'mile high club'.",False,en,2.3498,2025-04-18,4.206,17
1681077,Kayilan,Kayilan,The conflict between justice and the rule of law.,False,ta,1.2828,2025-10-10,0.0,0
1669057,Check-In,Check-In,"VMX hottest star Aliya Raymundo teams up with sexy siren Anya Austria as two receptionists in a cheap motel. Their quiet routine heats up with the arrival of a mysterious regular guest who begins to stir tension, desire, and conflict in their fragile relationship.",False,tl,21.25,2026-05-01,6.25,4
557,Spider-Man,Spider-Man,"After being bitten by a genetically altered spider at Oscorp, nerdy but endearing high school student Peter Parker is endowed with amazing powers to become the superhero known as Spider-Man.",False,en,45.182,2002-05-01,7.333,20778
976734,Canary Black,Canary Black,"Top level CIA agent Avery Graves is blackmailed by terrorists into betraying her own country to save her kidnapped husband. Cut off from her team, she turns to her underworld contacts to survive and help locate the coveted intelligence that the kidnappers want.",False,en,3.9549,2024-10-10,6.22,507
1339876,Mardaani 3,मर्दानी 3,"Officer Shivani Shivaji Roy returns to hunt down those behind the disappearance of young girls, risking everything to bring them back alive.",False,hi,9.4131,2026-01-30,7.4,35
1303357,Silent Rebellion,À bras-le-corps,"15-year-old Emma, pregnant after a rape, defies her repressive rural Protestant community to carve a path of self-determination, transforming trauma into a catalyst for emancipation while confronting the moral hypocrisy of the village and the spectre of World War II around her.",False,fr,2.1649,2026-01-29,6.9,4
1101179,Unreachable,片思い世界,"Three young women live together in an old house in a corner of Tokyo. They are not related by blood, but they have been bound together by a strong bond for 12 years. They care about each other and spend their own ordinary days together. The matter of unrequited love arises for them that they can't tell anyone.",False,ja,2.7819,2025-04-04,8.5,13
1327690,One Mile: Chapter Two,One Mile: Chapter Two,"Former special forces operative Danny is forced back onto a remote island when a violent, secretive community takes revenge by abducting his daughter Alex, launching a relentless hunt against enemies prepared for his every move.",False,en,2.735,2026-02-27,6.904,73
1146344,Misdirection,Misdirection,"A desperate couple have pulled off a string of high-end break-ins to pay off a mob debt. When they attempt to rob their latest victim, they find themselves caught in a deadly game of cat and mouse. The tables are turned and the hunters become the hunted.",False,en,4.4669,2026-02-10,6.008,60
1721637,Five Nights at Freddy's 3,Five Nights at Freddy's 3,The third installment in the franchise. Plot TBA.,False,en,1.6635,,0.0,0
1469904,"The younger college student fell hard for a bunny girl, but she was a single mom. A young wife who, despite being busy in her messy apartment, lets me cum inside her. Honjo Suzu",年下の大学生がガチ恋したバニーガールはシンママだった 子育てに追われて散らかったマンションで根暗な僕の暴走した性欲を受け止め中出しさせてくれる若妻 本庄鈴,"The protagonist is a shy college student who frequents a bunny girl bar to experience female interaction.  He begins to develop an attraction to Suzu, captivated by her obvious physical beauty.  As they grow closer, Suzu invites him to her apartment, where he discovers that she lives in a messy apartment, as she happens to be a hardworking single mom.  Despite this revelation, his feelings for Suzu remain unchanged, and they end up engaging in steamy, unprotected creampie sex.",False,ja,5.4003,2025-03-20,0.0,0
1127674,The Forbidden City,La città proibita,"The son of an indebted restaurant owner joins a foreign girl in search of her sister. Together, they’ll have to fight side by side against the most ruthless members of the Roman criminal underworld.",False,it,3.6797,2025-03-08,6.966,338
1087891,The Amateur,The Amateur,"After his life is turned upside down when his wife is killed in a London terrorist attack, a brilliant but introverted CIA decoder takes matters into his own hands when his supervisors refuse to take action.",False,en,8.7311,2025-04-09,6.937,1636
979660,Freaky Tales,Freaky Tales,"In 1987 Oakland, a mysterious force guides The Town's underdogs in four interconnected tales: teen punks defend their turf against Nazi skinheads, a rap duo battles for hip-hop immortality, a weary henchman gets a shot at redemption, and an NBA All-Star settles the score.",False,en,3.7435,2025-04-04,6.3,240
845781,Red One,Red One,"After Santa Claus (codename: Red One) is kidnapped, the North Pole's Head of Security must team up with the world's most infamous tracker in a globe-trotting, action-packed mission to save Christmas.",False,en,9.3902,2024-10-31,6.982,3060
806704,The Batman: Part II,The Batman: Part II,Sequel to the 2022 film The Batman.,False,en,7.0204,2027-09-30,0.0,0
1251900,The Shrine,신사: 악귀의 속삭임,"Yu-mi and her friends are staying in a small Japanese town. When Hee-jung doesn't return home for dinner, they decide to visit the shrine from her painting. Strange occurrences startle them as they explore the shrine, even some end up injuring themselves. Yu-mi senses a sinister presence lurking within. She knows the right person for this, her old shaman friend named Myung-jin. Leaving the past behind with Yu-mi, he joins Pastor Han-ju, a spiritual leader of the town. Their mysterious cooperation to keep everyone safe is about to begin.",False,ko,6.014,2026-02-06,0.0,0
1422033,The Infinite Husk,The Infinite Husk,"An alien consciousness, sent to Earth to spy on one of its own kind, learns what it means to be human.",False,en,0.6399,2026-02-06,5.4,5
1290159,A House of Dynamite,A House of Dynamite,"When a single, unattributed missile is launched at the United States, a race begins to determine who is responsible and how to respond.",False,en,5.2981,2025-10-02,6.4,1276
760329,The Smashing Machine,The Smashing Machine,"In the late 1990s, up-and-coming mixed martial artist Mark Kerr aspires to become the greatest fighter in the world. However, he must also battle his opioid dependence and a volatile relationship with his girlfriend Dawn.",False,en,3.3998,2025-10-01,6.377,631
1395661,Feels Like Home,Itt érzem magam otthon,"Rita, an ordinary, but lonely woman is kidnapped. Her captors are the Árpáds; they claim she is not called Rita but Szilvi, a runaway from their family. Rita eventually understands that the only way out is in - to escape she must impersonate Szilvi. The more she becomes the lost girl the more she finds out about the family - and understands that her life is on the line.",False,hu,1.6242,2026-02-05,7.059,17
1433929,N121 Bus de nuit,N121 Bus de nuit,"Oscar, Simon, and Aïssa, three childhood friends, go to Paris to celebrate some good news. But on the night bus taking them home—the N121—an exchange between passengers spirals out of control, and the situation quickly goes off the rails.",False,fr,1.7655,2026-02-04,7.6,8
1570215,The Forgotten President: Kim Young-sam's Era of Reform,잊혀진 대통령: 김영삼의 개혁시대,,False,ko,0.2214,2026-01-28,0.0,0
1567555,Family Business,فاميلي بيزنس,"A poor family struggles to survive through petty theft, but the father decides to abandon crime after an incident that nearly lands him in prison. He devises a different plan: each family member gets a job working for a wealthy family, concealing their familial ties. They constantly confront the stark contrast between their own world and that of their employers.",False,ar,0.9239,2026-03-21,5.5,2
1131087,The Deb,The Deb,"Taylah Simpkins, a rural teenage outcast aims to redefine herself at her town's Debutante Ball. When her cynical city cousin, Maeve, is sent to stay with her, they clash before teaming up to disrupt the status quo, finding self-acceptance and dates in the process.",False,en,1.8046,2026-04-09,6.0,1
1358280,Taboo: Family Secrets,Taboo: Family Secrets,"A family is fractured by Lukas, the patriarch, and his ongoing infidelities. When the son Tyler comes home for a visit, a taboo passion between him and his stepmother Amanda blossoms, changing the family dynamics forever. The allegiances and expectations shift radically as the truth is revealed.",False,en,10.6835,2024-10-22,5.2,8
1057888,Dry Leaf,ხმელი ფოთოლი,"Lisa, a photographer, has gone missing. The last known detail is that she had been photographing rural football stadiums in villages across Georgia. Her father, Irakli, sets out to search for her, traveling from place to place. Levani, Lisa's best friend – and an invisible person – also sets off to help.",False,ka,1.8221,2026-03-20,6.0,1
1307247,Okay! Madam 2,오케이 마담 2,"A family fresh off a daring high-altitude plane rescue gets mysteriously invited onto a luxury cruise, only to find themselves trapped in a wild, unpredictable new crisis.",False,ko,1.6421,2026-08-12,0.0,0
467914,The Land of Sometimes,The Land of Sometimes,"Twins Alfie and Elise find a magical Wish Watch on Christmas Eve and are swept by the Wish Collector into the musical Land of Sometimes, where they learn that wishes have consequences.",False,en,2.6844,2026-03-20,6.2,2
1474687,Hor Taew Tak: Haek Lee Hu,หอแต๋วแตก แหกหลีหู,"When the Empress died with a mystery, causing the nobles to shut up and find a way to solve the situation and find clues about who is behind this incident.",False,th,1.7101,2025-12-25,0.0,0
1357449,Ídolos,Ídolos,"A fiery young motorcycle racer throws away his shot at the junior championship in a reckless crash, only to receive a surprise offer from a top Moto2 team that gives him a chance at redemption. But to claim it, he must train under his estranged father, a disgraced former world champion haunted by a tragic past. As the father and son battle personal demons, media scrutiny, and a ruthless racing circuit, their fractured bond is pushed to the limit by ambition, love, and the unforgiving speed of the sport. With a wildcard entry into MotoGP on the line, they must confront the wreckage of their relationship to seize a future—on and off the track.",False,es,2.8497,2026-01-23,7.128,47
1617852,Speed Faster,Speed Faster,"Ace and his crew of elite street racers are forced into a high-stakes mission when a shadowy organization threatens someone close to him. In the aftermath of Four Amigos, they find themselves working for the infamous Church of Assassins, tasked with pulling off an impossible job. But as they push their limits, they uncover a chilling truth-failure was always part of the plan. Betrayal, speed, and survival collide in this adrenaline-fueled thriller where the real race isn't just for victory, but for their lives.",False,en,2.0734,2026-01-23,7.1,8
1550264,대한민국은 국민이 합니다,대한민국은 국민이 합니다,,False,ko,0.1678,2026-01-22,0.0,0
1723585,Slice,Slice,"2 high school kids named Dylan and Zach break into school over the weekend and encounter Slice the Killer Clown, watch as Slice terrorizes the teachers who are planning there and the students that broke into the school during one weekend..",False,en,0.2611,2024-08-22,10.0,1
1284120,The Ugly Stepsister,Den stygge stesøsteren,"In a fairy-tale kingdom where beauty is a brutal business, Elvira battles to compete with her incredibly beautiful stepsister, Agnes, and she will go to any length to catch the Prince’s eye.",False,no,8.8544,2025-03-07,7.314,1204
1630865,Petaka Gunung Welirang,Petaka Gunung Welirang,"Five friends camp on Mount Welirang. On their way to the summit, they encounter a Queen and her royal troops. What mysteries lie hidden within Mount Welirang?",False,id,1.3369,2026-07-02,0.0,0
1708177,TNA Slammiversary 2026,TNA Slammiversary 2026,"The 2026 Slammiversary is an upcoming professional wrestling pay-per-view (PPV) event produced by Total Nonstop Action Wrestling (TNA). It will take place on June 28, 2026, at the Agganis Arena in Boston, Massachusetts. It will be the 22nd event under the Slammiversary chronology, and will celebrate the promotion's 24th anniversary.",False,en,0.8408,2026-06-28,7.5,2
1707955,Cursed Meme,CURSED MEME,"Yura, a young girl who struggles to fit in with her classmates, discovers an old smartphone while helping clean out a disused school building. Out of curiosity, she and her friends power it on. Soon afterward, strange videos featuring the children themselves begin appearing on their phones. At first, the clips seem like harmless jokes and are consumed much like viral internet memes. What the children do not realize, however, is that these videos are foretelling a horrifying future that awaits them.",False,ja,0.1732,2026-07-05,0.0,0
1340110,Redux Redux,Redux Redux,"In an attempt to avenge her daughter’s death, Irene Kelly travels through parallel universes, killing her daughter’s murderer again and again. As she becomes consumed by vengeance, her humanity begins to slip away—until the cycle is disrupted when she rescues Mia, a sharp-witted teenager already marked by the killer.",False,en,7.4697,2025-12-28,6.66,159
1617191,Summer's Last Resort,Summer's Last Resort,"High-strung Summer finds herself trapped on vacation with her free-spirited mom’s corny boyfriend Glenn, who is also her vice principal. The teen sets out to salvage the trip by secretly plotting to break the couple up.",False,en,1.1639,2026-07-06,0.0,0
1720684,Tales of the Bizarre: 2026 Summer Special,世にも奇妙な物語 '26夏の特別編,"The 2026 summer special of Fuji TV’s long-running anthology series presents four new strange tales. A veteran detective investigates a crime scene where evidence and bodies seem to vanish. A woman clearing her late mother’s apartment finds the past refusing to be thrown away. A young girl uses a mysterious costume to become an adult man. And a 26-year-old man discovers that his mother has been listed for auction online. Each story leads ordinary people into a surreal, unsettling world.",False,ja,3.5505,2026-06-27,6.0,1
1451486,Uyir,ഉയിർ,,False,ml,1.6604,2026-06-26,0.0,0
1721842,Outrem,Outrem,,False,pt,3.7327,2026-07-07,0.0,0
1720717,洺河往事,洺河往事,,False,zh,0.5496,2026-06-25,0.0,0
1720206,Rik Mayall: Magnificent B'stard,Rik Mayall: Magnificent B'stard,"From early sketches to standout performances, Mayall's fearless comedy bursts with energy and intent, capturing a pivotal moment in British comedy while delivering pure entertainment.",False,en,1.8583,2026-06-25,0.0,0
1470130,The Mortuary Assistant,The Mortuary Assistant,"Rebecca Owens, a recent mortuary science graduate takes a night shift job at River Fields Mortuary. Initially, the job seems straightforward — embalming bodies, completing paperwork, and keeping things tidy. But once Rebecca starts working the night shift, things take a dark turn.",False,en,21.3838,2026-02-13,5.433,119
839033,The Lord of the Rings: The War of the Rohirrim,The Lord of the Rings: The War of the Rohirrim,"A sudden attack by Wulf, a clever and traitorous lord of Rohan seeking vengeance for the death of his father, forces Helm Hammerhand, the King of Rohan, and his people to make a daring last stand in the ancient stronghold of the Hornburg.",False,en,7.0607,2024-12-05,6.547,872
1721559,Tiempo al tiempo,Tiempo al tiempo,,False,es,0.2345,2026-07-11,0.0,0
1700187,Method Cowboy,Method Cowboy,"When a struggling actor feigns being gay to land the role of a lifetime in an Oscar-bait Cowboy Western, he decides to transform himself for the role, blurring the lines between reality and performance.",False,en,0.1622,2026-06-19,0.0,0
365177,Borderlands,Borderlands,"Returning to her home planet, an infamous bounty hunter forms an unexpected alliance with a team of unlikely heroes. Together, they battle monsters and dangerous bandits to protect a young girl who holds the key to unimaginable power.",False,en,7.1524,2024-08-07,5.587,1509
1329071,The Stories,القصص,"The Stories is a decades-spanning Egyptian family saga and love story set between the late 1960s and 1980s. The film follows Ahmed, a young man from a Middle-Class Cairo family who dreams of becoming a concert pianist. During the tense summer of 1967, as war looms over Egypt, he begins a pen-pal correspondence with an Austrian woman named Elizabeth (“Liz”). A semi-autobiographical film based on the director's parents and how they met.",False,ar,1.7753,2026-06-17,5.5,1
1595325,The Anacondas,The Anacondas,"Explorers in Mexico uncover the ruins of an ancient snake-worshiping civilization. Celebration turns to horror when they awaken an ever-growing anaconda, starved of human sacrifices for centuries. Now, the team must band together to survive.",False,en,3.1849,2025-12-19,4.571,7
1327688,One Mile: Chapter One,One Mile: Chapter One,"After being released from prison, a father tries to reconnect with his daughter by taking her on a tour of college, but they soon find themselves fighting for more than their lost relationship when a murderous cult pursues them.",False,en,5.5468,2026-02-20,7.0,100
891584,The History of Sound,The History of Sound,"In 1917, two young music students attending the Boston Conservatory bond over a mutual love of folk music. They reconnect a few years later, embarking on a song-collecting trip in the backwaters of Maine.",False,en,2.4767,2025-09-12,6.8,120
1708177,TNA Slammiversary 2026,TNA Slammiversary 2026,"The 2026 Slammiversary is an upcoming professional wrestling pay-per-view (PPV) event produced by Total Nonstop Action Wrestling (TNA). It will take place on June 28, 2026, at the Agganis Arena in Boston, Massachusetts. It will be the 22nd event under the Slammiversary chronology, and will celebrate the promotion's 24th anniversary.",False,en,0.8408,2026-06-28,7.5,2
1707955,Cursed Meme,CURSED MEME,"Yura, a young girl who struggles to fit in with her classmates, discovers an old smartphone while helping clean out a disused school building. Out of curiosity, she and her friends power it on. Soon afterward, strange videos featuring the children themselves begin appearing on their phones. At first, the clips seem like harmless jokes and are consumed much like viral internet memes. What the children do not realize, however, is that these videos are foretelling a horrifying future that awaits them.",False,ja,0.1732,2026-07-05,0.0,0
1340110,Redux Redux,Redux Redux,"In an attempt to avenge her daughter’s death, Irene Kelly travels through parallel universes, killing her daughter’s murderer again and again. As she becomes consumed by vengeance, her humanity begins to slip away—until the cycle is disrupted when she rescues Mia, a sharp-witted teenager already marked by the killer.",False,en,7.4697,2025-12-28,6.66,159
1617191,Summer's Last Resort,Summer's Last Resort,"High-strung Summer finds herself trapped on vacation with her free-spirited mom’s corny boyfriend Glenn, who is also her vice principal. The teen sets out to salvage the trip by secretly plotting to break the couple up.",False,en,1.1639,2026-07-06,0.0,0
1721842,Outrem,Outrem,,False,pt,3.7327,2026-07-07,0.0,0
1720717,洺河往事,洺河往事,,False,zh,0.5496,2026-06-25,0.0,0
1720206,Rik Mayall: Magnificent B'stard,Rik Mayall: Magnificent B'stard,"From early sketches to standout performances, Mayall's fearless comedy bursts with energy and intent, capturing a pivotal moment in British comedy while delivering pure entertainment.",False,en,1.8583,2026-06-25,0.0,0
1470130,The Mortuary Assistant,The Mortuary Assistant,"Rebecca Owens, a recent mortuary science graduate takes a night shift job at River Fields Mortuary. Initially, the job seems straightforward — embalming bodies, completing paperwork, and keeping things tidy. But once Rebecca starts working the night shift, things take a dark turn.",False,en,21.3838,2026-02-13,5.433,119
839033,The Lord of the Rings: The War of the Rohirrim,The Lord of the Rings: The War of the Rohirrim,"A sudden attack by Wulf, a clever and traitorous lord of Rohan seeking vengeance for the death of his father, forces Helm Hammerhand, the King of Rohan, and his people to make a daring last stand in the ancient stronghold of the Hornburg.",False,en,7.0607,2024-12-05,6.547,872
1721559,Tiempo al tiempo,Tiempo al tiempo,,False,es,0.2345,2026-07-11,0.0,0
1426964,State of Fear,Salve Geral: Irmandade,"As São Paulo erupts in an unprecedented wave of violence, a lawyer with underworld ties must strike a deal with the police to rescue her kidnapped niece.",False,pt,5.647,2026-02-10,5.808,73
1700187,Method Cowboy,Method Cowboy,"When a struggling actor feigns being gay to land the role of a lifetime in an Oscar-bait Cowboy Western, he decides to transform himself for the role, blurring the lines between reality and performance.",False,en,0.1622,2026-06-19,0.0,0
1071585,M3GAN 2.0,M3GAN 2.0,"After the underlying tech for M3GAN is stolen and misused by a powerful defense contractor to create a military-grade weapon known as Amelia, M3GAN's creator Gemma realizes that the only option is to resurrect M3GAN and give her a few upgrades, making her faster, stronger, and more lethal.",False,en,25.952,2025-06-25,7.196,1378
365177,Borderlands,Borderlands,"Returning to her home planet, an infamous bounty hunter forms an unexpected alliance with a team of unlikely heroes. Together, they battle monsters and dangerous bandits to protect a young girl who holds the key to unimaginable power.",False,en,7.1524,2024-08-07,5.587,1509
1329071,The Stories,القصص,"The Stories is a decades-spanning Egyptian family saga and love story set between the late 1960s and 1980s. The film follows Ahmed, a young man from a Middle-Class Cairo family who dreams of becoming a concert pianist. During the tense summer of 1967, as war looms over Egypt, he begins a pen-pal correspondence with an Austrian woman named Elizabeth (“Liz”). A semi-autobiographical film based on the director's parents and how they met.",False,ar,1.7753,2026-06-17,5.5,1
1473505,Kill Trip,Kill Trip,"On the way to a Texas music festival, a group of friends catches a ride with a magnetic van driver. But when people start vanishing, the real headliner becomes survival.",False,en,0.4748,2026-07-17,0.0,0
1595325,The Anacondas,The Anacondas,"Explorers in Mexico uncover the ruins of an ancient snake-worshiping civilization. Celebration turns to horror when they awaken an ever-growing anaconda, starved of human sacrifices for centuries. Now, the team must band together to survive.",False,en,3.1849,2025-12-19,4.571,7
1327688,One Mile: Chapter One,One Mile: Chapter One,"After being released from prison, a father tries to reconnect with his daughter by taking her on a tour of college, but they soon find themselves fighting for more than their lost relationship when a murderous cult pursues them.",False,en,5.5468,2026-02-20,7.0,100
1613650,El fantasma de mi mujer,El fantasma de mi mujer,"Fernando's perfect life with wife María and mistress Julia shatters when Julia claims she accidentally killed María. After reporting María missing, Fernando receives a call from her - and his nightmare begins.",False,es,4.9315,2026-02-20,4.7,3
848700,Minotaur,Minotaure,"When Gleb, a successful company director, finds himself under siege from mounting corporate pressures, an increasingly unstable world, and the discovery of his wife's affair, the collapse of his carefully ordered life accelerates toward violence.",False,fr,3.6413,2026-10-14,0.0,0
1408207,Zero A.D.,Zero A.D.,A brutal ruler fears a prophecy and orders the death of a child—one who will change history.,False,en,1.5303,2026-12-11,0.0,0
1285895,Late Fame,Late Fame,"Legendary New York poet Ed Saxberger's forgotten works captivate an eccentric group of young creatives, reigniting his artistic passion. Their intrigue intertwines with the bewitching presence of actress Gloria.",False,en,3.9316,2026-08-07,0.0,0
1535349,Time of Cinema,극장의 시간들,"The story of those who see and make films, and the cinema that brings them together.",False,ko,1.1022,2026-03-18,5.0,1
1369605,Mr Doom,Mr Doom,Jack and Charlie are an unlikely pair on a dangerous path to self destruction in a world of their own design. Both struggling to keep up a bygone lifestyle that revolves around a green felt table with six pockets and sixteen balls.,False,en,0.3322,2024-11-15,4.3,3
1222064,River of Blood,River of Blood,Four kayakers take the wrong river into a jungle inhabited by a tribe of merciless cannibals.,False,en,2.5102,2024-12-12,5.909,110
1160018,Kill,KILL,"When an army commando finds out his true love is engaged against her will, he boards a New Dehli-bound train in a daring quest to derail the arranged marriage. But when a gang of knife-wielding thieves begin to terrorize innocent passengers on his train, the commando takes them on, one by one.",False,hi,6.7098,2024-07-03,7.122,503
1650066,Scream 8,Scream 8,The eighth installment in the franchise. Plot TBA.,False,en,1.0384,,0.0,0
1496378,The Jurassic Games: Extinction,The Jurassic Games: Extinction,"In this thrilling sequel to The Jurassic Games, 10 death row inmates enter a deadly VR show to battle dinosaurs for a second chance at life. But when the system malfunctions, the carnage turns real. With a new host and higher stakes, survival is no longer just a game.",False,en,2.0638,2025-06-24,4.3,13
1360829,VIRGIN PUNK Clockwork Girl,ヴァージン・パンク Clockwork Girl,"In an unforgiving world, Ubu Kamigori hunts criminals as a bounty hunter. But one day, waiting in her home is the man she shares a sordid history with—Mr. Elegance. And so, her destiny begins to unravel.",False,ja,6.789,2025-06-27,7.935,31
814889,Never Let Go,Never Let Go,"As an evil takes over the world beyond their front doorstep, the only protection for a mother and her twin sons is their house and their family’s protective bond.",False,en,4.5265,2024-09-18,6.062,618
1431071,System,सिस्टम,"When Neha Rajvansh, a privileged public prosecutor, meets Sarika Rawat, a courtroom stenographer from a humble background, their lives are thrown into upheaval where power defines truth, blurring the system and raising a question of what justice truly means to them.",False,hi,6.5674,2026-05-22,7.3,3
1444466,Awarapan 2,आवारापन २,"19 years later, Shivam is back. A man haunted by grief and loss, searching for a purpose for his life.",False,hi,1.9612,2026-08-14,0.0,0
192139,The Brink of War,The Brink of War,"President Ronald Reagan races against time to salvage a deal with Soviet leader Mikhail Gorbachev that could dismantle nuclear arsenals—or ignite disaster. With pressure mounting on all sides, every word spoken brings the world closer to peace... or destruction.",False,en,2.1575,2026-08-14,0.0,0
1499101,Night Flower,ナイトフラワー,"Driven to the brink, Natsuki makes a desperate gamble: selling drugs to make her children's dreams come true. Living a double life—mother by day, dealer by dark—where will this dangerous path lead her—?",False,ja,0.4735,2025-11-28,7.0,2
1007734,Nobody 2,Nobody 2,"Former assassin Hutch Mansell takes his family on a nostalgic vacation to a small-town theme park, only to be pulled back into violence when they clash with a corrupt operator, a crooked sheriff, and a ruthless crime boss.",False,en,26.0911,2025-08-13,6.931,1635
1427832,No Hit Wonder,No Hit Wonder,"Daniel is a singer who became famous overnight thanks to one song. But for the aspiring artist, the dream of fame was short-lived: his song turned out to be a one-hit wonder, and Daniel fell into a deep depression when his subsequent songs failed to connect with audiences. Daniel soon finds himself with few options left – he wants to end his life. However, his suicide attempt fails and he ends up in a secure psychiatric ward. He is allowed to leave on one condition: he must use his music to make a group of depressed people happy.",False,de,2.2215,2025-10-30,6.964,14
1688163,Hayok,Hayok,"A feisty thriller about a fiercely independent woman who becomes the obsession of a contractor desperate to possess her. But when betrayal turns violent, she strikes back with a revenge that destroys his pride and control.",False,tl,6.8087,2026-05-15,6.0,2
1662317,The Crash,The Crash,"A teen slams her car into a building, killing her boyfriend and his friend. What seems like a tragic accident becomes a murder case.",False,en,37.798,2026-05-14,6.917,132
1381027,Good Boy,Good Boy,"Tommy, a volatile 19-year-old, revels in drugs, parties and violence. After getting separated from his friends on a drunken bender, he is abducted by a shadowy figure. He wakes to find himself imprisoned in the basement of a remote Yorkshire house, inhabited by a very strange family. But what unfolds is not what he could possibly expect.",False,en,24.1381,2026-03-06,7.152,129
1535349,Time of Cinema,극장의 시간들,"The story of those who see and make films, and the cinema that brings them together.",False,ko,1.1022,2026-03-18,5.0,1
1369605,Mr Doom,Mr Doom,Jack and Charlie are an unlikely pair on a dangerous path to self destruction in a world of their own design. Both struggling to keep up a bygone lifestyle that revolves around a green felt table with six pockets and sixteen balls.,False,en,0.3322,2024-11-15,4.3,3
1222064,River of Blood,River of Blood,Four kayakers take the wrong river into a jungle inhabited by a tribe of merciless cannibals.,False,en,2.5102,2024-12-12,5.909,110
1160018,Kill,KILL,"When an army commando finds out his true love is engaged against her will, he boards a New Dehli-bound train in a daring quest to derail the arranged marriage. But when a gang of knife-wielding thieves begin to terrorize innocent passengers on his train, the commando takes them on, one by one.",False,hi,6.7098,2024-07-03,7.122,503
1650066,Scream 8,Scream 8,The eighth installment in the franchise. Plot TBA.,False,en,1.0384,,0.0,0
1496378,The Jurassic Games: Extinction,The Jurassic Games: Extinction,"In this thrilling sequel to The Jurassic Games, 10 death row inmates enter a deadly VR show to battle dinosaurs for a second chance at life. But when the system malfunctions, the carnage turns real. With a new host and higher stakes, survival is no longer just a game.",False,en,2.0638,2025-06-24,4.3,13
1360829,VIRGIN PUNK Clockwork Girl,ヴァージン・パンク Clockwork Girl,"In an unforgiving world, Ubu Kamigori hunts criminals as a bounty hunter. But one day, waiting in her home is the man she shares a sordid history with—Mr. Elegance. And so, her destiny begins to unravel.",False,ja,6.789,2025-06-27,7.935,31
814889,Never Let Go,Never Let Go,"As an evil takes over the world beyond their front doorstep, the only protection for a mother and her twin sons is their house and their family’s protective bond.",False,en,4.5265,2024-09-18,6.062,618
1431071,System,सिस्टम,"When Neha Rajvansh, a privileged public prosecutor, meets Sarika Rawat, a courtroom stenographer from a humble background, their lives are thrown into upheaval where power defines truth, blurring the system and raising a question of what justice truly means to them.",False,hi,6.5674,2026-05-22,7.3,3
1444466,Awarapan 2,आवारापन २,"19 years later, Shivam is back. A man haunted by grief and loss, searching for a purpose for his life.",False,hi,1.9612,2026-08-14,0.0,0
192139,The Brink of War,The Brink of War,"President Ronald Reagan races against time to salvage a deal with Soviet leader Mikhail Gorbachev that could dismantle nuclear arsenals—or ignite disaster. With pressure mounting on all sides, every word spoken brings the world closer to peace... or destruction.",False,en,2.1575,2026-08-14,0.0,0
1499101,Night Flower,ナイトフラワー,"Driven to the brink, Natsuki makes a desperate gamble: selling drugs to make her children's dreams come true. Living a double life—mother by day, dealer by dark—where will this dangerous path lead her—?",False,ja,0.4735,2025-11-28,7.0,2
1007734,Nobody 2,Nobody 2,"Former assassin Hutch Mansell takes his family on a nostalgic vacation to a small-town theme park, only to be pulled back into violence when they clash with a corrupt operator, a crooked sheriff, and a ruthless crime boss.",False,en,26.0911,2025-08-13,6.931,1635
1427832,No Hit Wonder,No Hit Wonder,"Daniel is a singer who became famous overnight thanks to one song. But for the aspiring artist, the dream of fame was short-lived: his song turned out to be a one-hit wonder, and Daniel fell into a deep depression when his subsequent songs failed to connect with audiences. Daniel soon finds himself with few options left – he wants to end his life. However, his suicide attempt fails and he ends up in a secure psychiatric ward. He is allowed to leave on one condition: he must use his music to make a group of depressed people happy.",False,de,2.2215,2025-10-30,6.964,14
1688163,Hayok,Hayok,"A feisty thriller about a fiercely independent woman who becomes the obsession of a contractor desperate to possess her. But when betrayal turns violent, she strikes back with a revenge that destroys his pride and control.",False,tl,6.8087,2026-05-15,6.0,2
1662317,The Crash,The Crash,"A teen slams her car into a building, killing her boyfriend and his friend. What seems like a tragic accident becomes a murder case.",False,en,37.798,2026-05-14,6.917,132
1381027,Good Boy,Good Boy,"Tommy, a volatile 19-year-old, revels in drugs, parties and violence. After getting separated from his friends on a drunken bender, he is abducted by a shadowy figure. He wakes to find himself imprisoned in the basement of a remote Yorkshire house, inhabited by a very strange family. But what unfolds is not what he could possibly expect.",False,en,24.1381,2026-03-06,7.152,129
1432547,ALL YOU NEED IS KILL,ALL YOU NEED IS KILL,"When a massive alien flower known as ""Darol"" unexpectedly erupts in a deadly event, unleashing monstrous creatures that decimate the population of Japan, Rita is caught in the destruction—and killed. But then she wakes up again. And again. Caught in an endless time loop, Rita must navigate the trauma and repetition of death until she crosses paths with Keiji, a shy young man trapped in the same cycle. Together, they fight to break free from the loop and find meaning in the chaos around them.",False,ja,3.1752,2026-01-09,6.3,23
1658982,The Roast of Kevin Hart,The Roast of Kevin Hart,Kevin Hart is in the hot seat and ready for all the smoke as roastmaster Shane Gillis and a dais of A-listers unleash a raw and ruthless night of laughs.,False,en,4.9316,2026-05-10,6.063,24
1537690,Busted Water Pipes,爆水管,"A crime-fighting cop maintains a zero-crime rate and faces job loss, so he decides to fabricate a major case, unaware that actual grave robbers are targeting a treasure-filled tomb located directly beneath his police station.",False,zh,0.641,2026-01-23,5.556,9
1393083,My Name,내 이름은,"South Korea, 1998: While the country moves closer towards democracy, Young-oak remains at odds with his female-connotated name while attending a boy's school where the air is thick with testosterone. The young man is struggling to fit in and find a new name among corrupt teachers and the teenagers' violent power games, which are as subtle as they are extreme. Behind his mother Jeong-sun's seemingly unflappable exterior, a past long repressed is reemerging, which she is reluctant to face. Yet confrontation is unavoidable – and it leads back to the national tragedy surrounding the Jeju Uprising of April 3rd, 1948.",False,ko,0.9675,2026-04-15,8.3,3
1598785,Milky☆Subway: The Galactic Limited Express - the Movie,銀河特急 ミルキー☆サブウェイ 各駅停車劇場行き,"Six delinquents are tasked with cleaning a train as part of a community service program. But when the train suddenly takes off, chaos ensues.",False,ja,19.3692,2026-02-06,9.3,28
1723974,CRASHCAT,CRASHCAT,"During her final exam, hot-headed space cadet Crashcat must rein in her fiery temper—or risk losing more than just her diploma.",False,en,0.0786,,0.0,0
1557079,Florence PD: The Jim Wolowitz Story,Florence PD: The Jim Wolowitz Story,"In the dusty backwaters of Florence, Kentucky, Patrol Officer Jim Wolowitz is the last guy you’d trust with a badge and unfortunately, the only person left wearing one. When a string of increasingly bizarre crimes rocks the town—a panty theft epidemic, illegal moonshine being sold to children, and missing racehorses turning up in Chinese food—Jim is forced to unravel a tangled conspiracy involving local weirdos, an unstable sheriff, and a shadowy notebook that seems to connect it all. Soon, Jim will have to face his ultimate fear: actual police work.",False,en,0.1181,2025-06-27,0.0,0
1459402,German Horror Story - Teutonic Terror Tales,German Horror Story - Teutonic Terror Tales,,False,de,1.1817,2025-05-17,0.0,0
1324923,A Quiet Place Part III,A Quiet Place Part III,The third installment in the franchise. Plot TBA.,False,en,1.6584,2027-07-28,0.0,0
1118031,Apocalypse Z: The Beginning of the End,Apocalipsis Z: el principio del fin,"When a kind of rabies that transforms people into aggressive creatures spreads across the planet, Manel isolates himself at home with his cat, relying on his wits to survive; but soon they must go out in search of food, by land and by sea, dodging many dangers.",False,es,21.5113,2024-10-04,6.731,1256
1087822,Hellboy: The Crooked Man,Hellboy: The Crooked Man,"Hellboy and a rookie BPRD agent get stranded in 1950s rural Appalachia. There, they discover a small community haunted by witches, led by a local devil with a troubling connection to Hellboy's past: the Crooked Man.",False,en,20.1235,2024-08-29,5.162,566
1000837,I'm Still Here,Ainda Estou Aqui,A woman married to a former politician during the 1971 military dictatorship in Brazil is forced to reinvent herself and chart a new course for her family after a violent and arbitrary act.,False,pt,4.2961,2024-09-19,7.897,1076
823219,Flow,Straume,"A solitary cat, displaced by a great flood, finds refuge on a boat with various species and must navigate the challenges of adapting to a transformed world together.",False,lv,14.1253,2024-08-29,8.075,2884
774100,"Alexander and the Terrible, Horrible, No Good, Very Bad Road Trip","Alexander and the Terrible, Horrible, No Good, Very Bad Road Trip",Eleven-year-old Alexander and his family embark on a dream Spring Break vacation to Mexico City only to have all their plans go terribly wrong when they discover a cursed idol.,False,en,2.3353,2025-03-26,6.139,83
393209,Avatar 5,Avatar 5,The fifth installment of the franchise. Plot TBA.,False,en,3.1911,2031-12-17,0.0,0
216527,Avatar 4,Avatar 4,The fourth installment of the franchise. Plot TBA.,False,en,5.5375,2029-12-19,0.0,0
1464374,The Tigers,Los Tigres,"Antonio and Estrella are diving siblings. He works in maritime works, she studies underwater life and assists him. Its precarious economy could improve after finding cocaine hidden in the hull of a ship anchored in Huelva.",False,es,1.9295,2025-10-31,6.1,91
1399462,Calle Malaga,Calle Málaga,"Maria Angeles, a 79-year-old Spanish woman, lives alone in Tangier, Morocco, and enjoys her daily routine. However, her life is turned upside down when her daughter arrives from Madrid to sell the apartment in which she has always lived. Determined to stay, she does everything she can to get her home and her belongings back and, unexpectedly, rediscovers love and sensuality.",False,es,1.1738,2025-10-31,7.3,49
1321179,The King's Warden,왕과 사는 남자,"In a remote mountain village of 15th-century Joseon, humble headman Heung-do hears a rumor that any village hosting an exiled nobleman will be blessed with abundance and fortune. Hoping to bring prosperity to his impoverished community, he eagerly submits a petition to host one—unaware that his guest is none other than the fallen monarch, deposed boy-king Danjong.",False,ko,9.0959,2026-02-04,7.2,22
1242501,Icefall,Icefall,"A young Indigenous game warden arrests an infamous poacher only to discover that the poacher knows the location of a plane carrying millions of dollars that has crashed in a frozen lake. When a group of criminals and dirty cops are alerted to the poacher’s whereabouts, the warden and the poacher team up to fight back and escape across the treacherous lake before the ice melts.",False,en,5.8385,2025-10-16,6.263,186
1722316,Knight Of Wands,Knight Of Wands,A woman faces her controlling partner and the tool that gives him the power upon rekindling a relationship with a lost friend.,False,en,0.2024,2026-06-28,0.0,0
1641319,Sniper: No Nation,Sniper: No Nation,Brandon Beckett and Agent Zero lead a rescue mission in Costa Verde when their friends are taken hostage.,False,en,37.4952,2026-04-07,6.718,62
1341137,A Great Awakening,A Great Awakening,One of the most defining moments in American history is the story of an unlikely friendship between the Reverend George Whitefield and Benjamin Franklin.,False,en,4.891,2026-04-03,7.0,13
299534,Avengers: Endgame,Avengers: Endgame,"After the devastating events of Avengers: Infinity War, the universe is in ruins due to the efforts of the Mad Titan, Thanos. With the help of remaining allies, the Avengers must assemble once more in order to undo Thanos' actions and restore order to the universe once and for all, no matter what consequences may be in store.",False,en,28.1852,2019-04-24,8.237,27936
1474226,Evil Dress,El vestido,"After a difficult divorce, Alicia moves into an old house with her daughter Carla, unaware that it hides a past of recurrent tragedy. As Carla senses perturbing presences, Alicia begins to doubt her own sanity. A blue dress connects Carla to the ghost of a girl from the past, triggering terrifying events. Mother and daughter will try to escape the house, but the house won’t let them get away so easily.",False,es,1.8808,2026-02-13,6.4,5
1297467,The Exorcist: Martyrs,The Exorcist: Martyrs,A small-town rookie detective takes on a case involving inconceivable darkness.,False,en,2.5271,2027-03-11,0.0,0
1533820,Return of The Mack,Return of The Mack,"Ex-con Golden Mickens learns his daughter's trapped in a trafficking ring. Using his street knowledge, he must confront his criminal past and navigate Detroit's underworld to save her.",False,en,0.6926,2026-04-17,0.0,0
1477104,Shaun the Sheep: The Beast of Mossy Bottom,Shaun the Sheep: The Beast of Mossy Bottom,"The residents of Mossy Bottom Farm looking forward to Halloween – until the clumsy Farmer trashes the flock’s beloved pumpkin patch! When Shaun turns mad scientist to fix the problem, things rapidly spiral out of control. With the Farmer missing and a wild beast roaming the woods of Mossingham, all the ingredients are in place for a monstrously fun family adventure.",False,en,2.0071,2026-09-17,0.0,0
1723527,Traces of Love,Askin Izleri,"A secret rivalry has existed for years between three close friends: Hande, Cansu, and Eda. The balance is shaken when Hande decides to marry Kerem, who seems like the ""perfect man."" This is because Kerem has been involved with both Cansu and Eda in the past. This time, the traces of love are about to descend into chaos.",False,tr,0.1261,2025-12-17,0.0,0
1393083,My Name,내 이름은,"South Korea, 1998: While the country moves closer towards democracy, Young-oak remains at odds with his female-connotated name while attending a boy's school where the air is thick with testosterone. The young man is struggling to fit in and find a new name among corrupt teachers and the teenagers' violent power games, which are as subtle as they are extreme. Behind his mother Jeong-sun's seemingly unflappable exterior, a past long repressed is reemerging, which she is reluctant to face. Yet confrontation is unavoidable – and it leads back to the national tragedy surrounding the Jeju Uprising of April 3rd, 1948.",False,ko,0.9675,2026-04-15,8.3,3
1598785,Milky☆Subway: The Galactic Limited Express - the Movie,銀河特急 ミルキー☆サブウェイ 各駅停車劇場行き,"Six delinquents are tasked with cleaning a train as part of a community service program. But when the train suddenly takes off, chaos ensues.",False,ja,19.3692,2026-02-06,9.3,28
1723974,CRASHCAT,CRASHCAT,"During her final exam, hot-headed space cadet Crashcat must rein in her fiery temper—or risk losing more than just her diploma.",False,en,0.0786,,0.0,0
1557079,Florence PD: The Jim Wolowitz Story,Florence PD: The Jim Wolowitz Story,"In the dusty backwaters of Florence, Kentucky, Patrol Officer Jim Wolowitz is the last guy you’d trust with a badge and unfortunately, the only person left wearing one. When a string of increasingly bizarre crimes rocks the town—a panty theft epidemic, illegal moonshine being sold to children, and missing racehorses turning up in Chinese food—Jim is forced to unravel a tangled conspiracy involving local weirdos, an unstable sheriff, and a shadowy notebook that seems to connect it all. Soon, Jim will have to face his ultimate fear: actual police work.",False,en,0.1181,2025-06-27,0.0,0
1459402,German Horror Story - Teutonic Terror Tales,German Horror Story - Teutonic Terror Tales,,False,de,1.1817,2025-05-17,0.0,0
1324923,A Quiet Place Part III,A Quiet Place Part III,The third installment in the franchise. Plot TBA.,False,en,1.6584,2027-07-28,0.0,0
1118031,Apocalypse Z: The Beginning of the End,Apocalipsis Z: el principio del fin,"When a kind of rabies that transforms people into aggressive creatures spreads across the planet, Manel isolates himself at home with his cat, relying on his wits to survive; but soon they must go out in search of food, by land and by sea, dodging many dangers.",False,es,21.5113,2024-10-04,6.731,1256
1087822,Hellboy: The Crooked Man,Hellboy: The Crooked Man,"Hellboy and a rookie BPRD agent get stranded in 1950s rural Appalachia. There, they discover a small community haunted by witches, led by a local devil with a troubling connection to Hellboy's past: the Crooked Man.",False,en,20.1235,2024-08-29,5.162,566
1000837,I'm Still Here,Ainda Estou Aqui,A woman married to a former politician during the 1971 military dictatorship in Brazil is forced to reinvent herself and chart a new course for her family after a violent and arbitrary act.,False,pt,4.2961,2024-09-19,7.897,1076
823219,Flow,Straume,"A solitary cat, displaced by a great flood, finds refuge on a boat with various species and must navigate the challenges of adapting to a transformed world together.",False,lv,14.1253,2024-08-29,8.1,2884
774100,"Alexander and the Terrible, Horrible, No Good, Very Bad Road Trip","Alexander and the Terrible, Horrible, No Good, Very Bad Road Trip",Eleven-year-old Alexander and his family embark on a dream Spring Break vacation to Mexico City only to have all their plans go terribly wrong when they discover a cursed idol.,False,en,2.3353,2025-03-26,6.139,83
393209,Avatar 5,Avatar 5,The fifth installment of the franchise. Plot TBA.,False,en,3.1911,2031-12-17,0.0,0
216527,Avatar 4,Avatar 4,The fourth installment of the franchise. Plot TBA.,False,en,5.5375,2029-12-19,0.0,0
1464374,The Tigers,Los Tigres,"Antonio and Estrella are diving siblings. He works in maritime works, she studies underwater life and assists him. Its precarious economy could improve after finding cocaine hidden in the hull of a ship anchored in Huelva.",False,es,1.9295,2025-10-31,6.1,91
1584779,The Body in the Locker,The Body in the Locker,"When Amy, the CEO of a major charity, loses her father, she's shocked to discover he owned a mysterious storage locker with a deadly secret inside - the body of a woman. Was her father a murderer? Who was this woman?",False,en,0.9609,2025-11-23,5.0,2
974250,Greedy People,Greedy People,"The eclectic residents of a small, picturesque island town must navigate a sensational murder and the discovery of a million dollars, leading to a series of increasingly bad decisions which upend the once-peaceful community.",False,en,3.6059,2024-08-23,6.351,274
956842,Fly Me to the Moon,Fly Me to the Moon,"Sparks fly in all directions as marketing maven Kelly Jones, brought in to fix NASA's public image, wreaks havoc on Apollo 11 launch director Cole Davis' already difficult task of putting a man on the moon. When the White House deems the mission too important to fail, Jones is directed to stage a fake moon landing as backup, and the countdown truly begins.",False,en,4.4556,2024-07-10,6.805,1167
934584,Rich Flu,La fiebre de los ricos,"A strange disease kills off some of the richest and most influential people on the planet. First it was the billionaires, then the multi-millionaires and so on progressively... Then it threatens to strike anyone with any sort of fortune. With the whole world panicking, people try to flood the market with assets the world no longer wants.",False,es,1.3366,2024-12-12,5.382,114
896151,Blitz,Blitz,"In World War II London, nine-year-old George is evacuated to the countryside by his mother, Rita, to escape the bombings. Defiant and determined to return to his family, George embarks on an epic, perilous journey back home as Rita searches for him.",False,en,2.014,2024-11-01,5.978,253
668489,Havoc,Havoc,"When a drug heist swerves lethally out of control, a jaded cop fights his way through a corrupt city's criminal underworld to save a politician's son.",False,en,6.0643,2025-04-25,6.366,1252
661539,A Complete Unknown,A Complete Unknown,"New York, early 1960s. Against the backdrop of a vibrant music scene and tumultuous cultural upheaval, an enigmatic 19-year-old from Minnesota arrives in the West Village with his guitar and revolutionary talent, destined to change the course of American music.",False,en,5.942,2024-12-25,7.069,1466
1497788,"Wild Nights, Tamed Beasts",长夜将尽,"Delves into the realities of an aging society and centers on Ye Xiaolin – a former killer turned caregiver. She infiltrates and kills seniors under the guise of offering care, but her life takes an unexpected turn after a chance encounter with zookeeper Ma Deyong. As their fates become entangled and detective Zhou Ping begins to investigate the string of murders, a gripping story unfolds. The film raises awareness of aging-related societal issues by focusing on the themes of death, family dynamics, and the dignity of aging.",False,zh,1.3825,2026-03-14,5.5,6
1044768,Looking Through Water,Looking Through Water,"William McKay’s successful New York executive career is in ruins after a shocking betrayal. Called by his estranged father, William travels to Belize for a father & son fishing tournament that reopens old wounds and sparks new understanding. Decades later, William recalls that pivotal trip as he tries to connect with his angry, distant grandson.",False,en,1.5412,2025-09-03,5.9,9
814795,Pierre the Pigeon-Hawk,Pierre the Pigeon-Hawk,"Set in NYC, the musically driven comedy centers on Pierre, born as a product of forbidden love between a hawk and a pigeon. Pierre is rejected by both communities. Tired of not fitting in, Pierre sets out on a mission to discover where he truly belongs.",False,en,1.4325,2027-03-24,0.0,0
1266643,Day Drinker,Day Drinker,"A cruise ship bartender meets a mysterious day drinker, only for both of them to find themselves entangled in a criminal underbelly and connected in unexpected ways.",False,en,1.6524,2027-03-25,0.0,0
791523,Wildwood,Wildwood,"Prue and her classmate Curtis are drawn into a forbidden magical forest filled with enchanted creatures, loyal allies, and formidable adversaries as they embark on a desperate quest to save Prue’s kidnapped baby brother, Mac, from the crows led by a mysterious woman named Alexandra.",False,en,3.6703,2026-10-22,0.0,0
755898,War of the Worlds,War of the Worlds,"Will Radford is a top analyst for Homeland Security who tracks potential threats through a mass surveillance program, until one day an attack by an unknown entity leads him to question whether the government is hiding something from him... and from the rest of the world.",False,en,70.4077,2025-07-29,4.1,1018
8835,Legally Blonde,Legally Blonde,"Fashionable sorority queen Elle Woods has it all, but, she wants nothing more than to be Mrs. Warner Huntington III. But he dumps her before heading to Harvard Law School. Elle rallies all of her resources and gets into Harvard, determined to win him back. While there, she figures out that there is more to herself than just good looks.",False,en,12.6566,2001-07-13,6.817,4584
1561021,Mortal Kombat III,Mortal Kombat III,The third installment in the Mortal Kombat franchise. Plot TBA.,False,en,1.2807,,0.0,0
1247002,The Old Woman with the Knife,파과,"Aging assassin Hornclaw has seen it all, but she never expected to mentor a reckless rookie like Bullfight. As their unlikely bond deepens, cracks form in the underworld they navigate together. When Hornclaw discovers someone wants her dead, she's thrust into a deadly game of deception. With enemies closing in and trust in short supply, survival means staying sharp—both blade and mind.",False,ko,3.2667,2025-04-30,6.5,86
1237985,Evil Puddle,Evil Puddle,"When evil, deadly water starts pooling around their feet, the citizens of Medialight must figure out a way stay alive until it evaporates.",False,en,0.4621,2025-05-24,10.0,1
1472636,A Beautiful Day,Un bel giorno,"Tommaso, a single father of four, has shut himself off from the world. When his daughters push him to start over, he meets Lara — a brilliant, captivating woman. But both carry secrets that could change everything.",False,it,3.4843,2026-03-05,5.973,74
1071640,Ultimate Revenge,衝鋒: 火拼,"The Yau Tsim Mong area, the core commercial area of Hong Kong, has recently experienced a series of robberies. Many jewelry stores in the area have been ransacked by gangsters. Police unit is given the mission to take the gangsters into a custody, but the operation is not so easy.",False,cn,3.4966,2026-03-05,7.7,3
1315657,Yellow Letters,Gelbe Briefe,The marriage of Derya and Aziz is under pressure after losing their jobs because of state arbitrariness and moving to Istanbul to live with Aziz's parents. They and their 13-year-old daughter Ezgi have to redefine their way of life.,False,tr,2.6902,2026-03-05,7.351,37
1257406,Two Prosecutors,Zwei Staatsanwälte,"In 1937, amidst Stalin's Great Terror, a newly appointed prosecutor for the USSR is made aware of alleged corruption in the Secret Police, and takes it upon himself to investigate.",False,ru,1.8299,2025-10-03,6.882,38
1427540,Free at Heart,Free at Heart,"Sebastian's (16) sheltered small-town life changes suddenly when his family takes in 15-year-old Kolja, supposedly the son of his father's recently deceased girlfriend. In addition to his little sister, another teenager now lives with them.  Although the two boys are strangers to each other at first, they begin to open up to each other more and more and discover that they are biological brothers. The relationship of trust with his parents breaks down and when Sebastian and Kolja become closer than they expected, Sebastian's life is suddenly turned upside down, as he has found not only a soul mate in his new brother, but also a real, first love. Overwhelmed by their feelings, the two hide their relationship, but when the secret, incestuous relationship is discovered, the family breaks out of the social structure of the small town and comes into conflict with societal norms. Everything that follows is a rollercoaster of emotions.",False,de,2.5612,2026-10-29,0.0,0
1724195,Sonho Estrangeiro,Sonho Estrangeiro,"In a future where 75% of humanity lives in a virtual reality and the rest remains on an abandoned Earth, an artificial intelligence is unable to recreate images of the physical world. Helena, one of the few people still living outside, is called upon to teach the machine what it cannot comprehend: reality.",False,en,0.05,,0.0,0
1580394,119.MP4,119.MP4,A stand-up comedian who goes to a hotel for a writer’s retreat comes to realize her room is haunted. This is the footage that was left behind.,False,en,0.987,2025-01-19,8.0,1
1241436,Warfare,Warfare,"A platoon of Navy SEALs embarks on a dangerous mission in Ramadi, Iraq, with the chaos and brotherhood of war retold through their memories of the event.",False,en,23.2048,2025-04-09,7.08,1487
1225915,Jewel Thief - The Heist Begins,ज्वेल थीफ़ - The Heist Begins,"In this high-octane battle of wits and wills, ingenious con artist Rehan devises a diamond heist while trying to outsmart Rajan, his sadistic adversary.",False,hi,2.7099,2025-04-24,6.7,90
1103750,The Time It Takes,Il tempo che ci vuole,"A devoted father working in film shares a magical bond with his daughter, but as she enters adolescence and falls into addiction, he takes her to Paris in a final effort to save her and their fading connection.",False,it,0.4326,2024-09-26,6.9,88
1059064,The Instigators,The Instigators,"Rory and Cobby are unlikely partners thrown together for a heist. But when it goes awry, they team up with an unusual accomplice — Rory's therapist — to outrun police, backward bureaucrats, and a vengeful crime boss.",False,en,3.904,2024-08-02,6.136,652
1032823,Trap,Trap,"A father and teen daughter attend a pop concert, where they realize they're at the center of a dark and sinister event.",False,en,5.7951,2024-07-31,6.236,2880
558,Spider-Man 2,Spider-Man 2,"Peter Parker is going through a major identity crisis. Burned out from being Spider-Man, he decides to shelve his superhero alter ego, which leaves the city suffering in the wake of carnage left by the evil Doc Ock. In the meantime, Parker still can't act on his feelings for Mary Jane Watson, a girl he's loved since childhood. A certain anger begins to brew in his best friend Harry Osborn as well...",False,en,8.6481,2004-06-25,7.314,16448
1257009,Primitive War,Primitive War,"During the Vietnam War, a recon unit ventures to an isolated jungle valley to uncover the fate of a missing platoon. They soon find themselves in a fight for their lives against an unexpected enemy — prehistoric dinosaurs.",False,en,10.8776,2025-08-21,6.652,371
1410189,Kontinental '25,Kontinental '25,"Orsolya is a bailiff in Cluj, the main city in Transylvania. One day she has to evict a homeless man from a cellar, an action with tragic consequences that triggers a moral crisis which Orsolya must weather as best she can.",False,ro,1.2844,2025-09-24,6.529,34
11,Star Wars,Star Wars,Princess Leia is captured and held hostage by the evil Imperial forces in their effort to take over the galactic Empire. Venturesome Luke Skywalker and dashing captain Han Solo team together with the loveable robot duo R2-D2 and C-3PO to rescue the beautiful princess and restore peace and justice in the Empire.,False,en,36.2824,1977-05-25,8.205,22442
13494,Red Sonja,Red Sonja,A young girl rises from the ashes of tragedy to become the most feared warrior woman of all time: the She-Devil with a Sword.,False,en,6.0794,2025-07-31,5.6,245
1516724,Good Vibes Only,Pour le plaisir,Based on the true story of a married couple who invented a groundbreaking sex toy heralded as forever changing the way women experience pleasure.,False,fr,2.5236,2026-05-06,6.194,31
1421552,Panda Plan 2: The Magical Tribe,熊猫计划之部落奇遇记,"The panda ""Huhu"" is about to move into a brand new panda enclosure when he's suddenly confronted by international robbers. Huhu falls off a cliff while battling the robbers, only to awaken to discover he's in a mysterious tribe. To return to the enclosure, this intriguing team helps the tribe solve various problems...",False,zh,6.2507,2026-02-17,6.5,10
1381273,Paper Tiger,Paper Tiger,"Two brothers chase the American dream, but soon find themselves in the brutal world of violence and corruption of the Russian mafia.",False,en,2.7774,2026-11-13,0.0,0
1071585,M3GAN 2.0,M3GAN 2.0,"After the underlying tech for M3GAN is stolen and misused by a powerful defense contractor to create a military-grade weapon known as Amelia, M3GAN's creator Gemma realizes that the only option is to resurrect M3GAN and give her a few upgrades, making her faster, stronger, and more lethal.",False,en,25.952,2025-06-25,7.196,1378
713364,Clown in a Cornfield,Clown in a Cornfield,"Quinn and her father have just moved to the quiet town of Kettle Springs hoping for a fresh start. Instead, she discovers a fractured community that has fallen on hard times after the treasured Baypen Corn Syrup Factory burned down. As the locals bicker amongst themselves and tensions boil over, a sinister, grinning figure emerges from the cornfields to cleanse the town of its burdens, one bloody victim at a time.",False,en,5.2851,2025-05-02,6.115,573
1477826,Primal Games,Primal Games,"A newlywed couple embarks on the honeymoon of a lifetime, only to discover they are the unwitting victims of a cruel and sadistic vacation experience.",False,en,1.5135,2025-05-06,0.0,0
1247002,The Old Woman with the Knife,파과,"Aging assassin Hornclaw has seen it all, but she never expected to mentor a reckless rookie like Bullfight. As their unlikely bond deepens, cracks form in the underworld they navigate together. When Hornclaw discovers someone wants her dead, she's thrust into a deadly game of deception. With enemies closing in and trust in short supply, survival means staying sharp—both blade and mind.",False,ko,3.2667,2025-04-30,6.5,86
1237985,Evil Puddle,Evil Puddle,"When evil, deadly water starts pooling around their feet, the citizens of Medialight must figure out a way stay alive until it evaporates.",False,en,0.4621,2025-05-24,10.0,1
1646787,Sundutan,Sundutan,"A hole on the wall accidentally connects two women emotionally and physically. Forbidden love, greed, betrayal... what lies beyond the hole? And for how long can they keep covering it up?",False,tl,21.0563,2026-03-06,4.0,1
1472636,A Beautiful Day,Un bel giorno,"Tommaso, a single father of four, has shut himself off from the world. When his daughters push him to start over, he meets Lara — a brilliant, captivating woman. But both carry secrets that could change everything.",False,it,3.4843,2026-03-05,5.973,74
1071640,Ultimate Revenge,衝鋒: 火拼,"The Yau Tsim Mong area, the core commercial area of Hong Kong, has recently experienced a series of robberies. Many jewelry stores in the area have been ransacked by gangsters. Police unit is given the mission to take the gangsters into a custody, but the operation is not so easy.",False,cn,3.4966,2026-03-05,7.7,3
1257406,Two Prosecutors,Zwei Staatsanwälte,"In 1937, amidst Stalin's Great Terror, a newly appointed prosecutor for the USSR is made aware of alleged corruption in the Secret Police, and takes it upon himself to investigate.",False,ru,1.8299,2025-10-03,6.882,38
1427540,Free at Heart,Free at Heart,"Sebastian's (16) sheltered small-town life changes suddenly when his family takes in 15-year-old Kolja, supposedly the son of his father's recently deceased girlfriend. In addition to his little sister, another teenager now lives with them.  Although the two boys are strangers to each other at first, they begin to open up to each other more and more and discover that they are biological brothers. The relationship of trust with his parents breaks down and when Sebastian and Kolja become closer than they expected, Sebastian's life is suddenly turned upside down, as he has found not only a soul mate in his new brother, but also a real, first love. Overwhelmed by their feelings, the two hide their relationship, but when the secret, incestuous relationship is discovered, the family breaks out of the social structure of the small town and comes into conflict with societal norms. Everything that follows is a rollercoaster of emotions.",False,de,2.5612,2026-10-29,0.0,0
1724195,Sonho Estrangeiro,Sonho Estrangeiro,"In a future where 75% of humanity lives in a virtual reality and the rest remains on an abandoned Earth, an artificial intelligence is unable to recreate images of the physical world. Helena, one of the few people still living outside, is called upon to teach the machine what it cannot comprehend: reality.",False,en,0.05,,0.0,0
1580394,119.MP4,119.MP4,A stand-up comedian who goes to a hotel for a writer’s retreat comes to realize her room is haunted. This is the footage that was left behind.,False,en,0.987,2025-01-19,8.0,1
1241436,Warfare,Warfare,"A platoon of Navy SEALs embarks on a dangerous mission in Ramadi, Iraq, with the chaos and brotherhood of war retold through their memories of the event.",False,en,23.2048,2025-04-09,7.08,1487
1225915,Jewel Thief - The Heist Begins,ज्वेल थीफ़ - The Heist Begins,"In this high-octane battle of wits and wills, ingenious con artist Rehan devises a diamond heist while trying to outsmart Rajan, his sadistic adversary.",False,hi,2.7099,2025-04-24,6.7,90
1130863,Belle,Belle,"A couple have a peaceful existence in a small provincial town. He is a teacher and she runs an opticians practical. Their life is turned upside when Belle, a friend’s daughter who is lodging with them, is found dead in her room.  The husband becomes the prime suspect as the only one at home at the time.",False,fr,9.9853,2025-03-13,5.956,34
1103750,The Time It Takes,Il tempo che ci vuole,"A devoted father working in film shares a magical bond with his daughter, but as she enters adolescence and falls into addiction, he takes her to Paris in a final effort to save her and their fading connection.",False,it,0.4326,2024-09-26,6.9,88
1059064,The Instigators,The Instigators,"Rory and Cobby are unlikely partners thrown together for a heist. But when it goes awry, they team up with an unusual accomplice — Rory's therapist — to outrun police, backward bureaucrats, and a vengeful crime boss.",False,en,3.904,2024-08-02,6.136,652
1032823,Trap,Trap,"A father and teen daughter attend a pop concert, where they realize they're at the center of a dark and sinister event.",False,en,5.7951,2024-07-31,6.236,2880
558,Spider-Man 2,Spider-Man 2,"Peter Parker is going through a major identity crisis. Burned out from being Spider-Man, he decides to shelve his superhero alter ego, which leaves the city suffering in the wake of carnage left by the evil Doc Ock. In the meantime, Parker still can't act on his feelings for Mary Jane Watson, a girl he's loved since childhood. A certain anger begins to brew in his best friend Harry Osborn as well...",False,en,8.6481,2004-06-25,7.314,16448
1044768,Looking Through Water,Looking Through Water,"William McKay’s successful New York executive career is in ruins after a shocking betrayal. Called by his estranged father, William travels to Belize for a father & son fishing tournament that reopens old wounds and sparks new understanding. Decades later, William recalls that pivotal trip as he tries to connect with his angry, distant grandson.",False,en,1.5412,2025-09-03,5.9,9
1257009,Primitive War,Primitive War,"During the Vietnam War, a recon unit ventures to an isolated jungle valley to uncover the fate of a missing platoon. They soon find themselves in a fight for their lives against an unexpected enemy — prehistoric dinosaurs.",False,en,10.8776,2025-08-21,6.652,371
1410189,Kontinental '25,Kontinental '25,"Orsolya is a bailiff in Cluj, the main city in Transylvania. One day she has to evict a homeless man from a cellar, an action with tragic consequences that triggers a moral crisis which Orsolya must weather as best she can.",False,ro,1.2844,2025-09-24,6.529,34
13494,Red Sonja,Red Sonja,A young girl rises from the ashes of tragedy to become the most feared warrior woman of all time: the She-Devil with a Sword.,False,en,6.0794,2025-07-31,5.6,245
1380070,22 Lengths,22 Bahnen,"Tilda's days are strictly structured: she studies, works at the supermarket checkout and looks after her little sister Ida - on some days she also has to look after her alcoholic mother. But this summer brings a change: Tilda receives a promising job offer for a doctorate in Berlin. Viktor also turns up, who, like her, always swims 22 laps in the swimming pool. When Tilda begins to believe that everything could be better, the situation at home spirals out of control.",False,de,1.0818,2025-09-04,6.519,26
1382406,Striking Rescue,惊天大营救,A veteran Muay Thai expert goes on a take-no-prisoners mission of revenge after his wife and daughter are brutally murdered by mysterious forces.,False,zh,7.2846,2024-12-05,7.456,170
1136867,Materialists,Materialists,"A young, ambitious New York City matchmaker finds herself torn between the perfect match and her imperfect ex.",False,en,6.8923,2025-06-12,6.268,1341
1124620,The Monkey,The Monkey,"When twin brothers find a mysterious wind-up monkey, a series of outrageous deaths tear their family apart. Twenty-five years later, the monkey begins a new killing spree forcing the estranged brothers to confront the cursed toy.",False,en,10.3173,2025-02-10,6.0,1362
889737,Joker: Folie à Deux,Joker: Folie à Deux,"While struggling with his dual identity, Arthur Fleck not only stumbles upon true love, but also finds the music that's always been inside him.",False,en,7.366,2024-10-01,5.407,2950
1266813,"Goodbye, My Friend","Adieu, Jean-Pat","At 35, Étienne still hasn't forgiven his 'friend' Jean-Pat, who made his life miserable throughout his childhood. When he learns of Jean-Pat's death, Étienne isn't exactly devastated... Yet, despite himself, he finds himself organising the funeral of his worst enemy. One thing is certain: Jean-Pat isn't done ruining his life yet.",False,fr,0.6854,2025-09-03,5.5,26
1429520,Sidelined 2: Intercepted,Sidelined 2: Intercepted,"Freshman star quarterback Drayton struggles with the weight of expectations after a devastating setback, while dancer Dallas begins to question the future she thought she wanted. As their high school relationship begins to unravel under the pressures of distance and self-discovery, they’ll learn that the bravest versions of themselves emerge when they let life redirect them.",False,en,9.5867,2025-11-27,6.89,100
1447649,A Tailor-Made Romance,A Tailor-Made Romance,"A struggling designer takes a job as a personal stylist for a grumpy but ridiculously handsome billionaire. As she revamps his wardrobe and he teaches her about business, they realize they just might be the perfect fit.",False,en,0.534,2025-10-12,3.5,2
1325556,Sugar,슈가,"A hard-working mom Mira's 9-year-old son Dong-myung collapses out of the blue due to Type-1 diabetes. Realizing Dong-myung now has to painfully take blood tests 365 days, her heart drops. Mira desperately looks for painless blood sugar monitoring devices globally and ends up importing 'DexCom' device, first time ever in Korea. Feeling empathetic to other patients, she begins to help other moms to buy the devices. However, Mira faces accusations of illegal import. She decides to take on the world for those in pain. Will Mira continue this battle, not just for her son but for the greater good?",False,ko,0.999,2026-01-21,7.0,3
1434973,The Truce,La tregua,"Karlag, short for Karaganda Corrective Labor Camp, was one of the largest labor camps within the Soviet Gulag system. Established in 1931, it was located in the Karagandy Region of Kazakhstan. The film will explore the hardships faced by people during the 1930s-1950s and the resilience of human dignity despite the daily struggle for survival. The atmosphere of Karlag will be conveyed through costumes, props, and sets created after extensive research in archives and museums.",False,es,1.7143,2025-10-10,6.39,50
1361952,Green and Gold,Green and Gold,"With American farms disappearing, a fourth-generation dairy farmer and his granddaughter fight to preserve their way of life. Facing foreclosure, they wager everything on their beloved Green Bay Packers in a Hail-Mary effort to save their little chunk of dirt.",False,en,1.1533,2025-01-31,7.0,21
1242015,Young Mothers,Jeunes mères,"Housed in a shelter for young mothers, Jessica, Perla, Julia, Ariane, and Naïma, all of whom have grown up in difficult circumstances, struggle to obtain a better life for themselves and their children.",False,fr,1.9055,2025-05-23,6.517,60
1107215,Once Upon My Mother,"Ma mère, Dieu et Sylvie Vartan","In 1963, Esther gives birth to Roland, the youngest of a large family. Roland is born with a club foot that prevents him from standing. Against everyone's advice, she promises her son that he will walk like the others and that he will have a fabulous life. From then on, Esther will do everything in her power to keep this promise. Through decades of trials and miracles of life, this film is the story of a true, funny and moving story, that of an incredible destiny and the greatest love there is: that of a mother for her child.",False,fr,1.9846,2025-03-19,6.957,247
1714910,SOS Save Our Students,SOS ก้าวผิดชีวิตเปลี่ยน,"A young trainee teacher begins his journey into the teaching profession with hopes and ideals. His convictions are put to the test when he finds himself caught in an emotional triangle involving a female student and a male LGBTQ+ student, both deeply devoted to him. As affection turns into an increasingly complicated bond, he must confront difficult choices between professional responsibility and personal emotions.",False,th,0.5997,2026-07-02,0.0,0
1539746,President Down,President Down,A secret message warning that the President's pacemaker is compromised sends her team scrambling to stop an unseen enemy demanding $100M by midnight.,False,en,1.4436,2025-08-29,5.467,15
1383154,The Eyes,눈동자,"Seo-jin, a renowned photographer, is shattered by the sudden and mysterious death of her twin sister and sets out to uncover the truth. As her investigation deepens, an unseen presence begins to close in, twisting reality and driving her into a spiral of paranoia as her vision fades away. Now trapped in encroaching darkness, Seo-jin faces a terrifying revelation that shatters everything she thought she knew.",False,ko,1.2203,2026-06-24,0.0,0
1364904,A Useful Ghost,ผีใช้ได้ค่ะ,"Worried about her husband being allergic to dust, Nat, a recently-dead woman, returns as a ghost possessing a vacuum cleaner to clean the house and protect her family from other vengeful ghosts in the house. To become a useful ghost, she needs to get rid of the useless ones.",False,th,1.5418,2025-08-27,6.3,34
1358036,Falcon and canary,صقر وكناريا,"Saqr falls in love with fashion designer Kanarya, but their love story becomes complicated due to complex family issues involving her sister and brother-in-law.",False,ar,0.7653,2026-06-24,0.0,0
1657017,Trophy,トロフィー,"The story follows So-hee, a 14-year-old Zainichi Korean girl. She goes to a Korean school and devotes herself to Korean traditional dance as her school club activities. One day, at an exchange event with a Japanese school, she befriends Mirai, a Japanese girl who shares her love of K-pop. Through this encounter, So-hee gradually begins to connect with the world beyond her own. As their friendship deepens, the two decide to sell unused items from So-hee's home on a flea market app to earn money for their favorite K-pop idols live tickets. One item fetches an unexpectedly high price-a North Korean CD, which is So-hee's father's. Sanju, the father, is the principal of a Korean elementary school. Emboldened by this success, So-hee and Mirai take it a step further, eventually selling even the medal that Sanju had been awarded by his homeland, North Korea.",False,ja,0.3326,2026-07-10,0.0,0
603,The Matrix,The Matrix,"Set in the 22nd century, The Matrix tells the story of a computer hacker who joins a group of underground insurgents fighting the vast and powerful computers who now rule the earth.",False,en,51.8196,1999-03-31,8.2,28098
1444559,Motorgasm: a cinematic act of terrorism,Motorgasme: en syk film for syke mennesker,a nun sets out on a quest of bloody vengeance to kill the sadistic criminals responsible for her sister's death.,False,no,0.3347,2026-12-01,0.0,0
1137888,The Man with the Bag,The Man with the Bag,"After Santa’s magic bag is stolen, he turns to his naughty list to find Vance, a thief, to help him get it back. Along with his daughter, Santa, and a group of misfits, Vance will have to pull off the greatest heist of his life to save Christmas.",False,en,0.8666,2026-12-02,0.0,0
1356484,"Ach, diese Lücke, diese entsetzliche Lücke","Ach, diese Lücke, diese entsetzliche Lücke","Twenty-year-old Joachim is unexpectedly accepted at drama school in Munich and moves into his grandparents' upper-class villa. From then on, he tries to find his identity as a young man between the world of theater and the everyday life of his eccentric grandparents.",False,de,1.9456,2026-01-29,7.7,34
1220522,Dacoit,డెకాయిట్,"Betrayed by his better half, a man is convicted for a crime he didn't commit. Once free, he hunts her down in pursuit of vengeance, as their stories intertwine with a series of robberies.",False,te,12.6493,2026-04-10,6.6,5
1196067,Worldbreaker,Worldbreaker,"Five years ago, a tear in the fabric of reality brought creatures to our world from an alternate dimension bent on our destruction. A father hides his daughter on an island to keep her safe while he prepares her for survival and the battles to come. But when the world is about to break, no place is safe.",False,en,14.3146,2025-10-30,6.015,230
1032892,In the Blink of an Eye,In the Blink of an Eye,"Three storylines, spanning thousands of years, intersect and reflect on hope, connection, and the circle of life.",False,en,4.8946,2026-01-26,5.7,131
1639597,The Sleepover,The Sleepover,"When a group of seven girlfriends, estranged and haunted by their past, reunite at a remote cabin for a birthday party, the celebration takes a turn in this heart-pounding psychedelic slasher.",False,en,0.0429,2025-10-24,0.0,0
1380070,22 Lengths,22 Bahnen,"Tilda's days are strictly structured: she studies, works at the supermarket checkout and looks after her little sister Ida - on some days she also has to look after her alcoholic mother. But this summer brings a change: Tilda receives a promising job offer for a doctorate in Berlin. Viktor also turns up, who, like her, always swims 22 laps in the swimming pool. When Tilda begins to believe that everything could be better, the situation at home spirals out of control.",False,de,1.0818,2025-09-04,6.519,26
1382406,Striking Rescue,惊天大营救,A veteran Muay Thai expert goes on a take-no-prisoners mission of revenge after his wife and daughter are brutally murdered by mysterious forces.,False,zh,7.2846,2024-12-05,7.456,170
1136867,Materialists,Materialists,"A young, ambitious New York City matchmaker finds herself torn between the perfect match and her imperfect ex.",False,en,6.8923,2025-06-12,6.268,1341
1124620,The Monkey,The Monkey,"When twin brothers find a mysterious wind-up monkey, a series of outrageous deaths tear their family apart. Twenty-five years later, the monkey begins a new killing spree forcing the estranged brothers to confront the cursed toy.",False,en,10.3173,2025-02-10,6.0,1362
889737,Joker: Folie à Deux,Joker: Folie à Deux,"While struggling with his dual identity, Arthur Fleck not only stumbles upon true love, but also finds the music that's always been inside him.",False,en,7.366,2024-10-01,5.407,2950
1266813,"Goodbye, My Friend","Adieu, Jean-Pat","At 35, Étienne still hasn't forgiven his 'friend' Jean-Pat, who made his life miserable throughout his childhood. When he learns of Jean-Pat's death, Étienne isn't exactly devastated... Yet, despite himself, he finds himself organising the funeral of his worst enemy. One thing is certain: Jean-Pat isn't done ruining his life yet.",False,fr,0.6854,2025-09-03,5.5,26
1429520,Sidelined 2: Intercepted,Sidelined 2: Intercepted,"Freshman star quarterback Drayton struggles with the weight of expectations after a devastating setback, while dancer Dallas begins to question the future she thought she wanted. As their high school relationship begins to unravel under the pressures of distance and self-discovery, they’ll learn that the bravest versions of themselves emerge when they let life redirect them.",False,en,9.5867,2025-11-27,6.89,100
1447649,A Tailor-Made Romance,A Tailor-Made Romance,"A struggling designer takes a job as a personal stylist for a grumpy but ridiculously handsome billionaire. As she revamps his wardrobe and he teaches her about business, they realize they just might be the perfect fit.",False,en,0.534,2025-10-12,3.5,2
1325556,Sugar,슈가,"A hard-working mom Mira's 9-year-old son Dong-myung collapses out of the blue due to Type-1 diabetes. Realizing Dong-myung now has to painfully take blood tests 365 days, her heart drops. Mira desperately looks for painless blood sugar monitoring devices globally and ends up importing 'DexCom' device, first time ever in Korea. Feeling empathetic to other patients, she begins to help other moms to buy the devices. However, Mira faces accusations of illegal import. She decides to take on the world for those in pain. Will Mira continue this battle, not just for her son but for the greater good?",False,ko,0.999,2026-01-21,7.0,3
1434973,The Truce,La tregua,"Karlag, short for Karaganda Corrective Labor Camp, was one of the largest labor camps within the Soviet Gulag system. Established in 1931, it was located in the Karagandy Region of Kazakhstan. The film will explore the hardships faced by people during the 1930s-1950s and the resilience of human dignity despite the daily struggle for survival. The atmosphere of Karlag will be conveyed through costumes, props, and sets created after extensive research in archives and museums.",False,es,1.7143,2025-10-10,6.39,50
1361952,Green and Gold,Green and Gold,"With American farms disappearing, a fourth-generation dairy farmer and his granddaughter fight to preserve their way of life. Facing foreclosure, they wager everything on their beloved Green Bay Packers in a Hail-Mary effort to save their little chunk of dirt.",False,en,1.1533,2025-01-31,7.0,21
1242015,Young Mothers,Jeunes mères,"Housed in a shelter for young mothers, Jessica, Perla, Julia, Ariane, and Naïma, all of whom have grown up in difficult circumstances, struggle to obtain a better life for themselves and their children.",False,fr,1.9055,2025-05-23,6.517,60
1107215,Once Upon My Mother,"Ma mère, Dieu et Sylvie Vartan","In 1963, Esther gives birth to Roland, the youngest of a large family. Roland is born with a club foot that prevents him from standing. Against everyone's advice, she promises her son that he will walk like the others and that he will have a fabulous life. From then on, Esther will do everything in her power to keep this promise. Through decades of trials and miracles of life, this film is the story of a true, funny and moving story, that of an incredible destiny and the greatest love there is: that of a mother for her child.",False,fr,1.9846,2025-03-19,6.957,247
1592452,Paranormal Activity 8,Paranormal Activity 8,"In the 1990s, the story returns to the roots of evil to reveal the secrets hidden behind the fire at Katie and Kristi’s house, and the dark bond that would mark Hunter’s destiny forever.",False,en,2.3887,2027-05-20,0.0,0
1322562,Mononoke the Movie: Chapter III - The Curse of the Serpent,劇場版モノノ怪 第三章 蛇神,"Peace returns to Edo Castle's Ooku, but ominous signs persist. The Medicine Seller uncovers the origins of a deadly conspiracy rooted in a 150-year-old secret involving the Ooku's creation, ancient grudges, and hidden truths. He faces the powerful serpent god, embodying the Ooku's dark history, risking everything to stop it.",False,ja,2.9307,2026-05-29,10.0,1
578,Jaws,Jaws,"When the seaside community of Amity finds itself under attack by a dangerous great white shark, the town's chief of police, a young marine biologist, and a grizzled shark hunter embark on a desperate quest to kill the beast before it strikes again.",False,en,18.5924,1975-06-20,7.683,11598
1394760,Once Upon A Lie,謊島美人魚,"Online movie critic known for his sharp reviews, has now become an AI to dish the dirt on the latest cinematic disaster, ""The Mermaid Falls for Me."" A struggling writer who's close to his mom, stumbles into an online romance with a fan of his work. He thinks he's hit the jackpot in love and heads to an island for a mix of business and pleasure. But when his internet sweetheart is a no-show and his writing gig goes south, He's left high and dry. That's when he unexpectedly connects with Wen, his innkeeper, who's actually his online crush in disguise—a woman healing from a broken heart through her anonymous internet persona. Wen, once shy and lacking confidence, comes alive with the writer’s flirty chats. The writer inspired by Wen, invites her to co-write a new spin on the tired mermaid story. But as they finish, life throws a wrench in the works: His mom falls ill. In the emotional chaos, he finds out Wen was his mystery girl all along. He reacts badly, and Wen leaves, heartbroken.",False,zh,0.7834,2025-03-23,10.0,1
1278950,The Ritual,The Ritual,"Two priests, one in crisis with his faith and the other confronting a turbulent past, must overcome their differences to perform a risky exorcism.",False,en,3.8707,2025-04-18,5.854,280
1023922,MaXXXine,MaXXXine,"In 1980s Hollywood, adult film star and aspiring actress Maxine Minx finally gets her big break. But as a mysterious killer stalks the starlets of Hollywood, a trail of blood threatens to reveal her sinister past.",False,en,5.5761,2024-07-04,6.29,1522
1500536,Dead to Rights,南京照相馆,"During the 1937 Nanjing Massacre, a postman poses as a photo developer, helping Japanese forces while secretly sheltering Chinese refugees. He later risks his life evacuating them and revealing evidence of the atrocities.",False,zh,3.3225,2025-07-19,8.0,82
597,Titanic,Titanic,"101-year-old Rose DeWitt Bukater tells the story of her life aboard the Titanic, 84 years later. A young Rose boards the ship with her mother and fiancé. Meanwhile, Jack Dawson and Fabrizio De Rossi win third-class tickets aboard the ship. Rose tells the whole story from Titanic's departure through to its death—on its first and last voyage—on April 15, 1912.",False,en,47.467,1997-12-18,7.902,27276
1471951,Undertone,Undertone,"NOTE: Not to be confused with A24's feature film Undertone directed by Ian Tuason.  A sound recordist captures strange sonic phenomena underneath their house, and things escalate from there.",False,en,0.4693,2025-08-08,4.0,1
1188761,Entroncamento,Entroncamento,"In the town of Entroncamento, violence, misfortune, greed, and loyalty rule the streets. Laura arrives there to rebuild her life, but the irresistible pull of quick money and crime immediately draws her back into a troubled past. For those she meets at this crossroads, every day presents the choice between who they were and who they might become.",False,pt,0.4742,2025-09-27,0.0,0
1663082,The Last Supper,The Last Supper,"In a deserted house, a mysterious man savors an exquisite menu in the company of an unseen guest. From this eerie dinner table, a succession of terrifying stories is revealed-each probing primal fears of hunger, flesh, and survival.",False,en,10.4113,2025-10-23,6.833,6
1317512,The World of Love,세계의 주인,"Jooin, a 17-year-old student confused by love, unleashes chaos with some words spoken in a moment of anger. Anonymous notes questioning her actions begin to arrive, altering her quiet life.",False,ko,2.5928,2025-10-22,7.742,31
1588144,Nollaí,Nollaí,"Nollaí tells the story of a young Irish deer who lives with a family of humans, as he embarks on a journey of self-discovery to find out where he came from.",False,ga,1.1474,2025-12-14,0.0,0
1694620,Haye Ni Bebe Meriye,Haye Ni Bebe Meriye,"A fierce family rivalry sparks a desperate plan to go abroad, but lies, love, and chaos soon reveal that true happiness lies back home.",False,pa,0.4526,2026-05-14,0.0,0
496243,Parasite,기생충,"All unemployed, Ki-taek's family takes peculiar interest in the wealthy and glamorous Parks for their livelihood until they get entangled in an unexpected incident.",False,ko,35.2072,2019-05-30,8.492,20803
1387976,Videoheaven,Videoheaven,"Since the 1980s, the video shop has been a desperately necessary space for film culture. In Videoheaven, Alex Ross Perry tells the story of the neighbourhood video shop to consider wider, changing social histories, using appropriated footage from the high and lowbrow.",False,en,1.2584,2025-07-02,6.0,1
1719894,Unconnected,Unconnected,"Sylvia Vanguard is a woman who seems to have it all: Money, success, and a good man. But now that she has reached her pinnacle, she's ready to take on the one thing that she has sacrificed to achieve her goals- motherhood. After being denied by her longtime boyfriend, she decides to move forward alone with using unconventional methods to have a child, and ends up getting way more than she bargained for.",False,en,3.7341,,0.0,0
1205229,Night of the Zoopocalypse,Night of the Zoopocalypse,A wolf and mountain lion team up when a meteor unleashes a virus turning zoo animals into zombies. They join forces with other survivors to rescue the zoo and stop the deranged mutant leader from spreading the virus.,False,en,3.5534,2025-01-23,6.6,94
1106739,Juror #2,Juror #2,"While serving as a juror in a high profile murder trial, family man Justin Kemp finds himself struggling with a serious moral dilemma…one he could use to sway the jury verdict and potentially convict—or free—the accused killer.",False,en,4.0528,2024-10-30,6.891,2499
1290369,Megadoc,Megadoc,"Presenting a behind-the-scenes account of a visionary at work. From Oscar-nominated Mike Figgis, Megadoc gives audiences an unfiltered and intimate look at the making of Francis Ford Coppola’s epic sci-fi drama Megalopolis.",False,en,1.603,2025-09-19,6.5,11
1337985,A Pale View of Hills,遠い山なみの光,"Dual timelines explore a Japanese widow's memories spanning post-war Nagasaki in 1950s and England during 1980s Cold War era, unraveling secrets that intertwine her past and present experiences across borders.",False,ja,2.2932,2025-09-05,7.556,18
1516698,The Last Sunrise,The Last Sunrise,"A young American woman with health challenges finds unexpected romance with a charismatic local during her summer in Majorca, forcing her to weigh her heart's desires against family obligations and her planned return home.",False,en,13.1724,2026-08-26,0.0,0
1356454,Gezhi Town,得闲谨制,"A group of Chinese refugees and straggler soldiers, led by a machinist, defend their mountain town, ""Gezhi,"" against a surprise attack by Japanese reconnaissance troops in a desperate fight using civilian ingenuity against a trained military force.",False,zh,1.8373,2025-12-06,6.9,53
1559659,The World of Hans Zimmer: A New Dimension,The World of Hans Zimmer: A New Dimension,"With The World of Hans Zimmer - A New Dimension, the music of the Oscar winner conquers the big screen. This concert in Krakow displays the entire spectrum of Hans Zimmer's work and allows the audience to experience his film music with overwhelming intensity. At this concert in Krakow, Zimmer himself is on stage for only one evening of the tour, which has just won the Opus Klassik ""Tour of the Year"" Award. The orchestra invites the audience into Hans Zimmer's world - a world of unforgettable soundscapes that have made cinematic history. New arrangements of his masterpieces from Dune: Part Two, The Lion King, Gladiator, Interstellar, and many other hit movies are staged in an energetic, visually stunning setting.",False,en,0.2214,2025-12-04,0.0,0
1300501,Patriot,പേട്രിയറ്റ്,"When a Malayali DRW analyst tries to expose a corrupt regional politician from Kerala and his malpractices regarding spyware, he goes on the run, becomes a vlogger, and must clear his name of the false allegations levelled against him.",False,ml,23.2038,2026-05-01,7.182,11
1721499,Session 14,Session 14,"A man denying his grief seeks redemption through a therapist, but when he must relive what he caused will he take responsibility?",False,en,0.5799,2026-09-01,0.0,0
1433117,Kara,கர,"A thief tries to go straight, but when predatory banks trap his father in debt, he returns to crime — with a determined cop closing in on his trail.",False,ta,10.9387,2026-04-30,6.043,23
829487,Je m'appelle Agneta,Je m'appelle Agneta,"Craving a fresh start, recently unemployed Agneta accepts an au pair gig in Provence that turns into an indulgent escape — and an unexpected awakening.",False,sv,3.9032,2026-04-28,6.575,53
896096,The Mysterious Gaze of the Flamingo,La misteriosa mirada del flamenco,"As an unknown and deadly disease begins to spread, legend has it that it is transmitted between two men, through a simple glance, when they fall in love. While people are accusing her family, Lidia must find out whether this myth is real or not.",False,es,1.556,2025-09-11,6.6,34
1180831,Troll 2,Troll 2,"When a dangerous new troll unleashes devastation across their homeland, Nora, Andreas and Major Kris embark on their most perilous mission yet.",False,no,21.4185,2025-11-30,6.385,486
1290879,The Woman in Cabin 10,The Woman in Cabin 10,"On a lavish yacht for an assignment, a journalist sees a passenger go overboard. But when no one believes her, she risks her life to uncover the truth.",False,en,3.7588,2025-10-09,6.184,1048
4232,Scream,Scream,"A year after the murder of her mother, a teenage girl is terrorized by a masked killer who targets her and her friends by using scary movies as part of a deadly game.",False,en,14.4801,1996-12-20,7.431,8031
1656061,Immortal Combat,Immortal Combat,"History's greatest warriors, including Genghis Khan and Joan of Arc, are summoned by a shadowy organization to fight in a battle to the death. But unknown to their captors, the fighters have been plotting to turn the tables and dismantle the deadly enterprise from within.",False,en,5.7435,2026-04-24,5.1,12
1304434,Nobody,浪浪山小妖怪,"The Little Pig Yao decides to leave Langlang Mountain to join the pilgrimage. On the journey west, what trials will the little monsters face? In the end, will they achieve their dreams and live as they truly desire?",False,zh,5.9382,2025-08-02,7.848,79
1108794,Sing 3,Sing 3,The third installment in the Sing franchise. Plot TBA.,False,en,1.4807,,0.0,0
1243006,H Is for Hawk,H Is for Hawk,"After losing her beloved father, Helen finds herself saved by an unlikely friendship with a stubborn hawk named Mabel. Through the bond, Helen rediscovers the beauty of being alive.",False,en,2.5562,2025-11-26,7.173,26
1151334,Eenie Meanie,Eenie Meanie,A former teenage getaway driver gets dragged back into her unsavory past when a former employer offers her a chance to save the life of her chronically unreliable ex-boyfriend.,False,en,4.614,2025-08-21,6.319,332
1511057,Roommates,Roommates,"When shy college freshman Devon asks cool-girl Celeste to be her roommate, a blossoming friendship quickly spirals into a war of passive aggression.",False,en,13.5998,2026-04-13,6.534,133
1448560,Wildcat,Wildcat,An ex-black ops team reunite to pull off a desperate heist in order to save the life of their leader’s eight-year-old daughter.,False,en,8.7641,2025-11-19,6.193,179
550,Fight Club,Fight Club,"A ticking-time-bomb insomniac and a slippery soap salesman channel primal male aggression into a shocking new form of therapy. Their concept catches on, with underground ""fight clubs"" forming in every town, until an eccentric gets in the way and ignites an out-of-control spiral toward oblivion.",False,en,48.489,1999-10-15,8.438,32248
1522027,Son of Sara,Son of Sara,"Haunted by strange urges and visions, a pregnant woman past her due date accepts an invitation to dinner where the hosts have a demented interest in the birth of her child.",False,en,1.4906,2025-11-17,10.0,1
395979,Scent of a Spell,魔性の香り,"A young man saves a woman who is trying to commit suicide, gradually discovering more about her troubled past.",False,ja,1.0586,1985-12-27,6.0,10
1396965,Detective Conan: One-Eyed Flashback,名探偵コナン 隻眼の残像,"As police inspector Yamato Kansuke pursues a certain man in the snowy mountains of Nagano, a shadow suddenly appears in his field of vision. While he's distracted, a rifle bullet fired by someone grazes his left eye and causes an avalanche accompanied by a roar. Ten months later, Kansuke, having miraculously survived the avalanche, receives a report that a researcher at the Nobeyama National Astronomical Observatory has been attacked.",False,ja,5.4518,2025-04-18,7.2,52
1252309,Tell Me What You Want,Pídeme lo que quieras,"After his father's death, Eric Zimmerman travels to Spain to oversee his company's branches. In Madrid, he falls for Judith and engage in an intense, erotic relationship full of exploration. However, Eric fears his secret may end their affair.",False,es,15.2859,2024-11-29,6.1,296
777443,The Electric State,The Electric State,"An orphaned teen hits the road with a mysterious robot to find her long-lost brother, teaming up with a smuggler and his wisecracking sidekick.",False,en,20.3265,2025-03-07,6.493,1682
1576198,Madulas,Madulas,"At the luxurious Wet & Wild Resort, a group of glamorous women become infatuated with a charming new pool boy whose irresistible allure draws them in. But as passion turns to obsession, they soon uncover a dark secret that reveals he’s not as innocent as he seems.",False,en,4.4444,2025-11-14,4.0,1
329,Jurassic Park,Jurassic Park,"A wealthy entrepreneur secretly creates a theme park featuring living dinosaurs drawn from prehistoric DNA. Before opening day, he invites a team of experts and his two eager grandchildren to experience the park and help calm anxious investors. However, the park is anything but amusing as the security systems go off-line and the dinosaurs escape.",False,en,15.8364,1993-06-11,7.97,17952
1404604,Compostelle,Compostelle,"Fred and Adam have nothing in common. Yet, they will meet while walking the Way of St. James as a form of spiritual path.",False,fr,2.8647,2026-04-01,7.125,28
1658214,Scorpio Nights 4,Scorpio Nights 4,"A countryside boy rents a room from a couple and discovers a hole exposing their secrets. His voyeurism leads into tangled affairs with two women, unraveling a twisted game of lust and betrayal.",False,tl,5.0842,2026-03-31,7.3,3
1462735,"Two Seasons, Two Strangers",旅と日々,"In summer, Nagisa and Natsuo meet by the sea. Their vacant gazes reflect each other as they exchange awkward words and wade into the rain-drenched ocean. In winter, Li, a screenwriter, travels to a snow-covered village. There, she finds a guesthouse run by Benzo.",False,ja,1.4594,2025-11-07,7.5,12
1288069,Tenzing,Tenzing,A determined man embarks on a high-stakes quest—and defies seemingly impossible odds—to fulfill his dream of being the first to reach the summit of Mount Everest.,False,en,1.789,2026-10-09,0.0,0
109445,Frozen,Frozen,"Young princess Anna of Arendelle dreams about finding true love at her sister Elsa’s coronation. Fate takes her on a dangerous journey in an attempt to end the eternal winter that has fallen over the kingdom. She's accompanied by ice delivery man Kristoff, his reindeer Sven, and snowman Olaf. On an adventure where she will find out what friendship, courage, family, and true love really means.",False,en,17.7464,2013-11-20,7.249,17626
1574341,Pride and Prejudice,Orgulho e Preconceito,"A brief tale about the 20th century, the 21th century, the 19th century and the 18th century.",False,pt,0.1826,2025-11-04,0.0,0
24428,The Avengers,The Avengers,"When an unexpected enemy emerges and threatens global safety and security, Nick Fury, director of the international peacekeeping agency known as S.H.I.E.L.D., finds himself in need of a team to pull the world back from the brink of disaster. Spanning the globe, a daring recruitment effort begins!",False,en,40.0967,2012-04-25,8.05,38565
1542877,Assassination Classroom the Movie: Our Time,劇場版「暗殺教室」みんなの時間,"United by a common mission to eliminate their teacher, Koro-sensei, an alien creature with phenomenal strength, join Nagisa and his Class 3-E classmates in brand-new adventures.",False,ja,4.9007,2026-03-20,7.1,7
1724115,Movie Night: Season 8 Love Island USA,Movie Night: Season 8 Love Island USA,A compilation of the messy decisions made by Islanders on camera. (2026),False,en,0.1429,,0.0,0
1722960,Hindsight Services,Hindsight Services,A young couple try to save their marriage after being delivered a file from the future detailing their impending divorce.,False,en,0.3143,,0.0,0
1650066,Scream 8,Scream 8,The eighth installment in the franchise. Plot TBA.,False,en,1.0384,,0.0,0
1646889,A Saga,A Saga,,False,pt,0.1222,2024-12-19,0.0,0
1638103,Constantine 2,Constantine 2,"Reeves will reprise his role as supernatural exorcist and demonologist John Constantine. Who, in the original is dying, but sticks around to save his soul by keeping demons in hell from breaching earth.",False,en,1.2902,,0.0,0
1539623,Fall Apart,Fall Apart,,False,fr,0.1856,2025-06-26,0.0,0
1501193,Technically Yours,Technically Yours,"After weeks of deep faking a boyfriend named Brad, a tech prodigy convinces her office nemesis to pose as Brad at her sister’s wedding… but lines get blurred when she starts to fall for him.",False,en,0.5856,2025-06-29,8.0,2
1492198,Artificial,Artificial,"Described as a comedic drama set in the world of artificial intelligence, around the period at OpenAI in 2023 that saw CEO Sam Altman fired and rehired in a matter of days.",False,en,1.9146,,0.0,0
1468464,OutRun,OutRun,Based on the SEGA arcade driving game where the player must avoid traffic and reach one of five destinations before time runs out. Plot TBA.,False,en,0.5954,,0.0,0
1246211,Everybody Loves Touda,في حب تودا,"Touda is a Sheikha, a traditional Moroccan singer. Performing in the bars of her provincial town under the gaze of men, she plans to leave for the lights of Casablanca in search of recognition and to ensure a better future for her deaf-mute son.",False,ar,0.5205,2024-12-18,6.0,21
1234591,My Favourite Cake,کیک محبوب من,"Mahin lives alone in Tehran since her husband’s death and her daughter’s departure for Europe, until an afternoon tea with friends leads her to break her solitary routine and revitalize her love life.",False,fa,0.9041,2024-07-11,7.3,146
1201262,Grafted,Grafted,"When an awkward but brilliant Chinese student wins a scholarship into a prestigious New Zealand University, she finds a new way of achieving the popularity she craves one bloody body at a time.",False,en,1.6154,2024-09-12,5.7,74
1130863,Belle,Belle,"A couple have a peaceful existence in a small provincial town. He is a teacher and she runs an opticians practical. Their life is turned upside when Belle, a friend’s daughter who is lodging with them, is found dead in her room.  The husband becomes the prime suspect as the only one at home at the time.",False,fr,9.9853,2025-03-13,5.956,34
1127674,The Forbidden City,La città proibita,"The son of an indebted restaurant owner joins a foreign girl in search of her sister. Together, they’ll have to fight side by side against the most ruthless members of the Roman criminal underworld.",False,it,3.6797,2025-03-08,6.966,338
1108795,Aicha,عايشة,"Aya, thirty-year-old Tunisian, lives in Tozeur, a city in southern Tunisia, at the gates of the desert. Between social diktats, conservatism and disillusionment, Aya is not the happiest girl in the world. One day, a misfortune befalls her. Aya doesn't know yet that this will be the most beautiful thing that has ever happened to her. An unexpected opportunity for this young woman who sees her life completely questioned.",False,ar,0.6517,2025-01-22,7.522,23
1094138,Jackpot!,Jackpot!,"In the near future, a 'Grand Lottery' has been established - the catch: kill the winner before sundown to legally claim their multi-billion dollar jackpot. When Katie Kim mistakenly finds herself with the winning ticket, she reluctantly joins forces with amateur lottery protection agent Noel Cassidy who must get her to sundown in exchange for a piece of her prize.",False,en,3.6357,2024-08-13,6.363,804
1023915,2073,2073,"Inspired by Chris Marker's iconic 1962 featurette La Jetée; the year is 2073—a not-so-distant dystopian future—and the setting is New San Francisco, the scorched-earth tech-dominant police state where democracy and personal freedom have been well and truly obliterated.",False,en,3.2964,2024-12-27,6.726,126
974950,Emilia Pérez,Emilia Pérez,"Rita, an underrated lawyer working for a large law firm more interested in getting criminals out of jail than bringing them to justice, is hired by the leader of a criminal organization.",False,fr,5.104,2024-08-21,6.458,1980
774370,Dog Man,Dog Man,"When a faithful police dog and his human police officer owner are injured together on the job, a harebrained but life-saving surgery fuses the two of them together and Dog Man is born. Dog Man is sworn to protect and serve—and fetch, sit and roll over. As Dog Man embraces his new identity and strives to impress his Chief, he must stop the pretty evil plots of feline supervillain Petey the Cat.",False,en,7.2925,2025-01-24,7.4,366
1723482,Eagles Become Doves,Eagles Become Doves,"A party, but its not what he expects.",False,en,0.0193,2026-07-01,0.0,0
1657110,Cinta Lama Babak Kedua #CLBK,Cinta Lama Babak Kedua #CLBK,"Ambar and Raka have planned their wedding and dreamed of a happy future together, just like any other couple. But their plans are put to the test when Akung Abi and Nin Sita — their grandfather and grandmother — turn out to be former lovers who parted ways 56 years ago. Since their youth, the relationship between Abi and Sita has been shaped by a past filled with stories that were never truly resolved. Without realizing it, that unfinished history begins to affect Ambar and Raka’s relationship in the present. The deeper they uncover their grandparents’ past, the more they feel that something has remained unsettled for the last 56 years.",False,id,1.2703,2026-07-02,0.0,0
1688632,Dua Nafas,Dua Nafas,"Anto was entrusted to his grandmother in the village, grew up to become a successful doctor, and then returned to make her proud—only to find that his grandmother had died while waiting for him.",False,id,0.5477,2026-07-02,0.0,0
1700895,"Папа, купи песика","Папа, купи песика","Milana receives a long-awaited gift from her parents—a puppy named Dippy. Her joy knows no bounds, but one day, while out for a walk, the girl gets distracted, and the puppy gets lost in the park, left all alone to face the big city. Dippy meets a street cat and a rat named Bangs, and even falls in love with a Chihuahua named Tabby. While Milana searches for her beloved pup, exciting adventures await Dippy—adventures in which he must become a true hero, capable of protecting not only himself but also his friends.",False,ru,0.4955,2026-07-02,0.0,0
1351705,Miss Mermaid,Miss Mermaid,"Freshly divorced, Fanny, a thirty-something from Fécamp, has nothing left of her marriage but a sky-blue sofa, debts she refuses to pay, and an absolute determination never to 'start her life' with a man again. Despite her burning need for freedom, this cleaning lady finds herself stuck back at her parents' house.  That is, until the day she crosses paths with Anemone, a professional mermaid passing through the region. She decides to take the plunge and dive into the world of mermaiding.",False,fr,1.7776,2026-07-01,0.0,0
1572830,Once Upon A Time,不成功穿越指南,"After failing in the big city, Chen Tao returns home and unexpectedly reunites with his deceased father through an old book, leading to whimsical adventures that heal their rift and inspire him to start anew.",False,zh,1.518,2026-07-02,0.0,0
1574341,Pride and Prejudice,Orgulho e Preconceito,"A brief tale about the 20th century, the 21th century, the 19th century and the 18th century.",False,pt,0.1826,2025-11-04,0.0,0
1542877,Assassination Classroom the Movie: Our Time,劇場版「暗殺教室」みんなの時間,"United by a common mission to eliminate their teacher, Koro-sensei, an alien creature with phenomenal strength, join Nagisa and his Class 3-E classmates in brand-new adventures.",False,ja,4.9007,2026-03-20,7.1,7
1724115,Movie Night: Season 8 Love Island USA,Movie Night: Season 8 Love Island USA,A compilation of the messy decisions made by Islanders on camera. (2026),False,en,0.1429,,0.0,0
1722960,Hindsight Services,Hindsight Services,A young couple try to save their marriage after being delivered a file from the future detailing their impending divorce.,False,en,0.3143,,0.0,0
1646889,A Saga,A Saga,,False,pt,0.1222,2024-12-19,0.0,0
1638103,Constantine 2,Constantine 2,"Reeves will reprise his role as supernatural exorcist and demonologist John Constantine. Who, in the original is dying, but sticks around to save his soul by keeping demons in hell from breaching earth.",False,en,1.2902,,0.0,0
1539623,Fall Apart,Fall Apart,,False,fr,0.1856,2025-06-26,0.0,0
1538457,Meesaya Murukku 2,மீசைய முறுக்கு 2,,False,ta,7.668,,0.0,0
1501193,Technically Yours,Technically Yours,"After weeks of deep faking a boyfriend named Brad, a tech prodigy convinces her office nemesis to pose as Brad at her sister’s wedding… but lines get blurred when she starts to fall for him.",False,en,0.5856,2025-06-29,8.0,2
1492198,Artificial,Artificial,"Described as a comedic drama set in the world of artificial intelligence, around the period at OpenAI in 2023 that saw CEO Sam Altman fired and rehired in a matter of days.",False,en,1.9146,,0.0,0
1468464,OutRun,OutRun,Based on the SEGA arcade driving game where the player must avoid traffic and reach one of five destinations before time runs out. Plot TBA.,False,en,0.5954,,0.0,0
1246211,Everybody Loves Touda,في حب تودا,"Touda is a Sheikha, a traditional Moroccan singer. Performing in the bars of her provincial town under the gaze of men, she plans to leave for the lights of Casablanca in search of recognition and to ensure a better future for her deaf-mute son.",False,ar,0.5205,2024-12-18,6.0,21
1234591,My Favourite Cake,کیک محبوب من,"Mahin lives alone in Tehran since her husband’s death and her daughter’s departure for Europe, until an afternoon tea with friends leads her to break her solitary routine and revitalize her love life.",False,fa,0.9041,2024-07-11,7.3,146
1201262,Grafted,Grafted,"When an awkward but brilliant Chinese student wins a scholarship into a prestigious New Zealand University, she finds a new way of achieving the popularity she craves one bloody body at a time.",False,en,1.6154,2024-09-12,5.7,74
1108795,Aicha,عايشة,"Aya, thirty-year-old Tunisian, lives in Tozeur, a city in southern Tunisia, at the gates of the desert. Between social diktats, conservatism and disillusionment, Aya is not the happiest girl in the world. One day, a misfortune befalls her. Aya doesn't know yet that this will be the most beautiful thing that has ever happened to her. An unexpected opportunity for this young woman who sees her life completely questioned.",False,ar,0.6517,2025-01-22,7.522,23
1094138,Jackpot!,Jackpot!,"In the near future, a 'Grand Lottery' has been established - the catch: kill the winner before sundown to legally claim their multi-billion dollar jackpot. When Katie Kim mistakenly finds herself with the winning ticket, she reluctantly joins forces with amateur lottery protection agent Noel Cassidy who must get her to sundown in exchange for a piece of her prize.",False,en,3.6357,2024-08-13,6.363,804
1056444,The Colors Within,きみの色,"Totsuko is a high school student with the ability to see the 'colors' of others. Colors of bliss, excitement, and serenity, plus a color she treasures as her favorite. Kimi, a classmate at her school, gives off the most beautiful color of all. Although she doesn't play an instrument, Totsuko forms a band with Kimi and Rui, a quiet music enthusiast they meet at a used bookstore in a far corner of town. As they practice at an old church on a remote island, music brings them together, forming friendships and stirring affections.",False,ja,2.3806,2024-08-30,6.675,77
974950,Emilia Pérez,Emilia Pérez,"Rita, an underrated lawyer working for a large law firm more interested in getting criminals out of jail than bringing them to justice, is hired by the leader of a criminal organization.",False,fr,5.104,2024-08-21,6.458,1980
1723482,Eagles Become Doves,Eagles Become Doves,"A party, but its not what he expects.",False,en,0.0193,2026-07-01,0.0,0
1657110,Cinta Lama Babak Kedua #CLBK,Cinta Lama Babak Kedua #CLBK,"Ambar and Raka have planned their wedding and dreamed of a happy future together, just like any other couple. But their plans are put to the test when Akung Abi and Nin Sita — their grandfather and grandmother — turn out to be former lovers who parted ways 56 years ago. Since their youth, the relationship between Abi and Sita has been shaped by a past filled with stories that were never truly resolved. Without realizing it, that unfinished history begins to affect Ambar and Raka’s relationship in the present. The deeper they uncover their grandparents’ past, the more they feel that something has remained unsettled for the last 56 years.",False,id,1.2703,2026-07-02,0.0,0
1551205,Viaje al país de los blancos,Viaje al país de los blancos,,False,ca,1.0329,2026-06-26,0.0,0
1532808,"Five Years, Four Months","Cinco años, cuatro meses","Martha (45), a mother who lost track of her son due to the conflict, receives the news that there was no bone concordance in the last exhumation she participated in. Exhausted of the institutional channels, she turns to a group of women searchers and meets Sandra, who tells her a rumor: “in a remote village on the flatlands of Colombia, you can request a favour from a dead person”. Together with Sandra, they embark on a journey in search of answers, blurring the line between the living and the dead. Mothers searching for their children, children searching for their mothers: two sides of the same scourge converge in search of peace.",False,es,0.329,2026-07-07,0.0,0
1721921,Baahubali: The Torch Bearer,Baahubali: The Torch Bearer,"From production setbacks to financial crises, the ""Baahubali"" cast and crew recount the demanding journey behind the beloved epic film series.",False,te,0.5056,2026-06-26,0.0,0
1719801,Lucie en Thaïlande,Lucie en Thaïlande,,False,fr,0.395,2026-06-26,0.0,0
1560020,Piccolo Miracolo,Piccolo Miracolo,"Davide Lancia, a wealthy forty-year-old with refined tastes and a weakness for all things beautiful, from women to art, owes his fortune to being the son of one of Rome's most powerful and unscrupulous builders. To spur him on, his father offers him the opportunity to finally prove himself a worthy heir to his empire: he must demolish a run-down building and build a luxury residence in its place. A deal Davide cannot refuse. However, a tenant still lives in the building who refuses to leave her apartment: Ursula, a blind, beautiful, determined, and feisty woman. His encounter with Ursula will upend Davide's plans and allow him to embrace a new way of living and seeing things.",False,it,0.7192,2026-06-25,4.5,4
1492288,La chaleur,La chaleur,"It’s unusually hot on the beaches of the Landes, and 17-year-old Marouane is spending his last day at the campground with a nagging fear: will the body he buried on the beach the day before be discovered? Marouane also wonders if he might be falling in love with the charming Giulia.",False,fr,0.79,2026-07-08,0.0,0
1469229,The Djinn's Curse 2,ของแขก 2,"In a village at the foot of Mount Budo, Diana begins behaving violently after disappearing into the forest, forcing her husband Anas to kill her.",False,th,2.7135,2026-06-25,0.0,0
1476994,Unboxing,Распаковка,"Popular blogger Vlad tries to attract attention to his concert in an original way - he puts himself up for auction. The lot immediately goes to the son of a rich businessman. Now Vlad is obliged to entertain Borya for a whole week. All attempts to break the contract run into huge fines, and then Vlad decides to really piss off Borya and make a video blog out of his life. In response, Borya arranges more and more new challenges for him.",False,ru,0.7841,2026-06-25,0.0,0
1720210,Rik Mayall's Sketches: Rare And Unseen,Rik Mayall's Sketches: Rare And Unseen,"A selection of rarely seen comic moments from the actor and comedian, who rose to fame as Kevin Turvey and as Rick in The Young Ones, a show he helped create. Rik Mayall later achieved more widespread fame in Bottom, and The New Statesman.",False,en,0.762,2026-06-25,0.0,0
1443625,Os Emergentes,Os Emergentes,,False,pt,0.6594,2026-07-09,0.0,0
1397201,Golden Kamuy -The Abashiri Prison Raid-,ゴールデンカムイ 網走監獄襲撃編,"As each group pursues their mission, a fierce battle unfolds over the tattooed prisoners. Who is friend, and who is foe?  The fight leads them all to Abashiri Prison, where Noppera-bo, the man who holds all the answers, is locked away...",False,ja,1.3049,2026-03-13,8.0,1
1361562,Summer's Camera,여름의 카메라,"After her father passed away, Summer stopped taking photos. One day, she falls for Yeonwoo, the school's soccer star, and takes her picture with her late father's camera. When she develops the film, she finds mysterious photos of her father's high school lover. In these photos, Summer uncovers a secret about her father. Will she be able to pursue her first love and uncover her father's hidden truth?",False,ko,1.2573,2026-06-24,0.0,0
1717914,Other People's Things,Tuđe stvari,"Vigo lives a life he hates. He spends all day slaving away at a warehouse, having to put up with impossible demands from his higher ups and colleagues he hates. When the workday is finally over, he has to pay the bills, deal with increasing debts and provide a somewhat normal life for his younger sister and his girlfriend, the relationship with which grows more strained and opressive as time goes on. Things change when he meets Marija, a high society college student, with whom he starts a whirlwind romance with, gaining a whole new world of possibilities in the process. But, as time goes on, his facade begins to slip away and Vigo is forced to get into increasingly deeper criminal waters to sustain his image.",False,hr,14.9564,2026-07-10,0.0,0
1475375,Korean Haunted Hospital,402 Rumah Sakit Angker Korea,"A group of Indonesians: Juna, Adit, Bara, Arum, Yuri, and Tyas set out to live-stream a test of courage at the so-called most haunted hospital in South Korea, Yong-Won Hospital. Rumor has it that the hospital was once a front for a cult whose members chose to die following their leader. Now, the hospital is in a state of disrepair and no one dares to enter. This motivates Juna and his friends to become the first people to live-stream there.",False,id,1.2903,2026-07-09,0.0,0
1596260,Night Nurse,Night Nurse,"As a series of perverse scam calls unsettles an idyllic retirement community, a starry-eyed nurse becomes entangled with her mysterious patient.",False,en,2.9037,2026-07-10,0.0,0
105,Back to the Future,Back to the Future,"Eighties teenager Marty McFly is accidentally sent back in time to 1955, inadvertently disrupting his parents' first meeting and attracting his mother's romantic interest. Marty must repair the damage to history by rekindling his parents' romance and - with the help of his eccentric inventor friend Doc Brown - return to 1985.",False,en,22.5085,1985-07-03,8.326,21924
1418308,Ghost Board,กล่องผีสุ่มวิญญาณ,"A group of friends stumbles upon an ancient board game hidden in a remote temple. Once the die is cast, a vengeful spirit is unleashed, turning the game into a deadly trap. To survive, they must figure out how to end it before they become its next victims.",False,th,2.0642,2026-03-12,7.25,4
1671541,The Three Kingdoms Part 1: The Battle for Luoyang,三国第一部：争洛阳,,False,zh,3.1826,2026-07-10,0.0,0
1718708,Time Capsule,Kapsul Waktu,"Nina, a bright, high-achieving student, found that she wasn’t quite as smart in college as she had been. Through a time capsule she made with her older brother, Nina learned to come to terms with her past in a healthier way.",False,id,0.5305,2026-06-23,8.0,1
1665744,Sarpanch,Sarpanch,Dev Kharoud,False,pa,0.584,2026-07-10,0.0,0
1397201,Golden Kamuy -The Abashiri Prison Raid-,ゴールデンカムイ 網走監獄襲撃編,"As each group pursues their mission, a fierce battle unfolds over the tattooed prisoners. Who is friend, and who is foe?  The fight leads them all to Abashiri Prison, where Noppera-bo, the man who holds all the answers, is locked away...",False,ja,1.3049,2026-03-13,8.0,1
1361562,Summer's Camera,여름의 카메라,"After her father passed away, Summer stopped taking photos. One day, she falls for Yeonwoo, the school's soccer star, and takes her picture with her late father's camera. When she develops the film, she finds mysterious photos of her father's high school lover. In these photos, Summer uncovers a secret about her father. Will she be able to pursue her first love and uncover her father's hidden truth?",False,ko,1.2573,2026-06-24,0.0,0
1717914,Other People's Things,Tuđe stvari,"Vigo lives a life he hates. He spends all day slaving away at a warehouse, having to put up with impossible demands from his higher ups and colleagues he hates. When the workday is finally over, he has to pay the bills, deal with increasing debts and provide a somewhat normal life for his younger sister and his girlfriend, the relationship with which grows more strained and opressive as time goes on. Things change when he meets Marija, a high society college student, with whom he starts a whirlwind romance with, gaining a whole new world of possibilities in the process. But, as time goes on, his facade begins to slip away and Vigo is forced to get into increasingly deeper criminal waters to sustain his image.",False,hr,14.9564,2026-07-10,0.0,0
1475375,Korean Haunted Hospital,402 Rumah Sakit Angker Korea,"A group of Indonesians: Juna, Adit, Bara, Arum, Yuri, and Tyas set out to live-stream a test of courage at the so-called most haunted hospital in South Korea, Yong-Won Hospital. Rumor has it that the hospital was once a front for a cult whose members chose to die following their leader. Now, the hospital is in a state of disrepair and no one dares to enter. This motivates Juna and his friends to become the first people to live-stream there.",False,id,1.2903,2026-07-09,0.0,0
1596260,Night Nurse,Night Nurse,"As a series of perverse scam calls unsettles an idyllic retirement community, a starry-eyed nurse becomes entangled with her mysterious patient.",False,en,2.9037,2026-07-10,0.0,0
105,Back to the Future,Back to the Future,"Eighties teenager Marty McFly is accidentally sent back in time to 1955, inadvertently disrupting his parents' first meeting and attracting his mother's romantic interest. Marty must repair the damage to history by rekindling his parents' romance and - with the help of his eccentric inventor friend Doc Brown - return to 1985.",False,en,22.5085,1985-07-03,8.326,21924
1418308,Ghost Board,กล่องผีสุ่มวิญญาณ,"A group of friends stumbles upon an ancient board game hidden in a remote temple. Once the die is cast, a vengeful spirit is unleashed, turning the game into a deadly trap. To survive, they must figure out how to end it before they become its next victims.",False,th,2.0642,2026-03-12,7.25,4
1671541,The Three Kingdoms Part 1: The Battle for Luoyang,三国第一部：争洛阳,,False,zh,3.1826,2026-07-10,0.0,0
1718708,Time Capsule,Kapsul Waktu,"Nina, a bright, high-achieving student, found that she wasn’t quite as smart in college as she had been. Through a time capsule she made with her older brother, Nina learned to come to terms with her past in a healthier way.",False,id,0.5305,2026-06-23,8.0,1
1665744,Sarpanch,Sarpanch,Dev Kharoud,False,pa,0.584,2026-07-10,0.0,0
1715208,The Town That Takes,The Town That Takes,"After his young son vanishes during a family road trip through a remote backwoods town, a desperate father joins forces with two detectives to uncover the terrifying truth behind the legend of CROATOAN. As the town's dark secrets unravel, they realize something ancient is hunting children.",False,en,0.8002,2026-07-10,0.0,0
76341,Mad Max: Fury Road,Mad Max: Fury Road,"An apocalyptic story set in the furthest reaches of our planet, in a stark desert landscape where humanity is broken, and most everyone is crazed fighting for the necessities of life. Within this world exist two rebels on the run who just might be able to restore order.",False,en,37.3798,2015-05-13,7.634,24180
1715560,Backwoods Blood Feud,Backwoods Blood Feud,"After a failed heist, a group of fugitives hide in a remote winter forest-only to discover two monstrous factions locked in a savage blood feud. Trapped between them, humans quickly become prey.",False,en,0.5838,2026-06-22,0.0,0
1713142,A Fighter from the Underworld,江湖格斗家,,False,zh,0.3241,2026-06-21,0.0,0
1697665,KILL,킬,"Yi-seo, a college student who is about to graduate, gets an ""F"" for dozing off during a Chaple class. Against AI attendance, CCTV cameras and a school system that avoids responsibility, Yi-seo revolts in the school to graduate.",False,ko,0.2704,2026-06-20,6.0,1
1723993,Umamusume: Pretty Derby – 7th EVENT WORLD TOUR: THE STAGE in TOKYO,ウマ娘 プリティーダービー 7th EVENT WORLD TOUR 「THE STAGE」 in TOKYO,7th EVENT WORLD TOUR THE STAGE is a live event for Umamusume: Pretty Derby.  This is the first live event in the franchise's history to have performances held outside of Japan.,False,ja,0.0786,2026-06-20,0.0,0
1706695,UFC Fight Night 279: Kape vs. Horiguchi,UFC Fight Night 279: Kape vs. Horiguchi,"UFC Fight Night 279: Kape vs. Horiguchi was a mixed martial arts event produced by the Ultimate Fighting Championship that took place on June 20, 2026, at the Meta Apex in Enterprise, Nevada, part of the Las Vegas Valley, United States. A flyweight rematch between former RIZIN Bantamweight Champion Manel Kape and former UFC Flyweight Championship challenger Kyoji Horiguchi (who is also a former RIZIN Flyweight and two-time RIZIN Bantamweight Champion, as well as former Bellator Bantamweight World Champion) served as the event headliner.",False,en,0.5828,2026-06-20,0.0,0
1688525,"Standby, Mom",배우는 엄마,,False,ko,0.3552,2026-06-19,5.0,1
1691969,Wishful Thinking,하늘에 별따기,,False,ko,0.6651,2026-06-19,6.0,1
1119090,I Am Frankelda,Soy Frankelda,A gifted young writer in 19th-century Mexico journeys into her subconscious and comes face to face with characters from her own spooky stories.,False,es,7.6472,2025-10-23,8.263,95
1717357,Charbonneurs,Charbonneurs,,False,fr,3.4093,2026-06-19,10.0,1
1694531,Mesdames Thanh Sắc,Mesdames Thanh Sắc,"Mesdames Thanh Sắc follows the intertwined lives of the captivating beauty Cầm Thanh (Thanh Hằng) and Madame Sắc (Hồng Ánh), the wealthy owner of the prestigious Kim Đô nightclub, renowned for her fortune and vast collection of diamonds. Though she rises through Madame Sắc’s ranks to become one of Saigon’s most celebrated dancers in the 1960s, Cầm Thanh longs to break free from her patron’s control. As their ambitions and desires collide, the two women become locked in a tense power struggle that sets off a series of shocking and far-reaching events.",False,vi,0.3026,2026-06-19,0.0,0
1716842,Latina,Latina,"A story about a mysterious woman who shakes up a seemingly ordinary boarding house. As she charms both the boys and girls, secrets unravel, relationships collide, and chaos takes over.",False,tl,10.1537,2026-06-19,7.25,4
1691987,Amogha,아모가,,False,ko,0.3962,2026-06-19,5.0,1
1691975,On the Board,손끝에 여름,,False,ko,0.1363,2026-06-19,0.0,0
1691974,Touch,손자국,,False,ko,0.0956,2026-06-19,0.0,0
1376838,A Sad and Beautiful World,نجوم الأمل و الألم,"In this sweeping love story that spans three decades of passion, heartbreak, and hope, Nino and Yasmina find themselves drawn together by a magnetic relationship. As they face an impossible choice between love and survival, they must decide if they want to build a family and chart a path to happiness in Lebanon, despite the tragedies ravaging the country.",False,ar,0.8836,2025-09-05,8.182,11
1552513,Andy Lau “TODAY…is the Day” Hong Kong Concert Tour 2024/25,刘德华《今天…is the Day》迴演唱會2024/2025 - 香港站,"This concert was professionally filmed for the Hong Kong show, as part of Andy Lau's most recent tour across 72 shows from 5th July 2024 to 10th January 2025",False,cn,0.6242,2026-06-18,0.0,0
1013822,The Dreamed Adventure,Das geträumte Abenteuer,"The story of a woman living in the border region between Bulgaria, Greece and Turkey, who agrees to partake in a special deal in order to help a friend. However, this will lead her into a dangerous situation, and she will have to confront her desires",False,bg,0.8098,2026-07-15,0.0,0
1555944,Pagdaong,Pagdaong,"The story follows Luna, a writer who is constantly questioned by a curious student named Jane about the meanings behind her poems. As Luna and Jane get to know each other, Jane gradually discovers that Luna’s poems are written for a woman named Ella.",False,tl,2.3981,2025-10-22,4.5,2
1568027,Checkout: The Movie,קופה ראשית: הסרט,The supermarket workers leave the sleepy supermarket in Yavneh for a crazy adventure in which they are accused of a serious crime in a plot that begins in a detention cell and countinues with an escape story of Shefa Isasschar in an attempt to save their good name.,False,he,3.9053,2026-06-17,7.0,2
1419076,Funky Freaky Freaks,충충충,"In a small city where redevelopment has stalled, three high school friends struggle with their own obsessions: Yong-gi, a self-styled ""attention seeker"" dreaming of becoming a superhero; Ji-sook, a ""pro-ana"" obsessed with losing her weight; and Dumbo, a ""netkama"" who scams money online by pretending to be a girl. Their fragile friendship unravels when Woo-joo, a charming transfer student and an influencer, shows up. Ji-sook falls for him instantly, while Yong-gi, who has been secretly in love with her, can only watch. But when Woo-joo's real self is revealed Ji-sook starts to collapse, Yong-gi's hidden feelings turn into a dangerous plan for revenge.",False,ko,0.4742,2026-06-17,0.0,0
1265948,The Guardian,납치 48시간,,False,ko,1.3708,2026-06-17,1.0,1
1457138,1780,1780,"A wounded Revolutionary War soldier takes shelter with a Pennsylvania trapper and his son. As British troops approach, they face choices about loyalty and survival in the wilderness.",False,en,1.0511,2026-06-17,0.0,0
438631,Dune,Dune,"Paul Atreides, a brilliant and gifted young man born into a great destiny beyond his understanding, must travel to the most dangerous planet in the universe to ensure the future of his family and his people. As malevolent forces explode into conflict over the planet's exclusive supply of the most precious resource in existence-a commodity capable of unlocking humanity's greatest potential-only those who can conquer their fear will survive.",False,en,28.6159,2021-09-15,7.78,15016
1596330,American Pachuco: The Legend of Luis Valdez,American Pachuco: The Legend of Luis Valdez,"Against political resistance and industry skepticism, Luis Valdez pushes Chicano storytelling from the fields to the film screen with Zoot Suit and La Bamba, crafting iconic works that challenge, celebrate, and expand America’s story.",False,en,0.3772,2026-07-17,0.0,0
1322532,Cek Khodam,Cek Khodam,"Nowadays, people are more afraid of empty wallets, late payments, and the end of the month than ghosts. Ghosts are even used as entertainment through the content Cek Khodam (Hodgkin's Check) created by three friends, Sakti, Wira, and Bima. Unbeknownst to them, their actions have drastically reduced the Human Fear Score (AKM). To restore the dignity of the supernatural world and raise the human fear score, the Commander of the Khodam is tasked with descending directly into the human world. However, the mission does not go according to plan. The harder the khodam try to scare humans, the more chaos they create.",False,id,1.1212,2026-07-16,0.0,0
1715534,Bride Beyond,惊夜有囍,It follows a forensic doctor and a security commander investigating a ghost story linked to an old debt and a mysterious wedding.,False,zh,1.1751,2026-06-16,4.0,1
20352,Despicable Me,Despicable Me,"Gru is a supervillain determined to prove he’s the greatest by stealing the Moon. To pull off his plan, he adopts three orphaned girls—Margo, Edith, and Agnes—intending to use them as part of his scheme. However, as Gru bonds with the girls, his cold, villainous exterior begins to melt.",False,en,24.5458,2010-07-08,7.259,16105
1648226,UFC Freedom 250: Topuria vs. Gaethje,UFC Freedom 250: Topuria vs. Gaethje,"UFC Freedom 250: Topuria vs. Gaethje (also known as UFC White House) was a mixed martial arts event produced by the Ultimate Fighting Championship that took place on June 14, 2026, on the South Lawn of the White House in Washington, D.C., United States.  The event's name is a reference to the America 250th anniversary in the United States. A UFC Lightweight Championship title unification bout between current champion and former UFC Featherweight Champion Ilia Topuria and current two-time interim champion (also a former WSOF Lightweight Champion) Justin Gaethje headlined the event",False,en,1.3778,2026-06-14,7.5,6
1265948,The Guardian,납치 48시간,,False,ko,1.3708,2026-06-17,1.0,1
1457138,1780,1780,"A wounded Revolutionary War soldier takes shelter with a Pennsylvania trapper and his son. As British troops approach, they face choices about loyalty and survival in the wilderness.",False,en,1.0511,2026-06-17,0.0,0
438631,Dune,Dune,"Paul Atreides, a brilliant and gifted young man born into a great destiny beyond his understanding, must travel to the most dangerous planet in the universe to ensure the future of his family and his people. As malevolent forces explode into conflict over the planet's exclusive supply of the most precious resource in existence-a commodity capable of unlocking humanity's greatest potential-only those who can conquer their fear will survive.",False,en,28.6159,2021-09-15,7.78,15016
1596330,American Pachuco: The Legend of Luis Valdez,American Pachuco: The Legend of Luis Valdez,"Against political resistance and industry skepticism, Luis Valdez pushes Chicano storytelling from the fields to the film screen with Zoot Suit and La Bamba, crafting iconic works that challenge, celebrate, and expand America’s story.",False,en,0.3772,2026-07-17,0.0,0
1322532,Cek Khodam,Cek Khodam,"Nowadays, people are more afraid of empty wallets, late payments, and the end of the month than ghosts. Ghosts are even used as entertainment through the content Cek Khodam (Hodgkin's Check) created by three friends, Sakti, Wira, and Bima. Unbeknownst to them, their actions have drastically reduced the Human Fear Score (AKM). To restore the dignity of the supernatural world and raise the human fear score, the Commander of the Khodam is tasked with descending directly into the human world. However, the mission does not go according to plan. The harder the khodam try to scare humans, the more chaos they create.",False,id,1.1212,2026-07-16,0.0,0
1715534,Bride Beyond,惊夜有囍,It follows a forensic doctor and a security commander investigating a ghost story linked to an old debt and a mysterious wedding.,False,zh,1.1751,2026-06-16,4.0,1
1648226,UFC Freedom 250: Topuria vs. Gaethje,UFC Freedom 250: Topuria vs. Gaethje,"UFC Freedom 250: Topuria vs. Gaethje (also known as UFC White House) was a mixed martial arts event produced by the Ultimate Fighting Championship that took place on June 14, 2026, on the South Lawn of the White House in Washington, D.C., United States.  The event's name is a reference to the America 250th anniversary in the United States. A UFC Lightweight Championship title unification bout between current champion and former UFC Featherweight Champion Ilia Topuria and current two-time interim champion (also a former WSOF Lightweight Champion) Justin Gaethje headlined the event",False,en,1.3778,2026-06-14,7.5,6
1643854,Detective Dee: Buddha's Wrath,狄仁杰之通天浮屠,"When the long-collapsed Tongtian Pagoda mysteriously reignites and a fiery dragon devastates the city’s training grounds, panic grips the capital and rumors spread that only Empress Wu Zetian’s sacrifice can stop the disaster. Assigned to investigate, Di Renjie is forced to partner with his rival Pei Dongsheng to uncover the truth behind the supernatural calamity before fear and foreign threats tear the city apart.",False,zh,0.3554,2026-03-04,1.0,1
1325614,Badland Rising,Badland Rising,"An ordinary bloke embarks on a 19-hour drive home, unaware of being pursued by two unhinged criminals. Once he discovers their motive, his journey turns into a brutal fight for survival.",False,en,2.1741,2026-06-12,6.8,5
1471672,The Fall of Sir Douglas Weatherford,The Fall of Sir Douglas Weatherford,"In the Scottish village of Arberloch, Kenneth, a grieving tour guide, is devoted to preserving the legacy of the town's sole historical figure—eighteenth-century inventor Sir Douglas Weatherford. But when a fantasy series chooses Arberloch as its filming location, and the town turns its back on Weatherford in favour of fan culture, Kenneth descends into madness.",False,en,1.3941,2026-06-12,6.0,2
1495139,The Mermaids 2: The Mysterious Island,Sirenele 2: Insula misterioasă,"Arriving on the mysterious island, the 3 mermaids try by all means to give up their magical powers, but those who hunt them are closer than ever. Selena, Milen and Lena will need new powers and a lot of help to face this new challenge.",False,ro,0.4389,2025-06-20,0.0,0
1447947,Young & Fine,YOUNG&FINE,"In a quiet seaside town, high school students Haino and Reiko are dating. They try to go further than just kissing, but fail due to a condition set by Reiko: Haino must win his next rugby match to earn her consent. Motivated by this goal, Haino devotes himself to the game—until a new woman catches his eye: Izawa, a substitute teacher at their school. When Reiko sees Izawa getting close to Haino, she becomes consumed with jealousy.",False,ja,24.4171,2025-06-27,6.5,2
1397909,Honeyjoon,Honeyjoon,"Persian-Kurdish Lela and her American daughter June take a trip to the romantic Azores after a recent loss, both with polar opposite views about why they’re there, how to grieve, and the size of June’s tiny bikini. Amidst honeymooners, the Woman, Life, Freedom movement and their hot, philosophical tour guide, João, the pair find each other… coming back to life.",False,en,1.0207,2026-06-10,1.0,2
1569872,Dream High,תיכון מגשימים,"A cinematic rock opera and an homage to teen films, adapted from the stage musical with the same name by Amit Ulman, scripted completely in Hebrew rhymes. Yoav, a teenage boy who lives with his single mother, who struggles to finance them, moves to a new city. He joins Magshimim High, where words hit harder than punches, and your rhyming skills determine the food chain. After the ""class king"" demolishes him in a rap battle, Yoav is determined to prove himself and win the heart of the ""class queen"", Maya. He encounters Hamorabi, a legendary former rapper who hides under the image of the school's kiosk cashier. With his help, Yoav turns from an outcast to the Star of the Battles. But as he climbs high, he draws apart from the friends who stood by his side, the girl who really saw him when no one else had, and the authenticity taught to him by Hamorabi. In the National Rap Championship, Yoav will have to choose between chasing the shining lights of fame or staying true to himself.",False,he,0.5983,2026-07-23,0.0,0
1713376,Randolph Davies and the Kickass Band: The Official Concert,Randolph Davies and the Kickass Band: The Official Concert,"From the outrageous life of Randolph Davies comes songs about TikTok addiction, wives and lovers, Michael Jackson ""did it"", Dancing boat captains, a guy that can't remember his kids' names, and so much more. Randolph takes over the stage at Austin's legendary Comedy Mothership for a night of pure chaos.",False,en,0.2527,2026-06-11,0.0,0
1368576,Trago Seu Amor,Trago Seu Amor,"A romantic comedy centered on Mia, a self-centered witch with an unusual power: anyone who kisses her either falls in love with her or falls back in love with the last person they loved. During one of her rounds, Mia encounters Yuri, who is heartbroken after breaking up with René. But when the witch convinces him to see her work, something unexpected happens — Mia falls in love with the young man’s ex-girlfriend.",False,pt,0.7986,2026-06-11,0.0,0
1127628,The Thing with Feathers,The Thing with Feathers,"Following the death of his wife, a young father's hold on reality crumbles, and a strange presence begins to stalk him from the shadowy recesses of the apartment he shares with his two young sons.",False,en,1.6021,2025-10-17,6.6,41
1127861,"I, Object","I, Object","10-year-old Tom, grieving the loss of his father and unable to relate to the people in his life, takes refuge in the everyday objects around him. Pop can lids, suitcases and untold numbers of everyday objects reveal their true faces and speak to him, helping him on his healing journey.",False,en,1.1052,2026-07-23,0.0,0
1712586,Sia: Nostalgic for the Present,Sia: Nostalgic for the Present,"A bold experience that challenges the genre that trades pop poetry for pure art. Impressive voices, impressive choreography and iconic performances, captured cinematically and sounded by an unparalleled catalog of hits.",False,en,1.1628,2026-07-23,0.0,0
807,Se7en,Se7en,"Two homicide detectives are on a desperate hunt for a serial killer whose crimes are based on the ""seven deadly sins"" in this dark and haunting film that takes viewers from the tortured remains of one victim to the next. The seasoned Det. Somerset researches each sin in an effort to get inside the killer's mind, while his novice partner, Mills, scoffs at his efforts to unravel the case.",False,en,24.7099,1995-09-22,8.381,23235
1569872,Dream High,תיכון מגשימים,"A cinematic rock opera and an homage to teen films, adapted from the stage musical with the same name by Amit Ulman, scripted completely in Hebrew rhymes. Yoav, a teenage boy who lives with his single mother, who struggles to finance them, moves to a new city. He joins Magshimim High, where words hit harder than punches, and your rhyming skills determine the food chain. After the ""class king"" demolishes him in a rap battle, Yoav is determined to prove himself and win the heart of the ""class queen"", Maya. He encounters Hamorabi, a legendary former rapper who hides under the image of the school's kiosk cashier. With his help, Yoav turns from an outcast to the Star of the Battles. But as he climbs high, he draws apart from the friends who stood by his side, the girl who really saw him when no one else had, and the authenticity taught to him by Hamorabi. In the National Rap Championship, Yoav will have to choose between chasing the shining lights of fame or staying true to himself.",False,he,0.5983,2026-07-23,0.0,0
1713376,Randolph Davies and the Kickass Band: The Official Concert,Randolph Davies and the Kickass Band: The Official Concert,"From the outrageous life of Randolph Davies comes songs about TikTok addiction, wives and lovers, Michael Jackson ""did it"", Dancing boat captains, a guy that can't remember his kids' names, and so much more. Randolph takes over the stage at Austin's legendary Comedy Mothership for a night of pure chaos.",False,en,0.2527,2026-06-11,0.0,0
1368576,Trago Seu Amor,Trago Seu Amor,"A romantic comedy centered on Mia, a self-centered witch with an unusual power: anyone who kisses her either falls in love with her or falls back in love with the last person they loved. During one of her rounds, Mia encounters Yuri, who is heartbroken after breaking up with René. But when the witch convinces him to see her work, something unexpected happens — Mia falls in love with the young man’s ex-girlfriend.",False,pt,0.7986,2026-06-11,0.0,0
1127628,The Thing with Feathers,The Thing with Feathers,"Following the death of his wife, a young father's hold on reality crumbles, and a strange presence begins to stalk him from the shadowy recesses of the apartment he shares with his two young sons.",False,en,1.6021,2025-10-17,6.6,41
1127861,"I, Object","I, Object","10-year-old Tom, grieving the loss of his father and unable to relate to the people in his life, takes refuge in the everyday objects around him. Pop can lids, suitcases and untold numbers of everyday objects reveal their true faces and speak to him, helping him on his healing journey.",False,en,1.1052,2026-07-23,0.0,0
1712586,Sia: Nostalgic for the Present,Sia: Nostalgic for the Present,"A bold experience that challenges the genre that trades pop poetry for pure art. Impressive voices, impressive choreography and iconic performances, captured cinematically and sounded by an unparalleled catalog of hits.",False,en,1.1628,2026-07-23,0.0,0
807,Se7en,Se7en,"Two homicide detectives are on a desperate hunt for a serial killer whose crimes are based on the ""seven deadly sins"" in this dark and haunting film that takes viewers from the tortured remains of one victim to the next. The seasoned Det. Somerset researches each sin in an effort to get inside the killer's mind, while his novice partner, Mills, scoffs at his efforts to unravel the case.",False,en,24.7099,1995-09-22,8.381,23235
1620682,Love in Slow Motion,أحبك من زمان,"When Haya's best friend Jawad gets engaged, her chronically-single world unravels — because who knew true love could be hiding in the friend zone?",False,ar,0.3677,2026-07-23,0.0,0
1430386,Woman and Child,زن و بچه,"Mahnaz, a 40-year-old widowed nurse, struggles with her rebellious son, Aliyar, who has been suspended from school. Family tensions reach a peak during the betrothal ceremony with her new boyfriend Hamid, and a tragic accident occurs. In the aftermath, Mahnaz will be forced to confront betrayal and loss, and to embark on a quest for justice.",False,fa,0.8012,2025-07-23,5.4,5
10327,"Legally Blonde 2: Red, White & Blonde","Legally Blonde 2: Red, White & Blonde","Now a rising young lawyer, Elle Woods is about to make partner at her firm, but when she finds out her dog's relatives are being used as cosmetic test subjects, she heads to Washington D.C. to fight for animal rights.",False,en,6.7881,2003-07-02,5.721,1761
1633056,All Wishes Come True,八仙！,"Eight grassroot mortals use their street smarts and hilarious schemes to defy powerful gods, earning their title as the ""Eight Immortals.""",False,zh,0.3167,2026-07-24,0.0,0
1649791,Ishqnama,Ishqnama,‘ISHQNAMA’ True Story of True Lovers NIMMA–NASIMA,False,pa,0.5096,2026-07-24,0.0,0
1384512,Tera Yaar Hoon Main,Tera Yaar Hoon Main,,False,hi,0.9816,2026-07-24,0.0,0
1439808,Hadestown: The Musical,Hadestown: The Musical,"The tragic love of Orpheus and Eurydice is intertwined with the complex relationship of Hades and Persephone. Eurydice, struggling with poverty, is lured to the industrial underworld of Hadestown by Hades, while Orpheus, a struggling musician, ventures down below to bring her back.",False,en,1.726,2026-07-24,0.0,0
662707,Starbright,Starbright,"A young woman becomes the guardian of a fallen star, which she must protect from dangerous forces with the help of a brave stranger.",False,en,13.4338,2026-02-27,5.675,20
1724434,Mutaforma,Mutaforma,"A robber breaks into Sabrina's home to steal a cache of diamonds. But when he finally finds them, the situation takes an unexpected turn.",False,it,0.0143,2026-06-08,0.0,0
1575438,Finnegan's Foursome,Finnegan's Foursome,"Two middle aged brothers and their respective sons travel to Ireland to play the Finnegan Family's annual golf outing, where they distribute the ashes of the family patriarch",False,en,1.7906,2026-06-07,9.0,1
1019871,Little Trouble Girls,Kaj ti je deklica,16-year-old Lucia joins the Catholic school choir where she befriends senior Ana-Maria. During a choir retreat Lucia's attraction to a restoration worker creates tension with Ana-Maria and challenges her faith.,False,sl,3.148,2025-08-29,7.1,19
840873,A Magnificent Life,Marcel et Monsieur Pagnol,"In 1955, 60-year-old Marcel Pagnol is a well-known and acclaimed playwright and filmmaker. When the editor-in-chief of ELLE magazine commissions a weekly column about Pagnol's childhood, he sees this as a great opportunity to go back to his artistic roots: writing. Realizing his memory is failing him and deeply affected by the disappointing results of his last two plays, Pagnol starts doubting his ability to pursue his work. That is until Little Marcel - the young boy he used to be - appears to him as if by magic. Together, they will explore Marcel Pagnol's incredible life and bring back to life his most cherished encounters and memories...",False,fr,1.8169,2025-10-15,7.333,18
920,Cars,Cars,"Lightning McQueen, a hotshot rookie race car driven to succeed, discovers that life is about the journey, not the finish line, when he finds himself unexpectedly detoured in the sleepy Route 66 town of Radiator Springs. On route across the country to the big Piston Cup Championship in California to compete against two seasoned pros, McQueen gets to know the town's offbeat characters.",False,en,13.354,2006-06-08,7.035,15192
1384113,Mr. Shota's Last Business Trip,쇼타씨의 마지막 출장,"Shota, a machinist who dedicated his life to his work, prepares for his final business trip to Korea before retiring. Meanwhile, Daesung heads to Japan to win back his ex-girlfriend. The two men happen to meet at a ramen shop on the first day of their journeys. When Shota's resignation letter and Daesung's love letter are swapped, an unexpected story begins.",False,ko,0.9816,2026-05-27,0.0,0
1655419,Everytime,Everytime,"A tragedy brings a mother, daughter, and teenage boy together. Struggling with blame and forgiveness, the unlikely trio take a trip to Tenerife  for a family holiday that never happened. Under the glow of the sun,  past and present quietly start to overlap.",False,de,0.9311,2026-08-06,0.0,0
1242011,Together,Together,"Years into their relationship, Tim and Millie find themselves at a crossroads as they move to the country, abandoning all that is familiar in their lives except each other. With tensions already flaring, a nightmarish encounter with a mysterious, unnatural force threatens to corrupt their lives, their love, and their flesh.",False,en,9.6799,2025-07-14,6.923,1198
27205,Inception,Inception,"Cobb, a skilled thief who commits corporate espionage by infiltrating the subconscious of his targets is offered a chance to regain his old life as payment for a task considered to be impossible: ""inception"", the implantation of another person's idea into a target's subconscious.",False,en,59.6643,2010-07-15,8.372,39447
1535470,Ask E. Jean,Ask E. Jean,"The thrilling story of E. Jean Carroll’s life, from her early days as Miss Cheerleader USA to her rise as a trailblazing journalist, author, and beloved advice columnist. Carroll broke barriers as the first female editor at Esquire, Playboy, and Outside, helping to redefine women’s roles in media with her sharp wit and fearless voice. In recent years, she reignited public discourse by standing up to power, becoming the only woman to beat Donald Trump twice in court, and sparking a national conversation about truth, accountability, and resilience. A portrait of an indomitable woman who proved it’s never too late to reclaim your voice, rewrite your story, and change the world.",False,en,0.9494,2026-05-22,10.0,1
1606362,Divine Punishment,Castigo divino,"At 35, Pedro is completely antisocial, ruthless, and close to being a psychopath. He works as a nurse in a hospital, making life miserable for his coworkers, dealing drugs, and running illegal poker games. One day, a mysterious patient he always argues with dies beside him and leaves him a magical book that turns him into a kind of angel with supernatural powers. At first, he uses his powers for his own benefit, but he starts to realize that helping others isn’t so bad after all.",False,es,1.1626,2026-02-13,5.286,7
1246215,Re-Creation,Re-Creation,"In a fictitious trial, twelve members of a jury must decide whether journalist Ian Bailey is guilty of the 1996 murder of French filmmaker Sophie Toscan Du Plantier. Based on real events, the film reconstructs, through the discussions between these twelve people, a case that ultimately invites the viewer to draw their own conclusions.",False,en,0.8452,2025-10-03,0.0,0
1677586,Abandonados,Abandonados,"Abandonados, a case by Carles Porta, revisits one of the most unsettling episodes in recent Spanish history. Forty years after being abandoned at a train station in Barcelona, three siblings embark on an investigation to uncover their identity and their past. Through testimonies, archival material, and a long-term investigation, the work reflects on memory, identity, and the search for truth.",False,es,0.6929,2026-05-19,8.0,1
1701686,World War Bigfoot,World War Bigfoot,"When his platoon is ambushed during WWII, an American medic escapes into the nearby forest, relentlessly pursued by the enemy. While evading capture, he encounters an unbelievable creature, not knowing if it's friend or foe. It will take everything he has to survive as new alliances will be formed and loyalties will be tested.",False,en,0.4398,2026-05-19,0.0,0
1290159,A House of Dynamite,A House of Dynamite,"When a single, unattributed missile is launched at the United States, a race begins to determine who is responsible and how to respond.",False,en,5.2981,2025-10-02,6.4,1276
1613874,Spring,Vesna,"In a Russian-occupied town in southeastern Ukraine, where burying the dead has been forbidden, the church of a young priest, Andriy, has been turned into a morgue for executed Ukrainian civilians. As the occupation tightens its grip, Andriy quietly begins to resist, secretly returning the bodies to their families at great personal risk. Along the way, he forms an unexpected bond with Makarov, an 11-year-old boy who becomes the silent witness to his rebellion.",False,uk,0.2738,2026-05-18,0.0,0
945801,A Writer's Odyssey 2,刺杀小说家2,"Novelist Lu Kongwen fell into the trough of life and decided to destroy his novel ""God Killing"" with his own hands. In the novel world, the protagonist also embarked on a journey of resistance in order to resist the predetermined fate.",False,zh,1.9784,2025-10-01,5.3,17
671,Harry Potter and the Philosopher's Stone,Harry Potter and the Philosopher's Stone,"Harry Potter has lived under the stairs at his aunt and uncle's house his whole life. But on his 11th birthday, he learns he's a powerful wizard—with a place waiting for him at the Hogwarts School of Witchcraft and Wizardry. As he learns to harness his newfound powers with the help of the school's kindly headmaster, Harry uncovers the truth about his parents' deaths—and about the villain who's to blame.",False,en,39.3714,2001-11-16,7.899,29718
1402481,The Return of the Lame Hero,毕正明的证明,"Hiding among the gangsters is like walking on thin ice—can the fiery youth hold onto their original aspirations and prove themselves? As the wheels of time roll on, the gangsters' rampant activities and ""spectacles"" have faded away. Today's peace and security are our best ""proof"".",False,zh,0.8408,2025-10-01,6.9,15
1516436,Row to Win,浪浪人生,"A once-mighty gangster-turned-failure navigates life's struggles alongside his eccentric, dysfunctional family - a rebellious son plotting to overthrow him, a formidable wife running the household, a fearless daughter, and a scheming grandmother - as they all clash and collude to survive life's chaos and possibly reclaim their fortune.",False,zh,1.2255,2025-09-30,7.2,6
941109,Play Dirty,Play Dirty,"Expert thief Parker gets a shot at a major heist, but to pull it off he and his team must outsmart a South American dictator, the New York mob, and the world's richest man.",False,en,9.7622,2025-09-30,6.569,645
1074074,The Beloved,El ser querido,"The acclaimed film director Esteban Martínez is a legend both for his films and for his past marked by violence and excess. For his new project, he offers his daughter Emilia a role under the pretext of helping her with her stalled acting career. Living together on set will foster a closeness they haven’t shared for years, but it will also reopen old wounds that never healed.",False,es,1.5613,2026-05-16,7.041,37
1554364,Full Phil,Full Phil,"Wealthy American industrialist Philip Doom attempts to reconnect with his daughter Madeleine during a luxurious trip to Paris. Unfortunately, French cuisine, a 1950s horror film, and an intrusive hotel employee disrupt their stay.",False,en,1.1796,2026-05-16,0.0,0
1315477,Hallan,한란,"Set against the backdrop of the Jeju Uprising in 1948, which was sparked by an armed revolt of islanders fearing the division of Korea into North and South, the film portrays the tragic consequences of an indiscriminate punitive expedition by the South Korean government. Under the guise of an anti-communist campaign, more than 25,000 civilians were slaughtered. Through the story of a mother fiercely protecting her young daughter, the film highlights the resilience and strength of Jeju women amidst the chaos.",False,ko,1.4087,2025-11-26,6.0,1
1285669,LifeHack,LifeHack,"Four teenage slackers attempt a multi-million-dollar Bitcoin heist from their bedrooms, only to spiral into the darkest corners of the internet-and a danger beyond their computer screens.",False,en,2.3662,2026-05-15,8.7,3
1628367,Kartavya,कर्त्तव्य,"With his family's safety at stake and menacing threats closing in, a police officer must decide how far he'll go to uphold his duty.",False,hi,10.3165,2026-05-15,6.675,20
1566470,La Nirvana,La Nirvana,,False,fr,0.9709,2026-08-19,0.0,0
1693346,Apple Music Live: Lady Gaga MAYHEM Requiem,Apple Music Live: Lady Gaga MAYHEM Requiem,"For Apple Music Live, Gaga presents MAYHEM Requiem, a celebration and musical reimagining of MAYHEM.",False,en,4.3095,2026-05-14,8.3,33
1592087,Leo and Tig. The Road to Baikal,Лео и Тиг. Дорога на Байкал,"Leo and Tig set off on a journey to faraway Lake Baikal to bring back home the lost seal pup named Lufi. Along the way, they make new friends with Zhu, a red panda, and Wukong the Monkey King. They also cross paths with the evil chieftain of a horse herd Tengri-Khan, who wants to seize the seal. For whoever brings Lufi home will be granted any wish by the Master of Baikal – the great dragon Lusud.",False,ru,0.9037,2026-05-14,0.0,0
1579138,Siccîn 9,Siccîn 9,,False,tr,1.7313,2026-05-14,0.0,0
1157869,Parallel Tales,Histoires parallèles,"In search of inspiration for her new novel, Sylvie spies on her neighbors in the building across the street using a telescope. When she hires young Adam to help her with her daily routine, she has no idea that he will turn her life and her work upside down, until the fiction she had imagined surpasses the reality of them all.",False,fr,1.5946,2026-05-14,5.681,47
1242434,Highest 2 Lowest,Highest 2 Lowest,"When a titan music mogul, widely known as having the ""best ears in the business"", is targeted with a ransom plot, he is jammed up in a life-or-death moral dilemma.",False,en,4.5064,2025-08-14,5.5,487
1645368,Forsaken,L'abandon,"Everyone knows the name of Samuel Paty, but few people really know his story. On October 16, 2020, Samuel Paty, professor of History-Geography, was murdered at the end of his college. In the light of investigations and trials, this film looks back on his last eleven days, and the gear that led to his tragic death.",False,fr,2.0646,2026-05-13,7.823,48
1479369,Red Rue Express,Потяг «Червона Рута»,"A romantic comedy that modernizes and reimagines one of the most famous and vivid Ukrainian national symbols, Chervona Ruta, and turns it into a new cultural phenomenon.",False,uk,0.8291,2026-08-20,0.0,0
1036081,Khalifa,ഖലീഫ,"Aamir Ali, a notorious gold smuggling kingpin who inherited his multi-million dollar criminal enterprise from a lineage of gangsters, is drawn into a web of vengeance, legacy and power.",False,ml,1.5138,2026-08-20,0.0,0
1678844,The Bus: A French Football Mutiny,Le Bus : Les Bleus en grève,This documentary revisits the French football team's controversial 2010 World Cup and the bus strike that sparked global headlines and national outrage.,False,fr,1.32,2026-05-13,6.8,49
1211185,Asad,أسد,A slave in 19th Century Egypt revolts against his masters for equal rights for slaves to live freely.,False,ar,2.1732,2026-05-13,7.5,2
1371706,UAP,UAP,"When a group of friends, on their annual 4th of July trip, finds a UAP (Unidentified Anomalous Phenomena) that lands behind their lake house, they must decide if they want to use it for selfish gain, or save the world from destruction.",False,en,0.4272,2026-05-13,0.0,0
813418,Hot Spot,Hot Spot,"Set in a near future society ruled by sentient A.I., a private eye investigates a murder case only to discover a rebel group capable of undermining the digital overlord. As the detective's identity slowly unravels, his world enters a state of hypnotic meltdown.",False,en,1.4007,2026-08-21,0.0,0
1691129,Mulan: Light A fire,木兰：血刃,"After returning home from war, Mulan discovers her family shattered by corruption and violence. As she investigates the truth behind her brother’s death, she uncovers a vast conspiracy involving corrupt officials and ruthless merchants, forcing her onto a solitary path of vengeance and justice.",False,zh,2.7184,2026-05-11,0.0,0
1442669,La Vénus électrique,La Vénus électrique,"Artist Antoine has lost all inspiration and slipped into alcoholism since the death of his wife Irène, a loss he blames himself for. Suzanne is a penniless sideshow performer pretending to be a clairvoyant, whom Antoine consults in a bid to connect with Irène. Antoine’s dealer Armand, desperate to keep Antoine from falling apart, urges Suzanne to keep the ruse alive. She stages a series of improvised hypnosis sessions, claiming she can channel Irène in exchange for having her debts paid by Armand.",False,fr,1.8056,2026-05-12,7.2,80
1702125,Trustorhärvan – verkligheten bakom Golden Boys,Trustorhärvan – verkligheten bakom Golden Boys,,False,sv,0.0777,2026-05-10,6.0,2
1632754,Backlash Tampa,Backlash Tampa,"The 2026 Backlash, also promoted as Backlash: Tampa, was a professional wrestling pay-per-view (PPV) and livestreaming event produced by WWE and took place on Saturday, May 9, 2026, at the Benchmark International Arena in Tampa, Florida. Five matches were contested at the event. In the main event, Roman Reigns faced Jacob Fatu for the Raw's World Heavyweight Championship. In other prominent matches, Iyo Sky fought Asuka, Trick Williams faced Sami Zayn to for the SmackDown's WWE United States Championship, and in the opening bout, Bron Breakker squared off against Seth Rollins.",False,en,1.1288,2026-05-09,6.542,12
1653453,"Love, Again","Love, Again","Caroline and Henry's 30-year marriage faces upheaval when he's diagnosed with early-onset Alzheimer's. As Henry's memory deteriorates, Caroline finds comfort in friendship with Leo while coping with losing her partner.",False,en,2.4844,2026-05-09,9.5,2
1675042,Love Live! Hasunosora Girls' High School Idol Club Bloom Garden Party,映画 ラブライブ！蓮ノ空女学院スクールアイドルクラブ Bloom Garden Party,,False,ja,5.1857,2026-05-08,0.0,0
1402481,The Return of the Lame Hero,毕正明的证明,"Hiding among the gangsters is like walking on thin ice—can the fiery youth hold onto their original aspirations and prove themselves? As the wheels of time roll on, the gangsters' rampant activities and ""spectacles"" have faded away. Today's peace and security are our best ""proof"".",False,zh,0.8408,2025-10-01,6.9,15
1516436,Row to Win,浪浪人生,"A once-mighty gangster-turned-failure navigates life's struggles alongside his eccentric, dysfunctional family - a rebellious son plotting to overthrow him, a formidable wife running the household, a fearless daughter, and a scheming grandmother - as they all clash and collude to survive life's chaos and possibly reclaim their fortune.",False,zh,1.2255,2025-09-30,7.2,6
941109,Play Dirty,Play Dirty,"Expert thief Parker gets a shot at a major heist, but to pull it off he and his team must outsmart a South American dictator, the New York mob, and the world's richest man.",False,en,9.7622,2025-09-30,6.569,645
1074074,The Beloved,El ser querido,"The acclaimed film director Esteban Martínez is a legend both for his films and for his past marked by violence and excess. For his new project, he offers his daughter Emilia a role under the pretext of helping her with her stalled acting career. Living together on set will foster a closeness they haven’t shared for years, but it will also reopen old wounds that never healed.",False,es,1.5613,2026-05-16,7.041,37
1554364,Full Phil,Full Phil,"Wealthy American industrialist Philip Doom attempts to reconnect with his daughter Madeleine during a luxurious trip to Paris. Unfortunately, French cuisine, a 1950s horror film, and an intrusive hotel employee disrupt their stay.",False,en,1.1796,2026-05-16,0.0,0
1315477,Hallan,한란,"Set against the backdrop of the Jeju Uprising in 1948, which was sparked by an armed revolt of islanders fearing the division of Korea into North and South, the film portrays the tragic consequences of an indiscriminate punitive expedition by the South Korean government. Under the guise of an anti-communist campaign, more than 25,000 civilians were slaughtered. Through the story of a mother fiercely protecting her young daughter, the film highlights the resilience and strength of Jeju women amidst the chaos.",False,ko,1.4087,2025-11-26,6.0,1
1285669,LifeHack,LifeHack,"Four teenage slackers attempt a multi-million-dollar Bitcoin heist from their bedrooms, only to spiral into the darkest corners of the internet-and a danger beyond their computer screens.",False,en,2.3662,2026-05-15,8.7,3
1543134,The Volunteers: Peace at Last,志愿军：浴血和平,"Set during the final phase of the War to Resist U.S. and Aid Korea, the film depicts the tense final battles and simultaneous peace negotiations leading to the armistice, capturing the spirit of perseverance and sacrifice on both the battlefield and the diplomatic front.",False,zh,4.3739,2025-09-30,8.0,11
1566470,La Nirvana,La Nirvana,,False,fr,0.9709,2026-08-19,0.0,0
1693346,Apple Music Live: Lady Gaga MAYHEM Requiem,Apple Music Live: Lady Gaga MAYHEM Requiem,"For Apple Music Live, Gaga presents MAYHEM Requiem, a celebration and musical reimagining of MAYHEM.",False,en,4.3095,2026-05-14,8.3,33
1592087,Leo and Tig. The Road to Baikal,Лео и Тиг. Дорога на Байкал,"Leo and Tig set off on a journey to faraway Lake Baikal to bring back home the lost seal pup named Lufi. Along the way, they make new friends with Zhu, a red panda, and Wukong the Monkey King. They also cross paths with the evil chieftain of a horse herd Tengri-Khan, who wants to seize the seal. For whoever brings Lufi home will be granted any wish by the Master of Baikal – the great dragon Lusud.",False,ru,0.9037,2026-05-14,0.0,0
1579138,Siccîn 9,Siccîn 9,,False,tr,1.7313,2026-05-14,0.0,0
1157869,Parallel Tales,Histoires parallèles,"In search of inspiration for her new novel, Sylvie spies on her neighbors in the building across the street using a telescope. When she hires young Adam to help her with her daily routine, she has no idea that he will turn her life and her work upside down, until the fiction she had imagined surpasses the reality of them all.",False,fr,1.5946,2026-05-14,5.681,47
1242434,Highest 2 Lowest,Highest 2 Lowest,"When a titan music mogul, widely known as having the ""best ears in the business"", is targeted with a ransom plot, he is jammed up in a life-or-death moral dilemma.",False,en,4.5064,2025-08-14,5.5,487
1645368,Forsaken,L'abandon,"Everyone knows the name of Samuel Paty, but few people really know his story. On October 16, 2020, Samuel Paty, professor of History-Geography, was murdered at the end of his college. In the light of investigations and trials, this film looks back on his last eleven days, and the gear that led to his tragic death.",False,fr,2.0646,2026-05-13,7.823,48
1479369,Red Rue Express,Потяг «Червона Рута»,"A romantic comedy that modernizes and reimagines one of the most famous and vivid Ukrainian national symbols, Chervona Ruta, and turns it into a new cultural phenomenon.",False,uk,0.8291,2026-08-20,0.0,0
1036081,Khalifa,ഖലീഫ,"Aamir Ali, a notorious gold smuggling kingpin who inherited his multi-million dollar criminal enterprise from a lineage of gangsters, is drawn into a web of vengeance, legacy and power.",False,ml,1.5138,2026-08-20,0.0,0
1678844,The Bus: A French Football Mutiny,Le Bus : Les Bleus en grève,This documentary revisits the French football team's controversial 2010 World Cup and the bus strike that sparked global headlines and national outrage.,False,fr,1.32,2026-05-13,6.8,49
1211185,Asad,أسد,A slave in 19th Century Egypt revolts against his masters for equal rights for slaves to live freely.,False,ar,2.1732,2026-05-13,7.5,2
1371706,UAP,UAP,"When a group of friends, on their annual 4th of July trip, finds a UAP (Unidentified Anomalous Phenomena) that lands behind their lake house, they must decide if they want to use it for selfish gain, or save the world from destruction.",False,en,0.4272,2026-05-13,0.0,0
1377455,Shutterspeed,Shutterspeed,"Fifteen-year-old Cas poses for his school’s trainee teacher and amateur photographer Jard. When he becomes painfully aware of the power imbalance between them, he seeks to reverse their dynamic.",False,nl,3.3736,2025-06-26,10.0,4
1374107,Give Me Your Hand,Give Me Your Hand,"After a car accident, Adam looses part of his memory and finds out that he has the power to travel to the in-between world : Limbo.  He sets out to recover his lost memories by battling entities from another time. He will have to relive past events from these entities in order to understand his links with them and the reason of his presence in this world.",False,fr,0.212,2025-05-09,5.0,1
1320786,Terrifier 4,Terrifier 4,The fourth installment in the Terrifier franchise. Plot TBA.,False,en,4.2943,,0.0,0
1287819,A Samurai in Time,侍タイムスリッパー,A samurai who gets hit by lightning wakes up to find himself on a film set in the present day and starts to work as an extra on samurai films.,False,ja,1.3658,2024-08-17,7.364,22
1281826,One Fast Move,One Fast Move,"A dishonorably discharged soldier seeks out his estranged father to help him pursue his dream of becoming a professional motorcycle racer. While training, he meets a small-town, aspiring singer and a motorcycle shop owner who begin to break down the walls his father's absence had built up.",False,en,1.9103,2024-08-07,6.643,220
1278099,The Honest Candidate,El candidato honesto,"A former idealistic leader turned corrupt politician is cursed by his grandmother on the eve of the presidential election, forcing him to be honest. Can he win without lies and what will be the conditions?",False,es,0.6049,2024-08-08,6.618,144
1254786,The Life List,The Life List,"When her mother sends her on a quest to complete a teenage bucket list, a young woman uncovers family secrets, finds romance — and rediscovers herself.",False,en,3.2831,2025-03-27,6.961,611
1253971,Cunk on Life,Cunk on Life,"Pioneering documentary maker Philomena Cunk returns with her most ambitious quest to date: venturing right up the universe and everything to examine life and existence in an attempt to find out the point of it all. Along the way, she interrogates experts on subjects from the big bang to biology and art to artificial intelligence. Really get to the nub of it.",False,en,3.3857,2024-12-05,7.386,184
1250846,The Painted,The Painted,"When Evelyn Elster inherits her estranged cousin's fortune she thinks her family has finally gotten the break they've needed. Little do they know they've not only inherited her cousin's riches, but also a family curse, and must do whatever they can to avoid becoming its latest victims.",False,en,1.0274,2024-12-19,5.5,35
1249289,Alarum,Alarum,"Two married spies caught in the crosshairs of an international intelligence network will stop at nothing to obtain a critical asset. Joe and Lara are agents living off the grid whose quiet retreat at a winter resort is blown to shreds when members of the old guard suspect the two may have joined an elite team of rogue spies, known as Alarum.",False,en,4.7218,2025-01-16,5.609,405
1241894,Woodwalkers,Woodwalkers,"Humans who can shapeshift into animals struggle to integrate with others without revealing their special abilities. As a group, they strive to inform and institute change in the perspective of deforestation and the importance of natural habitats. However, when that cannot happen, they're forced to take matters into their own hands.",False,de,3.6954,2024-10-17,6.346,78
1217690,Homestead,Homestead,"A nuclear bomb is detonated in Los Angeles, and the nation devolves into unprecedented chaos. Ex-Green Beret Jeff Eriksson and his family escape to The Homestead, an eccentric prepper’s fortress nestled in the mountains. As violent threats and apocalyptic conditions creep toward their borders, the residents of The Homestead are left to wonder: how long can a group of people resist both the dangers of human nature and the bloodshed at their doorstep?",False,en,1.7011,2024-12-19,6.523,110
1216191,Oddity,Oddity,"After the brutal murder of her twin sister, Darcy goes after those responsible by using haunted items as her tools for revenge.",False,en,9.0425,2024-07-19,6.688,812
1214488,Skywalkers: A Love Story,Skywalkers: A Love Story,Two real-life daredevils test the limits of their love and trust by illegally scaling one of the world's tallest buildings to perform an acrobatic stunt.,False,en,1.1944,2024-07-12,7.201,77
1192174,The Negotiator,Il Nibbio,"Baghdad, 2005. After Italian journalist Giuliana Sgrena is kidnapped by insurgents, veteran SISMI negotiator Nicola Calipari is tasked with rescuing her, but interference from US forces in Iraq compromises his mission.",False,it,1.264,2025-03-06,7.108,106
1136837,Caught by the Tides,风流一代,"Years after her boyfriend left her for the big city and promised to bring her there after he’s settled down, a Chinese woman sets out on a journey to be reunited with him.",False,zh,1.3711,2025-01-08,6.816,49
1109255,Parthenope,Parthenope,"Parthenope, born in the sea near Naples in 1950, is beautiful, enigmatic, and intelligent. She is shamelessly courted by many. However, beauty comes at a cost.",False,it,3.8289,2024-10-24,6.7,760
1096846,Reading Lolita in Tehran,Reading Lolita in Tehran,"In revolutionary Iran, as fundamentalists tighten their grip on society, a professor secretly gathers seven of her most dedicated female students to read and discuss forbidden classics of Western literature, including Lolita and Pride and Prejudice. Based on the bestselling memoir by Azar Nafisi. A film by Eran Riklis starring Golshifteh Farahani (Paterson), Zar Amir (Holy Spider), and Mina Kavani (No Bears).",False,en,2.8054,2024-11-21,7.3,70
1003504,We Will Go,On ira,"An unexpected road trip brings a dysfunctional family together for one last journey with their elder, sparking moments of connection, joy, and reconciliation.",False,fr,0.5279,2025-03-12,7.136,118
979250,Demonte Colony 2,டிமான்டி காலனி 2,"Debbie attempts to contact the spirit of her deceased husband Sam, she inadvertently contacts Srinivasan, who had just died. This contact saves his life but leaves him in a coma for years. Later, Debbie unravels mystery about Lord Demonte sacrificing people and enslaves their spirits. Can Debbie break this cycle and help Srinivasan to wake up from his coma?",False,ta,0.7903,2024-08-15,6.7,21
1602310,Caretta Bobi,Caretta Bobi,,False,tr,0.5631,2025-06-26,0.0,0
1500099,Versa,Versa,"A young couple looking to start a family who experience emotions—from grief and loss to ultimate joy—as they embark on an ethereal, abstract, and imaginative cosmic dance of life.",False,en,6.2223,2025-04-15,7.9,48
1492862,Anos 90: A Explosão do Pagode,Anos 90: A Explosão do Pagode,"A documentary that revisits the golden age of pagode, celebrating the musical genre that defined a generation and dominated parties, TV shows, and radio stations across Brazil. Through archival footage and testimonials from artists and behind-the-scenes figures, the film explores the phenomenon's roots, its meteoric rise, and the legacy that still resonates in today's music. In a nostalgic musical showcase featuring major names from the genre, timeless hits are reimagined, paying tribute to pagode's impact on Brazilian culture.",False,pt,0.1742,2025-06-11,0.0,0
1470812,There's No Way Out,There's No Way Out,"When two sisters emerge from the woods under mysterious circumstances, nurse Shannon River's life is upended as she decides to take them in under temporary foster care. She is plunged into a world of legal disputes and threats from their biological parents, as the secrets of the girls' past are slowly revealed. Together they will learn to navigate trust and fear, as they confront the demons of their past.",False,en,0.2967,2025-04-11,9.0,2
1465527,We Are Pat,We Are Pat,"Pat, the evasive, androgynous character made famous on Saturday Night Live by Julia Sweeney, was an inescapable figure in 1990s pop culture. As a child, filmmaker Ro Haber became obsessed with Pat—a character whose popularity stemmed from making others uncomfortable by defying gender norms. Decades later, and now an out trans filmmaker, Haber still grapples with Pat’s legacy. Thirty-five years after It’s Pat first aired, Haber assembles a group of queer and trans comedians, writers, and even Sweeney herself to revisit the character. Through conversation and critique, they aim not to erase Pat but to reframe them, transforming a symbol of ridicule into one of reflection and empowerment.",False,en,0.6711,2025-06-08,0.0,0
1463785,A Lagos Love Story,A Lagos Love Story,"When she's hired to plan a huge festival in Lagos, Promise unexpectedly finds herself falling for the brash Afrobeats star at the center of it all.",False,en,0.2825,2025-04-11,5.5,4
1451567,Coco 2,Coco 2,The sequel to the 2017 film. Plot TBA.,False,en,7.8267,2029-11-21,0.0,0
1406832,Vanished in Death Valley,Vanished in Death Valley,A teenage girl goes missing when her family’s car breaks down in Death Valley and her parents will need to make unlikely allies if they are to find their daughter before she disappears forever.,False,en,0.8914,2025-01-05,4.25,4
1377455,Shutterspeed,Shutterspeed,"Fifteen-year-old Cas poses for his school’s trainee teacher and amateur photographer Jard. When he becomes painfully aware of the power imbalance between them, he seeks to reverse their dynamic.",False,nl,3.3736,2025-06-26,10.0,4
1374107,Give Me Your Hand,Give Me Your Hand,"After a car accident, Adam looses part of his memory and finds out that he has the power to travel to the in-between world : Limbo.  He sets out to recover his lost memories by battling entities from another time. He will have to relive past events from these entities in order to understand his links with them and the reason of his presence in this world.",False,fr,0.212,2025-05-09,5.0,1
1320786,Terrifier 4,Terrifier 4,The fourth installment in the Terrifier franchise. Plot TBA.,False,en,4.2943,,0.0,0
1287819,A Samurai in Time,侍タイムスリッパー,A samurai who gets hit by lightning wakes up to find himself on a film set in the present day and starts to work as an extra on samurai films.,False,ja,1.3658,2024-08-17,7.364,22
1281826,One Fast Move,One Fast Move,"A dishonorably discharged soldier seeks out his estranged father to help him pursue his dream of becoming a professional motorcycle racer. While training, he meets a small-town, aspiring singer and a motorcycle shop owner who begin to break down the walls his father's absence had built up.",False,en,1.9103,2024-08-07,6.643,220
1278099,The Honest Candidate,El candidato honesto,"A former idealistic leader turned corrupt politician is cursed by his grandmother on the eve of the presidential election, forcing him to be honest. Can he win without lies and what will be the conditions?",False,es,0.6049,2024-08-08,6.618,144
1254786,The Life List,The Life List,"When her mother sends her on a quest to complete a teenage bucket list, a young woman uncovers family secrets, finds romance — and rediscovers herself.",False,en,3.2831,2025-03-27,6.961,611
1253971,Cunk on Life,Cunk on Life,"Pioneering documentary maker Philomena Cunk returns with her most ambitious quest to date: venturing right up the universe and everything to examine life and existence in an attempt to find out the point of it all. Along the way, she interrogates experts on subjects from the big bang to biology and art to artificial intelligence. Really get to the nub of it.",False,en,3.3857,2024-12-05,7.386,184
1250846,The Painted,The Painted,"When Evelyn Elster inherits her estranged cousin's fortune she thinks her family has finally gotten the break they've needed. Little do they know they've not only inherited her cousin's riches, but also a family curse, and must do whatever they can to avoid becoming its latest victims.",False,en,1.0274,2024-12-19,5.5,35
1249289,Alarum,Alarum,"Two married spies caught in the crosshairs of an international intelligence network will stop at nothing to obtain a critical asset. Joe and Lara are agents living off the grid whose quiet retreat at a winter resort is blown to shreds when members of the old guard suspect the two may have joined an elite team of rogue spies, known as Alarum.",False,en,4.7218,2025-01-16,5.609,405
1241894,Woodwalkers,Woodwalkers,"Humans who can shapeshift into animals struggle to integrate with others without revealing their special abilities. As a group, they strive to inform and institute change in the perspective of deforestation and the importance of natural habitats. However, when that cannot happen, they're forced to take matters into their own hands.",False,de,3.6954,2024-10-17,6.346,78
1217690,Homestead,Homestead,"A nuclear bomb is detonated in Los Angeles, and the nation devolves into unprecedented chaos. Ex-Green Beret Jeff Eriksson and his family escape to The Homestead, an eccentric prepper’s fortress nestled in the mountains. As violent threats and apocalyptic conditions creep toward their borders, the residents of The Homestead are left to wonder: how long can a group of people resist both the dangers of human nature and the bloodshed at their doorstep?",False,en,1.7011,2024-12-19,6.523,110
1641479,Mr. Hero,Anh Hùng,"While scrambling to provide for his ill daughter, a taxi driver becomes embroiled in a major charity scam.",False,vi,1.5851,2026-04-24,8.0,1
1669051,Kesong Puti,Kesong Puti,"Have a taste of VMX Newest Temptation Apphle Celso. Lena, a Kesong Puti vendor, meets a charming dairy supplier Manny. Their chemistry sparks a daring secret that transforms her humble cheese into their town’s obsession.",False,tl,16.9548,2026-04-24,3.75,4
1590206,The Hustler,Коммерсант,"Two up-and-coming friends, seeing themselves as the future elite of the new world, oligarchs, they sign up for a major deal, but it turns out that they have been drawn into a massive embezzlement scheme involving billions from the treasury. After his arrest, Andrei ends up in an overcrowded communal cell, a purgatory where he must transform himself into a different person in order to survive and return back to the real world, to his family.",False,ru,1.527,2026-04-23,6.6,5
1119547,In a Whisper,À voix basse,"Back in Tunisia for her uncle's funeral, Lilia reunites with a family that knows nothing about her life in Paris, particularly her romantic life. Determined to uncover the mystery behind her uncle's sudden death, Lilia finds herself confronted with family secrets.",False,fr,1.7967,2026-04-22,7.2,4
1309396,The Doll,La Poupée,"Eastern France, nowadays.  Rémi, who has never recovered from a heartbreak, shares his life with a doll called Audrey. But the day his new coworker, Patricia, arrives at his company, Audrey comes to life. The two women will turn Rémi’s life upside down.",False,fr,2.6077,2026-04-22,6.1,23
807,Se7en,Se7en,"Two homicide detectives are on a desperate hunt for a serial killer whose crimes are based on the ""seven deadly sins"" in this dark and haunting film that takes viewers from the tortured remains of one victim to the next. The seasoned Det. Somerset researches each sin in an effort to get inside the killer's mind, while his novice partner, Mills, scoffs at his efforts to unravel the case.",False,en,24.7099,1995-09-22,8.381,23235
1238188,The Captive,El cautivo,"In 1575, the young soldier Miguel de Cervantes is captured on the high seas by Barbary pirates and taken to Algiers as a hostage. Aware that a cruel death awaits him if his family does not pay his ransom soon, he finds refuge in his passion for storytelling.",False,es,2.0348,2025-09-12,6.534,73
1046758,Sew Torn,Sew Torn,"A seamstress gets tangled in her own thread after stealing a briefcase from a drug deal gone bad. In an escalating game of cat and mouse, her different choices lead to drastically different outcomes along the way.",False,en,2.4743,2025-09-11,6.596,49
1651233,Son-in-Law,El yerno,"José Sánchez has big ambitions, terrible instincts, and a mustache to match. After a string of bad deals, he accidentally bluffs his way into becoming El Serpiente, a political boss feared for all the wrong reasons. Now he must pull off one final deal to stay alive — a deal far beyond anything he can fake.",False,es,5.4221,2026-04-18,5.8,10
1593275,Hito wa Naze Love Letter wo Kaku no ka,人はなぜラブレターを書くのか,"A woman writes a letter to a young man, leading to a correspondence with his father that unveils the truth of a 24-year-old high school romance, his son's death, and the power of love letters.",False,ja,1.1204,2026-04-17,0.0,0
1656489,Sultana,Sultana,"Sultana is a drama set in Istanbul's one and only strip club, telling a story of a women, power, rivalry and solidarity. A new Turkish story where women are not victims in a fairy tale, but warriors learning that the 'handsome prince' is often the real monster- and their only salvation is each other. Meral the long reigning queen of the one and only strip club of Istanbul which is Sultana, takes a talented new Belarusian dancer named Anna under her wing. But she soon realizes she has created a rival powerful enough to replace her, and a ruthless power struggle erupts between the two women.",False,tr,4.38,2026-04-17,0.0,0
1333141,Lesbian Space Princess,Lesbian Space Princess,A space princess is thrust out of her sheltered life and into a galactic quest to save her bounty hunter ex-girlfriend from evil incel aliens.,False,en,2.0524,2025-09-11,4.333,90
1339175,The Birthday Party,The Birthday Party,"The late 1970s, somewhere in the Mediterranean: Marcos Timoleon, a tycoon, is throwing a lavish, extravagant birthday party for Sofia on his exclusive private island. The party is a perfect excuse for various people in his life to approach him with their own agendas.",False,en,1.063,2026-04-17,0.0,0
1634949,Lorne,Lorne,"An unprecedented, behind-the-scenes glimpse at the man who built the inimitable empire of comedy, shaping television and culture for generations. The documentary features exclusive footage, archival treasures, and candid interviews with the show’s most iconic cast members and writers including Tina Fey, Maya Rudolph, John Mulaney, Andy Samberg, Conan O’Brien, Chris Rock and many more.",False,en,5.9134,2026-04-17,6.5,8
1243741,Ballistic,Ballistic,"When a soldier's mother discovers the bullet that killed her son in Afghanistan was made at the factory where she works, she sets out on a path of revenge against those responsible.",False,en,3.2728,2026-04-17,5.707,29
940009,Ray Gunn,Ray Gunn,"In Metropia, a gigantic city in an alternate future as seen from 1939, private eye Raymond Gunn is drawn into a case involving aliens, murder, and a multimedia star named Venus Nova.",False,en,3.0779,2026-12-18,0.0,0
1665932,"Max Boublil, l'éternel gamin","Max Boublil, l'éternel gamin",,False,fr,0.1852,2026-04-16,0.0,0
1659087,180,180,"When an unexpected road rage incident puts his son in critical condition, an enraged father spirals down a dark path of emotional turmoil and vengeance.",False,en,11.2359,2026-04-16,5.803,122
1473148,Gentle Monster,Gentle Monster,"After relocating with her family to the countryside, a renowned pianist uncovers a life-shattering truth that forces her to confront the complexities of love, trust, and deception.",False,de,1.6047,2026-09-17,0.0,0
1623125,A Gorilla Story: Told by David Attenborough,A Gorilla Story: Told by David Attenborough,"Veteran naturalist Sir David Attenborough tells the story of a remarkable group of gorillas, from his first encounter in the '70s to the present day.",False,en,4.2499,2026-04-16,7.569,36
1480382,The Voice of Hind Rajab,صوت هند رجب,"January 29, 2024. Red Crescent volunteers receive an emergency call. A five-year old girl is trapped in a car under fire in Gaza, pleading for rescue. While trying to keep her on the line, they do everything they can to get an ambulance to her. Her name was Hind Rajab.",False,ar,5.2633,2025-09-10,8.1,306
129,Spirited Away,千と千尋の神隠し,"A young girl, Chihiro, becomes trapped in a strange new world of spirits. When her parents undergo a mysterious transformation, she must call upon the courage she never knew she had to free her family.",False,ja,36.6631,2001-07-20,8.534,18465
1418709,Bagarre,Bagarre,,False,fr,2.6429,2026-04-15,5.2,10
1557915,Special Op: Rent-a-Cop,Special Op: Rent-a-Cop,"After falling in love and leaving Special Ops, special agent Brock Belfry finds himself working security in a small town and ends up escorting a van full of senior citizens to Las Vegas for their summer trip. But the trip will not go smoothly as he realizes that his archenemies have tracked him down and plot to take him out.",False,en,1.2164,2026-04-14,0.0,0
1716622,The Village of Eight Gravestones,八つ墓村,"Based on the by Seishi Yokomizo, a detective is invited to a village that appears to have a mysterious curse put upon it",False,ja,0.9285,2026-09-18,0.0,0
429617,Spider-Man: Far From Home,Spider-Man: Far From Home,"Peter Parker and his friends go on a summer trip to Europe. However, they will hardly be able to rest - Peter will have to agree to help Nick Fury uncover the mystery of creatures that cause natural disasters and destruction throughout the continent.",False,en,22.3775,2019-06-28,7.4,17045
1411773,The Last Stand of Ellen Cole,The Last Stand of Ellen Cole,"When an evil contractor goes to extreme measures to evict a testy tenant who is standing in the way of his new project, he fails to take into account that this seemingly harmless old woman is a trained killer and will do anything to protect her beloved home.",False,en,18.561,2024-10-18,7.936,47
1397832,A Widow's Game,La viuda negra,"When a man is found dead, the investigation shatters his widow's perfect facade and exposes a hidden double life in this thriller based on real events.",False,es,3.3361,2025-05-30,6.252,284
1285965,Dangerous Animals,Dangerous Animals,"A savvy and free-spirited surfer is abducted by a shark-obsessed serial killer. Held captive on his boat, she must figure out how to escape before he carries out a ritualistic feeding to the sharks below.",False,en,21.2827,2025-06-05,6.477,602
1158010,Kulej. All That Glitters Isn’t Gold,Kulej. Dwie strony medalu,"A biopic about Jerzy Kulej, a two-time Olympic champion and one of Poland's greatest fighters. The film is set between the Olympics, when Kulej wins his first gold and goes for a second.",False,pl,0.6804,2024-10-11,6.3,8
1153714,Death of a Unicorn,Death of a Unicorn,"A father and daughter accidentally hit and kill a unicorn while en route to a weekend retreat, where his billionaire boss seeks to exploit the creature’s miraculous curative properties.",False,en,7.8245,2025-03-17,6.391,844
1100099,We Live in Time,We Live in Time,"An up-and-coming chef and a recent divorcée find their lives forever changed when a chance encounter brings them together, in a decade-spanning, deeply moving romance.",False,en,4.9204,2024-10-10,7.212,1297
1079091,It Ends with Us,It Ends with Us,"When a woman's first love suddenly reenters her life, her relationship with a charming, but abusive neurosurgeon is upended, and she realizes she must learn to rely on her own strength to make an impossible choice for her future.",False,en,7.8026,2024-08-07,6.951,1971
1064307,Spermageddon,Spermageddon,"Two narrative threads: one is an emerging love story between awkward teens Jens and Lisa, who are having sex for the first time; the other, an eventful quest of Simon the Semen and his friends to reach the golden goal, the Egg.",False,no,4.7876,2024-12-28,6.5,133
1042834,Eden,Eden,"A group of disillusioned outsiders abandon modern society in search of a new beginning. Settling on a remote, uninhabited island, their utopian dream quickly unravels as they discover that the greatest threat isn’t the brutal climate or deadly wildlife, but each other.",False,en,5.7311,2025-04-03,6.675,671
972533,Last Breath,Last Breath,Seasoned deep-sea divers battle the raging elements to rescue their crewmate trapped hundreds of feet below the ocean's surface.,False,en,3.9776,2025-02-24,6.874,656
682012,Little Amélie or the Character of Rain,Amélie et la métaphysique des tubes,"The world is a perplexing, peaceful mystery to Amélie until a miraculous encounter with chocolate ignites her wild sense of curiosity. As she develops a deep attachment to her family's housekeeper, Nishio-san, Amélie discovers the wonders of nature as well as the emotional truths hidden beneath the surface of her family's idyllic life as foreigners in post-war Japan.",False,fr,5.4966,2025-06-25,7.9,187
1595852,Boulevard,Boulevard,"Hasley, a girl with a list of unfulfilled dreams, and Luke, a complex and vulnerable boy marked by a tragic past, find refuge on the boulevard, where they discover whether love can conquer all.",False,es,4.7015,2026-04-10,4.5,5
1631917,18th Rose,18th Rose,"A spirited teen dreaming of the perfect debut makes a deal with a lonely newcomer, but unexpected feelings and revelations may shatter their plans.",False,tl,5.6,2026-04-09,7.396,24
1507877,Another Day,Garance,"Garance is a young actress, but not a star. She manages everything as best she can, valiant, cheerful, a soldier, and she finds in alcohol an unconditional fuel, a source of comfort. Garance changes her life and begins an eight-year journey of moves, work, encounters, parties and anxieties, joys and hardships… An intimate, friendly, and sexual revolution. But she consumes, more and more. Until the very possibility of death…",False,fr,1.0971,2026-09-23,0.0,0
1604226,"Ayah, Ini Arahnya Ke Mana, Ya?","Ayah, Ini Arahnya Ke Mana, Ya?","A daughter grows up in a house with a father who is always there but never truly present. When a family crisis forces her to bear the burden of adulthood, she must learn to live without the direction that should come from the figure she misses most, her own father.",False,id,1.7265,2026-04-09,6.3,3
1032863,The Love Hypothesis,The Love Hypothesis,"Olive Smith, a biology PhD candidate, and Dr. Adam Carlsen, a hotshot professor and well-known tyrant, enter into a fake relationship, seeing each of their carefully calculated theories on love get thrown into chaos.",False,en,2.2188,2026-09-23,0.0,0
556574,Hamilton,Hamilton,"Presenting the tale of American founding father Alexander Hamilton, this filmed version of the original Broadway smash hit is the story of America then, told by America now.",False,en,5.6176,2025-09-05,7.748,121
1267116,Bad Man,Bad Man,"In Colt Lake, Tennessee, Sam Evans tackles a meth epidemic. He is side-lined on arrival of Bobby Gaines, an undercover agent. Despite Evans' local ties, Gaines is hailed as hero. Suspicions arise on Gaines which unravels a complex narrative.",False,en,1.3113,2025-09-05,5.521,47
1531026,L: Lakad,L: Lakad,"A desperate man, eager to reclaim his fiancée’s engagement ring, decides to sell their bed—only to find it becoming the stage for passionate encounters, forbidden desires, and the tangled lives of lovers caught between love, lust, and survival.",False,tl,2.7245,2025-09-05,8.0,3
1266800,The Desert Child,L’Enfant du Désert,"14-year-old Sun has written and successfully published a story based on an incredible story told by her late grandfather about a wild child called Hadara, who is saved by a group of ostriches when he becomes separated from his family in a storm, and is then raised in the desert amid a host of wild animals, including his best friend, a desert fox. When Sun is invited to travel to the Sahara by a local community who has heard about her book, she meets Kharouba, a Nomad girl of her own age, and realizes there may be much more to Hadara than just a character in a bedtime story.",False,fr,1.6223,2026-04-08,7.625,16
808,Shrek,Shrek,"It ain't easy bein' green -- especially if you're a likable (albeit smelly) ogre named Shrek. On a mission to retrieve a gorgeous princess from the clutches of a fire-breathing dragon, Shrek teams up with an unlikely compatriot -- a wisecracking donkey.",False,en,33.6182,2001-05-18,7.767,18866
1126097,Charlie Harper,Charlie Harper,"The journey of a young woman, Harper, and a young man, Charlie, as they meet, leave their respective homes, and attempt to build a life together in a new city. As the driven and ambitious Harper works to build a career as a chef, and the brilliant-yet-stuck Charlie struggles to get himself on track, their relationship faces growing challenges.",False,en,1.7088,2026-09-25,0.0,0
1604702,Days Yet Unknown,Die noch unbekannten Tage,"A road movie in reverse across Europe: Jola Wieczorek traces her family’s past from Poland to the idyllic Salzkammergut. The documentary The Days Yet Unknown is a moving portrait of origin, displacement, and the question of what home truly means.",False,de,0.0563,2026-09-25,0.0,0
1709095,Die Die Delta Pi II: The Burnt One,Die Die Delta Pi II: The Burnt One,Thirteen years after the last Delta Pi massacre a new group of sorority sisters decide to get the Delta Pi sorority up and running again. Little do they know that a new killer has emerged taking out the sisters one by one. Will they survive? Or will this massacre be the worst one yet???,False,en,0.4972,2026-04-05,0.0,0
1592021,Lost in Paradise,Lost in Paradise,"When the founder of a high-end fashion company gets marooned on a ""deserted"" island with a chef, romance blossoms as they work together to survive.",False,en,1.0346,2026-01-03,7.3,16
1662432,Finding Harry: The Craft Behind the Magic,Finding Harry: The Craft Behind the Magic,"Featuring interviews from members of the casting, production design, costume design, and creature effects teams, follow the behind-the-scenes journey of bringing the Harry Potter books to the small screen. Find out how the new Golden Trio were found, and celebrate the commitment to detail of the artists, craftspeople, and technicians who have come together to bring the wizarding world to life.",False,en,3.189,2026-04-05,7.721,34
1650930,Domingo Sem Deus,Domingo Sem Deus,,False,pt,0.8613,2026-04-05,6.0,1
1541055,纪念中国人民抗日战争暨世界反法西斯战争胜利80周年文艺晚会,纪念中国人民抗日战争暨世界反法西斯战争胜利80周年文艺晚会,"The gala Victory of Justice, commemorating the 80th anniversary of the victory of the Chinese People’s War of Resistance Against Japanese Aggression and the World Anti-Fascist War, was held at the Great Hall of the People in Beijing.  With the theme of “Remembering History, Honoring the Martyrs, Cherishing Peace, and Building the Future,” the gala took the major historical milestones and scenes of the Eastern Front of the World Anti-Fascist War as its main thread. It highlighted the role of the Communist Party of China as the pillar of strength in the national war of resistance, paid solemn tribute to the revolutionary martyrs who fought heroically in the war, fully demonstrated China’s firm commitment to safeguarding world peace and security, and proclaimed the eternal truth that justice will prevail, peace will prevail, and the people will prevail.",False,zh,0.2993,2025-09-03,0.0,0
1658216,Stepdaddy,Stepdaddy,Emotions and intrigue run high in this titillating taboo family affair. Chloe and Nica are sisters who both find themselves in their own passionate love affairs with their stepdad Carl.,False,tl,40.6348,2026-04-04,5.3,3
1146058,The Pout-Pout Fish,The Pout-Pout Fish,"Living on a rundown shipwreck, Mr. Fish one day discovers a hyperactive young sea dragon Pip – who had mistaken his home for a junkyard – pilfering his belongings. The heated argument that ensues leaves both their houses in ruin. But there is hope! Embarking on a seemingly impossible quest in search of the mythical 'Shimmer' to grant them a wish, there’s only one problem: someone else is on the hunt...",False,en,23.3716,2026-01-01,5.5,11
1657534,The Caged Butterfly,蝴蝶楼·惊魂,"The mysterious Lu family villa, also known as the Butterfly Mansion, is a notorious haunted house. Physiotherapy therapist Li Han and the scheming Awei move in one after the other. Afterwards, a series of bizarre events unfold: a woman in a red dress with a blood-stained headband wanders the rooms; a distorted, eyeless boy screams in agony… Awei's greed grows wildly as he sees greater profits, while Li Han is plagued by nightmares every night and unexpectedly stumbles upon a shocking secret of the wealthy family. Meanwhile, a life-or-death game is quietly being set up within the Butterfly Mansion. Who will be the lamb to the slaughter? Who will step into an even deeper hell?",False,zh,1.8321,2026-04-03,4.7,3
1200545,A Love Like This,A Love Like This,"Paul and Leah, in a tale of two lovers, rent a Malibu beach house for the weekend, but there's more to their relationship than it seems.",False,en,1.6225,2026-04-03,0.0,0
1620551,Feel My Voice,Non abbiam bisogno di parole,"A teenager, the only hearing member of a deaf family, finds her voice and learns to believe in herself through her passion for singing.",False,it,3.9079,2026-04-03,6.818,137
1451078,Raakaasa,రాకాస,"Returning home after a decade, an NRI chasing romance inadvertently awakens an ancient darkness long feared by his village. As the threat intensifies, love turns deadly and life hangs in the balance.",False,te,4.3254,2026-04-03,6.636,11
1336770,Vaazha II,വാഴ II,"Four friends – Hashir, Alan, Ajin and Vinayak – are considered losers and troublemakers by parents, family and the school management. They face immense social pressure as they reach adulthood, embarking them on an emotional journey of self discovery and acceptance, where they finally learn to take up their responsibilities and find success.",False,ml,8.6053,2026-04-02,7.346,13
1544052,Als wäre es leicht,Als wäre es leicht,"Kati is deaf. Florian is blind. But when they meet, a language beyond words and glances emerges—a language of closeness. Their love seems impossible to outsiders, and that is precisely why it is so overwhelming. It is not silence or darkness that stands between them, but the effort to truly understand each other—and the courage to withstand everything again and again. An intense journey full of ups and downs takes its course: two people who live and love with all their senses.",False,de,0.7306,2026-04-02,7.0,1
414419,Kill Bill: The Whole Bloody Affair,Kill Bill: The Whole Bloody Affair,"A former assassin, known simply as The Bride, wakes from a coma four years after her jealous ex-lover Bill attempts to murder her on her wedding day. Fueled by an insatiable desire for revenge, she vows to get even with every person who contributed to the loss of her unborn child, her entire wedding party, and four years of her life.  After devising a hit list, The Bride sets off on her quest, enduring unspeakable injury and unscrupulous enemies.",False,en,23.8002,2011-03-27,8.1,1323
1635276,Eat Pray Bark,Eat Pray Bark,"In this tumultuous comedy, five eccentric dog owners seek help in dealing with their four-legged friends. Their last hope: an intensive course with the charismatic and legendary dog trainer Nodon in the Tyrolean mountains.",False,de,3.8089,2026-04-01,5.676,94
1290190,Lokah Chapter 1: Chandra,ലോകഃ Chapter 1: ചന്ദ്ര,"The story follows Chandra, a mysterious, goth-influenced woman who has just moved to Bangalore and begins working night shifts at a café. Across the road from her apartment live Sunny and Venu, two aimless bachelors. Sunny becomes infatuated with Chandra, observing her odd routines, strange visitors, and reclusive nature. Their dynamic changes when Sunny gets a glimpse of Chandra in her act.",False,ml,8.9013,2025-08-28,7.167,57
1465557,"Our Hero, Balthazar","Our Hero, Balthazar","Eager to impress his activist crush, a wealthy New York teenager follows an online connection to Texas, where he's convinced he can stop an act of extreme violence.",False,en,3.6323,2026-03-27,2.0,1
1573688,Color Theories by Julio Torres. A Guide to Seeing the World,Color Theories by Julio Torres. A Guide to Seeing the World,"Julio Torres takes the stage in NYC and invites the audience to see the people, places, and things around us through his kaleidoscopic lens. Blending stand-up, an interactive set, and live drawings, Julio explores the inherent traits, personalities, and emotions of particular colors.",False,en,1.9701,2026-03-27,7.0,3
1217505,You're Dating a Narcissist!,You're Dating a Narcissist!,"An outspoken psychologist, burnt by love, takes an emergency trip to Los Angeles with her best friend to talk her smitten daughter out of marrying a man she is convinced is a narcissist.",False,en,1.3383,2026-03-27,5.0,3
1387139,Empire of Lies,Empire of Lies,"When a mysterious young woman comes to interview a paranoid man living in rural isolation, he is forced to confront his part in his daughter's murder.",False,en,1.747,2026-03-27,6.6,7
1421977,Fantasy Life,Fantasy Life,"An anxious New York law school dropout stumbles into a job babysitting his psychiatrist's three granddaughters and falls for the girls' mother, an actress in a rocky marriage.",False,en,1.3291,2026-03-27,6.222,9
1276704,53 Sundays,53 domingos,"When three siblings agree to meet and discuss their aging father's future, their reunion spirals into bickering, bantering and reliving old grudges.",False,es,3.7728,2026-03-26,5.873,67
1429581,Ducobu et le fantôme de Saint-Potache,Ducobu et le fantôme de Saint-Potache,,False,fr,0.4569,2026-10-07,0.0,0
532652,The Resurrection of the Christ: Part One,The Resurrection of the Christ: Part One,The first part of a two-part sequel to The Passion of the Christ. Plot TBA.,False,en,2.4657,2027-05-06,0.0,0
1474294,Il Dio dell'Amore,Il Dio dell'Amore,"Love Divine is a choral journey into romantic relationships, exploring the emotional destinies of interconnected lives. With an ironic, light tone tinged with bitterness, it portrays a humanity caught in the chaos of love. Each character is a knot in an intricate weave shaped by the capricious God of Love, while Ovid, the eternal poet, guides us from ancient Rome into the present.",False,it,0.9929,2026-03-26,5.917,6
1264821,Cats in the Museum 2: Treasures of Egypt,Коты Эрмитажа 2. Тайна египетского зала,"The main characters of the film, the mouse Maurice and the cats Vincent and Cleopatra, will travel from St. Petersburg to Egypt, where they will make new friends, visit the pyramids and open secret dungeons in search of the Genie, who grants one wish once every thousand years. Guests of the presentation were shown a short excerpt in which the characters discover an ancient papyrus with a map and begin to compete with each other.",False,ru,1.1211,2026-03-26,6.0,3
1640702,On Edge,Cattiva strada,"In the rough outskirts of a southern Italian city, a young man caring for his ailing grandmother is drawn into a series of robberies with an outlaw bound by an ancient code of honor. Between loyalty, loss, and the longing for family, he must decide who he is—and how far he’ll go not to be alone.",False,it,0.3783,2026-03-26,7.333,3
109428,Evil Dead,Evil Dead,"Mia, a drug addict, is determined to kick the habit. To that end, she asks her brother, David, his girlfriend, Natalie and their friends Olivia and Eric to accompany her to their family's remote forest cabin to help her through withdrawal. Eric finds a mysterious Book of the Dead at the cabin and reads aloud from it, awakening an ancient demon. All hell breaks loose when the malevolent entity possesses Mia.",False,en,9.4703,2013-04-05,6.608,5074
1476746,The Florist,The Florist,A quiet horticulturalist harboring a secret life as a lethal assassin finds his true identity jeopardized when he forms an unlikely friendship with a witnesses to police corruption.,False,en,1.5893,2026-10-08,0.0,0
1266798,Dog 51,Chien 51,"In the near future, Paris is divided into three zones that separate social classes, and no one can escape ALMA, a predictive AI that has revolutionized law enforcement. When ALMA’s creator is assassinated, Salia, a top agent, and Zem, a jaded cop, are forced to work together to solve a murder that may expose the dark secrets of the system they serve.",False,fr,5.612,2025-10-15,6.118,319
1656014,Missing 411 National Parks: Washington State,Missing 411 National Parks: Washington State,"Washington State follows investigator David Paulides as he examines a series of unexplained disappearances in and around Mount Rainier and Olympic National Park, where hikers, climbers, and experienced outdoorsmen vanish without tracks, scent trails, or clear cause. Through interviews with families, witnesses, and search personnel the film contrasts known environmental dangers - severe weather, terrain, and hypothermia - with unsettling anomalies. Some of these include aircraft debris fields, unusual patterns in search failures, eyewitness encounters, and reported aerial phenomena dating back to the 1946 Curtis Commando crash and the dawn of the modern UFO era. As grief-stricken families search for closure and investigators compare evidence against established ""profile points,"" the documentary challenges viewers to consider whether these cases can be explained by nature alone - or if something unknown operates within the wilderness.",False,en,1.274,2026-03-20,0.0,0
1603145,Champagne,Champagne,"When Maarten learns that his father, Hans, is terminally ill, he decides to take him on one last road trip to the Champagne region.",False,nl,2.2569,2026-03-19,7.5,2
1153576,Street Fighter,Street Fighter,"In 1993, estranged Street Fighters Ryu and Ken Masters are thrown back into combat when the mysterious Chun-Li recruits them for the next World Warrior Tournament: a brutal clash of fists, fate, and fury. But behind this battle royale lies a deadly conspiracy that forces them to face off against each other and the demons of their past. And if they don't, it's GAME OVER!",False,en,4.7031,2026-10-14,0.0,0
744653,The Thursday Murder Club,The Thursday Murder Club,A group of senior sleuths passionate about solving cold cases get plunged into a real-life murder mystery in this comic crime caper.,False,en,3.8782,2025-08-22,6.582,1038
1491902,Bang,ปัง,"Follows a ruthless hitman who, after narrowly escaping a fatal attempt on his life, betrays his gang in an effort to find forgiveness but ends up becoming a target himself.",False,th,5.7898,2025-07-11,6.625,84
1458099,The Only Living Pickpocket in New York,The Only Living Pickpocket in New York,"Harry Lehman is an aging pickpocket who plies his trade with ever-diminishing returns in a drastically changed New York. Wallets stuffed with cash have been replaced by easily cancelled credit cards, and Harry struggles to make ends meet as he cares for his disabled wife, Rosie. When he unwittingly purloins and fences a valuable USB stick, Harry finds himself in a race against time to return the loot or face the rage of a vengeful crime family.",False,en,1.569,2026-10-16,0.0,0
1440049,Preschool,Preschool,"Two determined fathers engage in a comical battle to enroll their kids in an elite preschool, escalating into an absurd competition with unexpected results.",False,en,2.602,2026-03-17,5.7,5
1533210,It's a Trap,Quase Trap,"Tiunai is a wannabe party boy with one goal—to hit the scene in style and catch the eye of the right girl for a night to remember. Armed with his older brother’s advice and the swagger he picks up from his favorite Trap tracks, he’s ready to prove he’s *that* guy—cool, confident, and effortlessly smooth. But in the pursuit of the perfect night, things don’t always go as planned.",False,pt,0.0595,2025-08-21,0.0,0
1654959,Burden of Other People's Dreams: Chapter One – Ganymede,Burden of Other People's Dreams: Chapter One – Ganymede,"A surreal, abstract memoir of Joe Bini's life as a film editor and storyteller, presented as a live cinema experience for one audience member at a time.",False,en,0.1723,2026-03-16,0.0,0
1516175,Party USA,Party USA,"When Taylor can't get her party store shift covered after her dad dies, she makes a deadly mistake that sparks a downward spiral of red, white and blue-collared chaos.",False,en,1.1272,2026-03-15,0.0,0
1640175,To you,To you(; 너에게),,False,ko,0.3272,2026-03-14,0.0,0
1249668,A Table For Two,拼桌,"Their separate worlds converge when a restaurant owner suggests they ""share a table"" during overlapping lunch breaks. What starts as awkward silence evolves into tacit understanding over shared noodles, leading them to explore Shanghai's culinary scene together .",False,zh,2.4301,2026-03-14,5.8,5
1622649,Nelly Knows Mysteries: All Manners of Murder,Nelly Knows Mysteries: All Manners of Murder,Nelly and Detective Michael set out to solve the  murder of a guest while at a lavish dinner.,False,en,1.7513,2026-03-14,8.0,2
1043789,King of Dope,Król dopalaczy,"Dawid is an ordinary boy who builds a legal drug empire and becomes an overnight millionaire. Sudden fame, beautiful women, fast cars, endless partying, confrontations with gangsters, and dealings at the highest levels of power—this is his new world, where the line between legal and illegal is as thin as the line in a mirror. When an ethical cop arrives, everything is at stake. Will Dawid be able to stop him before it's too late? Will love save him from ultimate collapse?",False,pl,2.0723,2026-03-13,7.0,3
1650558,Abot Langit,Abot Langit,"The relationship of a couple is tested when the girl’s first official flight pairs her with a confident senior pilot, jealousy and power dynamics surface in the training ground. The girl is now torn between her present relationship and new temptation she can’t resist.",False,tl,9.2464,2026-03-13,5.0,1
874860,Storm Rider: Legend of Hammerhead,Storm Rider: Legend of Hammerhead,"Centuries after the Great Flood, riders compete in death races on the water to secure shelter for their people behind the walls of Argos. Rebellious storm riders Neb and Ana look to uncover hidden truths by breaking through the storm.",False,en,3.1973,2026-03-13,5.7,9
1437981,Coward,Coward,"Pierre, a young Belgian soldier, wants to prove himself on the battlefield during the First World War. Behind the frontlines, he meets Francis, who is asked to find a way to boost morale.",False,fr,4.1837,2026-10-21,0.0,0
1500774,Ugly Cry,Ugly Cry,"When Delaney's boyfriend leaves town to shoot a splashy zombie movie, she becomes obsessed with a character she’s auditioning for after she learns the producers think she has an ""ugly cry."" But when she tries to make her cry prettier, her performance suffers. Can she contort herself, and her face, to have the perfect cry? Her attempts to change herself cause Young Delaney to haunt her, catapulting present day Delaney deeper down the rabbit hole. She isolates herself and grows increasingly delusional, and interested in physical fixes to her acting problem. How can she make the world see her as she sees herself? How can she become and become and become? She will become famous. Or die trying.",False,en,1.9096,2026-03-12,7.0,3
1630264,A Special Memory,A Special Memory,"The illness challenges the couple's love in a way they never anticipated, shifting the narrative from a sweet romance to an emotional journey.",False,tl,4.1331,2026-03-11,0.0,0
1233066,Manitou's Canoe,Das Kanu des Manitu,"Abahachi, the Apache chief, and his white blood brother Ranger fight tirelessly for peace and justice - but a new, up-and-coming gang is making life particularly difficult for them! They lure Abahachi and Ranger into a trap in order to get their hands on the legendary “Canoe of Manitou”.",False,de,1.2378,2025-08-14,6.662,170
1447420,9 Moons,9 lunas,"Ángel is a personal trainer who, after taking a year off, has just landed a job at the most prestigious gym in the city, and life finally seems to be back on track. But everything changes when he begins to feel unwell, goes to the hospital, and receives shocking news: he’s pregnant. A trans man on the verge of completing his transition, Ángel is now confronted with a life-altering decision—one that will challenge his identity, his aspirations, and his very understanding of masculinity.",False,es,1.3928,2026-03-07,0.0,0
1153576,Street Fighter,Street Fighter,"In 1993, estranged Street Fighters Ryu and Ken Masters are thrown back into combat when the mysterious Chun-Li recruits them for the next World Warrior Tournament: a brutal clash of fists, fate, and fury. But behind this battle royale lies a deadly conspiracy that forces them to face off against each other and the demons of their past. And if they don't, it's GAME OVER!",False,en,4.7031,2026-10-14,0.0,0
1491902,Bang,ปัง,"Follows a ruthless hitman who, after narrowly escaping a fatal attempt on his life, betrays his gang in an effort to find forgiveness but ends up becoming a target himself.",False,th,5.7898,2025-07-11,6.625,84
1458099,The Only Living Pickpocket in New York,The Only Living Pickpocket in New York,"Harry Lehman is an aging pickpocket who plies his trade with ever-diminishing returns in a drastically changed New York. Wallets stuffed with cash have been replaced by easily cancelled credit cards, and Harry struggles to make ends meet as he cares for his disabled wife, Rosie. When he unwittingly purloins and fences a valuable USB stick, Harry finds himself in a race against time to return the loot or face the rage of a vengeful crime family.",False,en,1.569,2026-10-16,0.0,0
1440049,Preschool,Preschool,"Two determined fathers engage in a comical battle to enroll their kids in an elite preschool, escalating into an absurd competition with unexpected results.",False,en,2.602,2026-03-17,5.7,5
1533210,It's a Trap,Quase Trap,"Tiunai is a wannabe party boy with one goal—to hit the scene in style and catch the eye of the right girl for a night to remember. Armed with his older brother’s advice and the swagger he picks up from his favorite Trap tracks, he’s ready to prove he’s *that* guy—cool, confident, and effortlessly smooth. But in the pursuit of the perfect night, things don’t always go as planned.",False,pt,0.0595,2025-08-21,0.0,0
1654959,Burden of Other People's Dreams: Chapter One – Ganymede,Burden of Other People's Dreams: Chapter One – Ganymede,"A surreal, abstract memoir of Joe Bini's life as a film editor and storyteller, presented as a live cinema experience for one audience member at a time.",False,en,0.1723,2026-03-16,0.0,0
1091,The Thing,The Thing,A research team in Antarctica is hunted by a shape-shifting alien that assumes the appearance of its victims.,False,en,14.2866,1982-06-25,8.075,8003
1516175,Party USA,Party USA,"When Taylor can't get her party store shift covered after her dad dies, she makes a deadly mistake that sparks a downward spiral of red, white and blue-collared chaos.",False,en,1.1272,2026-03-15,0.0,0
1640175,To you,To you(; 너에게),,False,ko,0.3272,2026-03-14,0.0,0
1249668,A Table For Two,拼桌,"Their separate worlds converge when a restaurant owner suggests they ""share a table"" during overlapping lunch breaks. What starts as awkward silence evolves into tacit understanding over shared noodles, leading them to explore Shanghai's culinary scene together .",False,zh,2.4301,2026-03-14,5.8,5
1622649,Nelly Knows Mysteries: All Manners of Murder,Nelly Knows Mysteries: All Manners of Murder,Nelly and Detective Michael set out to solve the  murder of a guest while at a lavish dinner.,False,en,1.7513,2026-03-14,8.0,2
1043789,King of Dope,Król dopalaczy,"Dawid is an ordinary boy who builds a legal drug empire and becomes an overnight millionaire. Sudden fame, beautiful women, fast cars, endless partying, confrontations with gangsters, and dealings at the highest levels of power—this is his new world, where the line between legal and illegal is as thin as the line in a mirror. When an ethical cop arrives, everything is at stake. Will Dawid be able to stop him before it's too late? Will love save him from ultimate collapse?",False,pl,2.0723,2026-03-13,7.0,3
1650558,Abot Langit,Abot Langit,"The relationship of a couple is tested when the girl’s first official flight pairs her with a confident senior pilot, jealousy and power dynamics surface in the training ground. The girl is now torn between her present relationship and new temptation she can’t resist.",False,tl,9.2464,2026-03-13,5.0,1
874860,Storm Rider: Legend of Hammerhead,Storm Rider: Legend of Hammerhead,"Centuries after the Great Flood, riders compete in death races on the water to secure shelter for their people behind the walls of Argos. Rebellious storm riders Neb and Ana look to uncover hidden truths by breaking through the storm.",False,en,3.1973,2026-03-13,5.7,9
1437981,Coward,Coward,"Pierre, a young Belgian soldier, wants to prove himself on the battlefield during the First World War. Behind the frontlines, he meets Francis, who is asked to find a way to boost morale.",False,fr,4.1837,2026-10-21,0.0,0
1500774,Ugly Cry,Ugly Cry,"When Delaney's boyfriend leaves town to shoot a splashy zombie movie, she becomes obsessed with a character she’s auditioning for after she learns the producers think she has an ""ugly cry."" But when she tries to make her cry prettier, her performance suffers. Can she contort herself, and her face, to have the perfect cry? Her attempts to change herself cause Young Delaney to haunt her, catapulting present day Delaney deeper down the rabbit hole. She isolates herself and grows increasingly delusional, and interested in physical fixes to her acting problem. How can she make the world see her as she sees herself? How can she become and become and become? She will become famous. Or die trying.",False,en,1.9096,2026-03-12,7.0,3
1630264,A Special Memory,A Special Memory,"The illness challenges the couple's love in a way they never anticipated, shifting the narrative from a sweet romance to an emotional journey.",False,tl,4.1331,2026-03-11,0.0,0
1233066,Manitou's Canoe,Das Kanu des Manitu,"Abahachi, the Apache chief, and his white blood brother Ranger fight tirelessly for peace and justice - but a new, up-and-coming gang is making life particularly difficult for them! They lure Abahachi and Ranger into a trap in order to get their hands on the legendary “Canoe of Manitou”.",False,de,1.2378,2025-08-14,6.662,170
1447420,9 Moons,9 lunas,"Ángel is a personal trainer who, after taking a year off, has just landed a job at the most prestigious gym in the city, and life finally seems to be back on track. But everything changes when he begins to feel unwell, goes to the hospital, and receives shocking news: he’s pregnant. A trans man on the verge of completing his transition, Ángel is now confronted with a life-altering decision—one that will challenge his identity, his aspirations, and his very understanding of masculinity.",False,es,1.3928,2026-03-07,0.0,0
1646787,Sundutan,Sundutan,"A hole on the wall accidentally connects two women emotionally and physically. Forbidden love, greed, betrayal... what lies beyond the hole? And for how long can they keep covering it up?",False,tl,21.0563,2026-03-06,4.0,1
1533210,It's a Trap,Quase Trap,"Tiunai is a wannabe party boy with one goal—to hit the scene in style and catch the eye of the right girl for a night to remember. Armed with his older brother’s advice and the swagger he picks up from his favorite Trap tracks, he’s ready to prove he’s *that* guy—cool, confident, and effortlessly smooth. But in the pursuit of the perfect night, things don’t always go as planned.",False,pt,0.0595,2025-08-21,0.0,0
1654959,Burden of Other People's Dreams: Chapter One – Ganymede,Burden of Other People's Dreams: Chapter One – Ganymede,"A surreal, abstract memoir of Joe Bini's life as a film editor and storyteller, presented as a live cinema experience for one audience member at a time.",False,en,0.1723,2026-03-16,0.0,0
1091,The Thing,The Thing,A research team in Antarctica is hunted by a shape-shifting alien that assumes the appearance of its victims.,False,en,14.2866,1982-06-25,8.075,8003
1516175,Party USA,Party USA,"When Taylor can't get her party store shift covered after her dad dies, she makes a deadly mistake that sparks a downward spiral of red, white and blue-collared chaos.",False,en,1.1272,2026-03-15,0.0,0
1640175,To you,To you(; 너에게),,False,ko,0.3272,2026-03-14,0.0,0
76600,Avatar: The Way of Water,Avatar: The Way of Water,"Set more than a decade after the events of the first film, learn the story of the Sully family (Jake, Neytiri, and their kids), the trouble that follows them, the lengths they go to keep each other safe, the battles they fight to stay alive, and the tragedies they endure.",False,en,39.5958,2022-12-14,7.594,14247
1249668,A Table For Two,拼桌,"Their separate worlds converge when a restaurant owner suggests they ""share a table"" during overlapping lunch breaks. What starts as awkward silence evolves into tacit understanding over shared noodles, leading them to explore Shanghai's culinary scene together .",False,zh,2.4301,2026-03-14,5.8,5
1622649,Nelly Knows Mysteries: All Manners of Murder,Nelly Knows Mysteries: All Manners of Murder,Nelly and Detective Michael set out to solve the  murder of a guest while at a lavish dinner.,False,en,1.7513,2026-03-14,8.0,2
1043789,King of Dope,Król dopalaczy,"Dawid is an ordinary boy who builds a legal drug empire and becomes an overnight millionaire. Sudden fame, beautiful women, fast cars, endless partying, confrontations with gangsters, and dealings at the highest levels of power—this is his new world, where the line between legal and illegal is as thin as the line in a mirror. When an ethical cop arrives, everything is at stake. Will Dawid be able to stop him before it's too late? Will love save him from ultimate collapse?",False,pl,2.0723,2026-03-13,7.0,3
1650558,Abot Langit,Abot Langit,"The relationship of a couple is tested when the girl’s first official flight pairs her with a confident senior pilot, jealousy and power dynamics surface in the training ground. The girl is now torn between her present relationship and new temptation she can’t resist.",False,tl,9.2464,2026-03-13,5.0,1
874860,Storm Rider: Legend of Hammerhead,Storm Rider: Legend of Hammerhead,"Centuries after the Great Flood, riders compete in death races on the water to secure shelter for their people behind the walls of Argos. Rebellious storm riders Neb and Ana look to uncover hidden truths by breaking through the storm.",False,en,3.1973,2026-03-13,5.7,9
1437981,Coward,Coward,"Pierre, a young Belgian soldier, wants to prove himself on the battlefield during the First World War. Behind the frontlines, he meets Francis, who is asked to find a way to boost morale.",False,fr,4.1837,2026-10-21,0.0,0
1500774,Ugly Cry,Ugly Cry,"When Delaney's boyfriend leaves town to shoot a splashy zombie movie, she becomes obsessed with a character she’s auditioning for after she learns the producers think she has an ""ugly cry."" But when she tries to make her cry prettier, her performance suffers. Can she contort herself, and her face, to have the perfect cry? Her attempts to change herself cause Young Delaney to haunt her, catapulting present day Delaney deeper down the rabbit hole. She isolates herself and grows increasingly delusional, and interested in physical fixes to her acting problem. How can she make the world see her as she sees herself? How can she become and become and become? She will become famous. Or die trying.",False,en,1.9096,2026-03-12,7.0,3
1630264,A Special Memory,A Special Memory,"The illness challenges the couple's love in a way they never anticipated, shifting the narrative from a sweet romance to an emotional journey.",False,tl,4.1331,2026-03-11,0.0,0
1233066,Manitou's Canoe,Das Kanu des Manitu,"Abahachi, the Apache chief, and his white blood brother Ranger fight tirelessly for peace and justice - but a new, up-and-coming gang is making life particularly difficult for them! They lure Abahachi and Ranger into a trap in order to get their hands on the legendary “Canoe of Manitou”.",False,de,1.2378,2025-08-14,6.662,170
1447420,9 Moons,9 lunas,"Ángel is a personal trainer who, after taking a year off, has just landed a job at the most prestigious gym in the city, and life finally seems to be back on track. But everything changes when he begins to feel unwell, goes to the hospital, and receives shocking news: he’s pregnant. A trans man on the verge of completing his transition, Ángel is now confronted with a life-altering decision—one that will challenge his identity, his aspirations, and his very understanding of masculinity.",False,es,1.3928,2026-03-07,0.0,0
1721422,Inès Reg : On est toujours ensemble,Inès Reg : On est toujours ensemble,,False,fr,0.467,2026-03-05,0.0,0
10195,Thor,Thor,"Against his father Odin's will, The Mighty Thor - a powerful but arrogant warrior god - recklessly reignites an ancient war. Thor is cast down to Earth and forced to live among humans as punishment. Once here, Thor learns what it takes to be a true hero when the most dangerous villain of his world sends the darkest forces of Asgard to invade Earth.",False,en,15.3948,2011-04-21,6.771,22410
1217954,Lucy Lost,Lucy Lost,"Set in 1915 in the Isles of Scilly just off the Cornish coast, a young girl named Lucy is raised by a clan of fishermen she knows not to be hers. However, she remembers little else about her past, and as the Great War rages down on the continent, a chance encounter with the mysterious girl her own age soon helps Lucy put back the pieces of her own life’s story and come to better understand her place in the world.",False,fr,3.2294,2026-10-28,0.0,0
559,Spider-Man 3,Spider-Man 3,"The seemingly invincible Spider-Man goes up against an all-new crop of villains—including the shape-shifting Sandman. While Spider-Man’s superpowers are altered by an alien organism, his alter ego, Peter Parker, deals with nemesis Eddie Brock and also gets caught up in a love triangle.",False,en,33.8917,2007-05-01,6.462,15300
1639000,Famous Last Words: Eric Dane,Famous Last Words: Eric Dane,"In this emotional interview, the late actor and ALS advocate Eric Dane shared his final message for the world — knowing it would not air until his death.",False,en,0.6751,2026-02-19,8.833,6
1428862,Firebreak,Cortafuego,"Little Lide disappears in the forest while her family packs up their home. As a fire breaks out, her mother must race to reach her before the flames do.",False,es,4.7333,2026-02-19,6.294,158
1567605,Ebenezer: A Christmas Carol,Ebenezer: A Christmas Carol,"Ebenezer Scrooge embarks on a supernatural journey to face his past, present and future and fight for a second chance at happiness.",False,en,1.786,2026-11-12,0.0,0
1462229,Pegasus 3,飞驰人生3,"Bearing the glory of being the 'King of Bayanbulak', Zhang Chi once again embarks on his racing journey, aiming not only to win the race but also to achieve something beyond the competition itself.",False,zh,4.9089,2026-02-17,7.158,38
1286656,I Play Rocky,I Play Rocky,"A struggling actor with a partially paralyzed face and a speech impediment writes a script that a big movie studio wants to buy, but he refuses to sell it unless he gets to play the lead.  Turning down an offer of life-changing money, he instead works for pennies to get the movie made with himself in the starring role.  The movie becomes the biggest box office hit of 1976, notching ten Oscar nominations and winning Best Picture.  The true story of the making of the iconic movie Rocky.",False,en,1.2237,2026-11-13,0.0,0
1607088,Boonie Bears: The Hidden Protector,熊出没·年年有熊,"After gaining magical powers from Nian, the legendary Year Monster, our heroes are transported to a magical realm to stop a world-ending crisis. Briar deals with losing his 'big brother' status after the others gain powers, leading him to stumble into a plot that threatens both the human and immortal worlds.",False,zh,2.4617,2026-02-17,5.0,2
502356,The Super Mario Bros. Movie,The Super Mario Bros. Movie,"While working underground to fix a water main, Brooklyn plumbers—and brothers—Mario and Luigi are transported down a mysterious pipe and wander into a magical new world. But when the brothers are separated, Mario embarks on an epic quest to find Luigi.",False,en,24.1332,2023-04-05,7.603,10841
278,The Shawshank Redemption,The Shawshank Redemption,"Imprisoned in the 1940s for the double murder of his wife and her lover, upstanding banker Andy Dufresne begins a new life at the Shawshank prison, where he puts his accounting skills to work for an amoral warden. During his long stretch in prison, Dufresne comes to be admired by the other inmates -- including an older prisoner named Red -- for his integrity and unquenchable sense of hope.",False,en,121.1668,1994-09-23,8.723,30659
1614368,Love Go Go Go!,喜欢上“欠欠”的你,"A spendthrift seeking emotional comfort and a cautious saver searching for security are drawn into an unlikely relationship that begins with constant clashes. As playful tension turns into real feelings, misunderstandings threaten to pull them apart, forcing both to confront what truly matters in love and life.",False,zh,3.4665,2026-02-14,5.5,2
1215532,Chickenhare and the Secret of the Groundhog,Hopper et le secret de la marmotte,"Chickenhare embarks on an epic quest, a mysterious groundhog with the power to reverse time and save his species. His adventure takes a dangerous turn when his group discover they are not the only ones searching for this ancient power.",False,en,4.1821,2025-09-19,7.4,8
1418361,The Souffleur,The Souffleur,"Lucius Glantz, a veteran hotel manager in Vienna, fights to save his beloved establishment from a scheming realtor's plan to demolish it, leading to a clash of wills that even affects the hotel's renowned soufflé recipe.",False,en,1.8242,2026-02-13,0.0,0
1304604,Surfacing,Surfacing,"After years of struggling with severe depression, a young man begins to open his heart, learning to love himself and others. When he becomes entangled in his therapist’s personal life, he discovers not only her need for support but also a tender, transformative connection with another man, Jackson. Through this intimate journey of trust, vulnerability, and queer romance, he confronts his past, embraces love, and finds hope in human connection.",False,en,0.4548,2026-02-12,5.5,2
1280115,Way of the Warrior Kid,Way of the Warrior Kid,"Jake is an injured Navy SEAL who becomes a mentor for his shy, struggling nephew Marc. Using the principles of his military training, Jake teaches Marc how to be a Warrior Kid as he enters high school.",False,en,1.1989,2026-11-19,0.0,0
1185542,Agnes & Amir,Lieblingsmenschen - Die außergewöhnliche Freundschaft von Agnes & Amir,"Amir is 28, gay and has just fled from Iran. Agnes is 101 and still too young for a retirement home - she thinks. The two move in together - and save each other's lives.",False,de,0.6225,2026-11-19,0.0,0
284052,Doctor Strange,Doctor Strange,"After his career is destroyed, a brilliant but arrogant surgeon gets a new lease on life when a sorcerer takes him under her wing and trains him to defend the world against evil.",False,en,14.0833,2016-10-25,7.422,23508
1571101,Evolution,Evolution,"When an alien substance mixes Zoe’s DNA with that of her exotic pets, a hilarious adventure begins where humans turn into animals, animals turn into humans, and everyone must come to an agreement to save the world.",False,en,1.0578,2026-02-06,5.8,4
1623526,Milano Cortina 2026 Olympic Opening Ceremony: Harmony,Milano Cortina 2026 Olympic Opening Ceremony: Harmony,"The Opening Ceremony of Milano Cortina 2026 features blockbuster acts from international artists including five-time Grammy Award-winner Mariah Carey, Golden Globe winner Laura Pausini and famed Italian tenor Andrea Bocelli, to the award-winning actor and producer Pierfrancesco Favino and The White Lotus’ Emmy-nominated star Sabrina Impacciatore.",False,it,0.5799,2026-02-06,6.5,2
1457866,The Adventures of Cliff Booth,The Adventures of Cliff Booth,"Eight years after the events of Once Upon a Time in... Hollywood, Cliff Booth returns to a changing Los Angeles. Now working as a fixer in the shadows of the Hollywood studio system, Cliff finds himself entangled in a dangerous web of secrets, crimes and betrayals that will test everything he knows about loyalty and survival.",False,en,2.6023,2026-11-24,0.0,0
843342,Hamlet,Hamlet,"When Hamlet returns for his father’s funeral, he is stunned to discover his uncle Claudius is marrying his newly widowed mother. Visited by his father’s ghost, Hamlet learns his brutal murder was at the hands of Claudius - and spirals into a quest for vengeance that exposes the rot at the heart of the family’s empire and threatens his own sanity.",False,en,1.727,2026-02-06,5.6,10
846049,The Dresden Sun,The Dresden Sun,"A brilliant, principled mercenary with a traumatic past works with an insider to steal a valued asset from Peredor Corporation called “the sphere”. The C & Earth corporation, vying for global dominance, seeks to find a solution to an otherworldly technology via a scientist’s project. Meanwhile, a financial analyst, who despises his job at the powerful investment firm Mutual One, finds himself caught between deadly corporate rivals, financial fraud, and technological espionage, and is ultimately forced to run from a psychopathic military contractor.",False,en,1.3007,2026-02-06,3.654,13
1629959,HELP,HELP,"An exhausted nurse slaughters what she thinks is a horrifying bloody mangled monster to survive the night, but the truth she uncovers in the aftermath is far more horrifying than any creature.",False,en,0.8488,2026-02-05,0.0,0
1720486,Lilo & Scratch,Lilo & Scratch,"Stitch is tasked with looking after Scratch, a cat Lilo has found but Scratch has more similarities with Stitch than meets the eye.",False,en,5.1759,2026-11-25,0.0,0
1470558,"Check Out Sekarang, Pay Later (Caper)","Check Out Sekarang, Pay Later (Caper)","Tina, a former beauty pageant winner burdened with online loan debt, is forced to work at a loan shark to pay off her debts and support her younger brother, While working, Tina meets Mail, a fellow victim of illegal lending. Together, they unintentionally uncover a vast illegal lending network involving influential figures.",False,id,1.4597,2026-02-05,6.5,2
1369243,(Des)controle,(Des)controle,"At a turbulent time in her life and career, an overwhelmed writer seeking relief returns to drinking after 15 years of sobriety, but goes from a simple glass of wine to total loss of control.",False,pt,1.0589,2026-02-05,6.9,6
1577911,Class Reunion 4: Friends for Life,Klassefesten 4 - venner for livet,"When Niels turns 50 and decides life is pointless, his two best friends drag him on a trip full of catfishing, denial, and the rediscovery that none of them are doing particularly well at adulthood.",False,da,1.3202,2026-02-05,5.0,2
1263256,Happy Gilmore 2,Happy Gilmore 2,"Happy Gilmore isn't done with golf — not by a long shot. Since his retirement after his first Tour Championship win, Gilmore returns to finance his daughter's ballet classes.",False,en,10.4233,2025-07-25,6.5,976
1259211,Moonglow,Moonglow,"In 1970s Manila, a jaded police detective, who, unbeknownst to her colleagues, is the mastermind behind a successful heist, is paired up with her former lover, an obsessively truth-seeking detective, to crack the very crime that she orchestrated.",False,tl,1.5294,2026-02-04,0.0,0
603692,John Wick: Chapter 4,John Wick: Chapter 4,"With the price on his head ever increasing, John Wick uncovers a path to defeating The High Table. But before he can earn his freedom, Wick must face off against a new enemy with powerful alliances across the globe and forces that turn old friends into foes.",False,en,32.8048,2023-03-21,7.71,8012
1606533,Giulio Regeni: All The Evil In The World,Giulio Regeni: Tutto Il Male Del Mondo,"The events related to the death of Giulio Regeni, kidnapped, tortured and killed in Egypt, with the reconstruction of his family and lawyer Alessandra Ballerini, showing the stages of the kidnapping, the torture and killing.",False,it,0.3475,2026-02-02,7.5,13
285,Pirates of the Caribbean: At World's End,Pirates of the Caribbean: At World's End,"After losing Captain Jack Sparrow to the locker of Davy Jones, Will Turner, Elizabeth Swann, and Captain Barbossa journey to the ends of the earth to rescue him. And as the East India Trading Company tightens its grip on the seas under Lord Cutler Beckett—now in control of Davy Jones—the fate of piracy hangs by a thread. Now, they must unite the pirate lords for one final stand. But as loyalties are tested and alliances shift, each must ultimately choose where they stand in the battle for freedom on the high seas.",False,en,17.1975,2007-05-19,7.275,15540
1131759,Omniscient Reader: The Prophecy,전지적 독자 시점,"Kim Dok-ja, an ordinary man in his 20s, is the only reader of an obscure web novel titled ""Three Ways to Survive the Apocalypse"". After having read the last chapter, the novel suddenly becomes reality, and its omnipotent hero Yu Jung-hyeok appears before Kim. As the only person who knows how to survive in this world, Kim and his companions strive to save the world by writing his own, new ending.",False,ko,5.1099,2025-07-23,7.082,98
519182,Despicable Me 4,Despicable Me 4,"Gru and Lucy and their girls—Margo, Edith and Agnes—welcome a new member to the Gru family, Gru Jr., who is intent on tormenting his dad. Gru also faces a new nemesis in Maxime Le Mal and his femme fatale girlfriend Valentina, forcing the family to go on the run.",False,en,30.8857,2024-06-20,6.986,3235
1693704,Study Hall,Study Hall,"A young amateur detective investigating a mysterious popular kid infiltrates his group of delinquents, only to find that he can't shake them off.",False,en,2.4273,2026-12-01,0.0,0
1625911,Baby Boy,Baby Boy,"To hide his true identity, he plays and innocent role only to be drawn into a world of passion and deceit.",False,tl,0.0886,2026-01-30,0.0,0
1567711,Love in Curaçao,Verliefd op Curaçao,"When Merel joins her son on a sunny trip to Curaçao ahead of his wedding, she soon discovers the holiday is actually a singles getaway. Amid a group of hopeful romantics, unexpected encounters, and island charm, love begins to surface in ways no one anticipated.",False,nl,0.2175,2026-01-29,5.3,6
1319520,Human Resource,พนักงานใหม่ (โปรดรับไว้พิจารณา),"Working in HR at a challenging company, Fren interviews young new hires and is secretly one month pregnant, grappling with the decision to have a child in difficult circumstances.",False,th,1.9101,2026-01-29,6.1,8
1159539,Peter Hujar's Day,Peter Hujar's Day,A recently discovered conversation between photographer Peter Hujar and his friend Linda Rosenkrantz in 1974 reveals a glimpse into New York City’s downtown art scene and the personal struggles and epiphanies that define an artist’s life.,False,en,2.0179,2025-11-07,5.2,15
1351772,Bight,Bight,"Two couples' daring foray into open relationships leads down a tumultuous path of jealousy, betrayal, and emotional devastation.",False,en,2.061,2026-01-28,4.2,6
1382782,Chili Finger,Chili Finger,"When a small town lawyer discovers a severed finger in her chili, she blackmails the restaurant for a cash payout in an effort to regain control over her mundane life. The situation quickly spirals out of control, and her life descends into chaos.",False,en,2.2964,2026-12-03,0.0,0
1262815,The Choral,The Choral,"As World War I rages on, Dr. Henry Guthrie takes over a British choral society that's lost most of its men to the army. The community soon discovers that the best response to the chaos of war is to make beautiful music together.",False,en,4.9391,2025-11-07,6.295,39
1198746,Above the Below,Above the Below,"Three astronauts survive a violently destructive re-entry, only to discover their landing capsule is sinking into the uncharted depths of the ocean. Completely cut off from the world, they must battle both the sea and their isolation to survive.",False,en,0.5983,2026-12-03,0.0,0
1394098,Sister,시스터,"Desperate to raise money for her younger sister's surgery, Hae-ran teams up with Tae-soo to kidnap her half-sister So-jin. So-jin wakes up confined in an unfamiliar place. Hae-ran and Tae-soo demand a hefty ransom, expecting her wealthy father to cough up the money. Upon discovering that one of her captors is her half-sister, So-jin enters a precarious alliance that blurs the lines between victim and perpetrator as she plots a counterattack against the ruthless Tae-soo.",False,ko,1.9608,2026-01-28,5.8,8
37165,The Truman Show,The Truman Show,"In a picture-perfect seaside town, an insurance salesman begins to realize that his entire existence may be staged and observed by a vast unseen audience as part of a long-running real-time reality TV show.",False,en,21.6413,1998-06-04,8.155,20360
1091,The Thing,The Thing,A research team in Antarctica is hunted by a shape-shifting alien that assumes the appearance of its victims.,False,en,14.2866,1982-06-25,8.075,8003
76600,Avatar: The Way of Water,Avatar: The Way of Water,"Set more than a decade after the events of the first film, learn the story of the Sully family (Jake, Neytiri, and their kids), the trouble that follows them, the lengths they go to keep each other safe, the battles they fight to stay alive, and the tragedies they endure.",False,en,39.5958,2022-12-14,7.594,14247
1618784,Fight Against Evil 3,东北警察故事3,"Li Hongqi is forced to travel for his wedding but must team up with a local cop to rescue a girl from human traffickers, fighting criminals while racing against his wedding date.",False,zh,5.7267,2026-01-23,6.4,17
1339173,Honey Bunch,Honey Bunch,"Diana's husband is taking her to an experimental trauma facility deep in the wilderness, but she can't remember why... As her memories begin to creep back in so do some unwelcome sinister truths about her marriage.",False,en,1.2493,2026-01-23,5.983,30
12,Finding Nemo,Finding Nemo,"Nemo, an adventurous young clownfish, is unexpectedly taken from his Great Barrier Reef home to a dentist's office aquarium. It's up to his worrisome father Marlin and a friendly but forgetful fish Dory to bring Nemo home -- meeting vegetarian sharks, surfer dude turtles, hypnotic jellyfish, hungry seagulls, and more along the way.",False,en,22.5642,2003-05-30,7.819,20637
1507580,National Theatre Live: Hamlet,National Theatre Live: Hamlet,"Olivier Award-winner Hiran Abeysekera (Life of Pi) is Hamlet in this fearless, contemporary take on Shakespeare’s famous tragedy.  Trapped between duty and doubt, surrounded by power and privilege, young Prince Hamlet dares to ask the ultimate question–you know the one.  National Theatre Deputy Artistic Director, Robert Hastie (Standing at the Sky’s Edge, Operation Mincemeat) directs this sharp, stylish and darkly funny reimagining.",False,en,0.3713,2026-01-22,6.5,2
1534530,The Whisper,El Susurro,"Fleeing from their violent father, siblings Lucía and Adrián take refuge in a remote mansion. With the help of a hidden micro-camera on a cat, Lucía uncovers a terrifying secret: their neighbors are part of a criminal network that kidnaps teenage girls to make snuff films, and they intend to get rid of the siblings. As Lucía fights to protect her brother, she must face a dark family curse that follows them into their newfound sanctuary.",False,es,3.7238,2026-01-22,7.188,32
1620079,Petrichor,Petrichor,"Introverted Noah reluctantly spends his summer vacation with his family in the French countryside. One day, he meets siblings Julie and Léo at the lake. Despite the language barrier, a relationship develops between him and Julie that oscillates between attraction and repulsion, causing Noah to grapple with his sexual orientation.",False,de,0.4375,2026-01-22,0.0,0
1930,The Amazing Spider-Man,The Amazing Spider-Man,"Peter Parker is an outcast high schooler abandoned by his parents as a boy, leaving him to be raised by his Uncle Ben and Aunt May. Like most teenagers, Peter is trying to figure out who he is and how he got to be the person he is today. As Peter discovers a mysterious briefcase that belonged to his father, he begins a quest to understand his parents' disappearance – leading him directly to Oscorp and the lab of Dr. Curt Connors, his father's former partner. As Spider-Man is set on a collision course with Connors' alter ego, The Lizard, Peter will make life-altering choices to use his powers and shape his destiny to become a hero.",False,en,22.4339,2012-06-23,6.74,18605
1613744,Daj Gas,Daj Gas,"Andrea is a young, introverted teenager and good student who lives in Picardy with her extravagant mother Valentina, an immigrant from the former Yugoslavia. Against a backdrop of industrial estates and sugar beet fields, Andrea seeks to become the main character in her own life, surrounded by extroverted friends and an overbearing mother.",False,fr,0.6598,2026-01-21,0.0,0
348,Alien,Alien,"During its return to the earth, commercial spaceship Nostromo intercepts a distress signal from a distant planet. When a three-member team of the crew discovers a chamber containing thousands of eggs on the planet, a creature inside one of the eggs attacks an explorer. The entire crew is unaware of the impending nightmare set to descend upon them when the alien parasite planted inside its unfortunate host is birthed.",False,en,38.379,1979-05-25,8.17,16473
1619479,Oskar,Oskar,"A short film about Oskar, who has to let go of his old friend in order to find new people and more joy in life.",False,de,0.1047,2026-01-19,0.0,0
1610703,Infirmary,Infirmary,A guard vanished on his first night at an old psych hospital in 2023. His bodycam footage shows unexplainable incidents that continue to baffle investigators.,False,en,1.3477,2026-01-16,0.0,0
1609495,Legendary Divine Kung Fu,盖世神功,"n the 1970s, Hong Yingzhen is born into the martial arts family of the Hong Blade Sect in the Chinatown of H Country. Yet despite his lineage, he grows up achieving nothing of note and is mockingly labeled a “good-for-nothing” by those around him.  By chance, Hong Yingzhen reunites with an old classmate, Bao Dian, and is introduced to Brother Bao, the leader of the Zhongxiao Hall, unwittingly becoming entangled in a dangerous conspiracy. Meanwhile, the reclusive martial arts master Wuchen sees through Hong Yingzhen’s mediocrity and recognizes him as a hidden prodigy. Wuchen unlocks his blocked meridians, setting his true potential free.",False,zh,1.3422,2026-01-16,1.0,1
1480025,How to Lose a Popularity Contest,How to Lose a Popularity Contest,"A rebellious student and a perfectionist overachiever form an unlikely alliance in their race for student body president, discovering unexpected feelings along the way.",False,en,2.6925,2026-01-16,6.063,24
1273948,Unspoken,以父亲之名,A grieving Chinese father travels to America to collect his daughter and stays to catch the killer.,False,zh,0.702,2026-01-15,0.0,0
1617350,Jarry : Bonhomme,Jarry : Bonhomme,"In these troubled times, when everyone is looking for positivity around them, Jarry's show is a dose of love and humor that restores faith in humanity and living together! It's fast-paced, we laugh together at everything in a spirit of kindness, and the audience shares a real moment of euphoria as they discover the superheroes of yesterday and tomorrow!",False,fr,1.171,2026-01-15,7.125,4
1523070,Prendiamoci una pausa,Prendiamoci una pausa,,False,it,0.3597,2026-01-15,5.8,19
1135423,Pilar's Diary in the Amazon,O Diário de Pilar na Amazônia,"Young explorer Pilar travels to the Amazon through her magic net. After meeting Maiara, a riverside dweller whose community was destroyed, Pilar and her friends seek to reunite her friend's family and prevent deforestation.",False,pt,0.3337,2026-01-15,5.3,3
1403903,Night Stage,Ato Noturno,"An actor and a politician start a secret affair and together discover their fetish for having sex in public places. The closer they get to their dream of fame, the more they feel the urge to put themselves at risk.",False,pt,2.1313,2026-01-15,6.5,6
1387140,Boy,보이,"On the edge of a corrupt city lies the ""Texas Hot Spring,"" run by brothers Ro-han and Gyo-han. Ro-han meets Jae-in, a girl abused by her mother, and ends up selling her drugs, causing her death. Meanwhile, Gyo-han, allied with the local crime boss, decides to sell Jae-in, blaming her for his brother's change in behavior. Ro-han refuses and escapes with her, determined to protect her.",False,ko,0.7827,2026-01-14,8.0,1
1600510,A Werewolf Boy,A Werewolf Boy,"A teenage girl moves to the countryside with her family. She meets a mysterious feral boy who lives on their property. The girl attempts to teach the boy how to behave like a human, but his wild instincts create challenges as their bond grows.",False,tl,1.6046,2026-01-14,9.0,1
1376415,The Money Maker,L’affaire Bojarski,"In post-war France, Jan Bojarski, a young Polish refugee, became the greatest counterfeiter of all time, the ""Cézanne of counterfeit money"". For more than fifteen years, this man led a double life, unbeknownst to his family, making counterfeits in a garden shed that were ""truer"" than the bills issued by the Banque de France... All these years, this peerless counterfeiter managed to avoid being caught by the police, and became the bête noire of Commissaire Mattei in a hunt that, for these two obsessives, turned into a duel.",False,fr,1.9107,2026-01-14,7.078,129
101299,The Hunger Games: Catching Fire,The Hunger Games: Catching Fire,"After surviving the Hunger Games, Katniss and Peeta struggle with the consequences of their victory as unrest spreads across Panem. Forced back into the spotlight, they become symbols of hope and resistance while the Capitol prepares a new and deadly challenge that will change the future of the nation forever.",False,en,8.9483,2013-11-15,7.427,18497
863149,Heartman: Rock and Love,하트맨,"Once known as the frontman of the rock band Ambulance during his college days, Seung-min now lives a quiet life running a small instrument shop. One day, his legendary first love Bo-na, the girl he never even had the courage to confess to before she suddenly disappeared, unexpectedly reappears in his life. From that moment on, Seung-min's heart begins to race again. But as old feelings resurface, he finds himself trapped in an awkward predicament: a secret he must never let his first love discover… no matter what.",False,ko,1.1534,2026-01-14,5.5,4
1200804,Alice Júnior Summer Break,Alice Júnior: Férias de Verão,,False,pt,0.3523,2026-12-17,0.0,0
1615708,Obsession,Obsession,"A boy practicing basketball starts getting angry over his mistakes, the angrier he gets the more harm he wants to cause.",False,en,0.8191,2026-01-13,0.0,0
1411529,Take Off,飞行家,A worker from Northeast China is obsessed with his dream of flying his self-made flying-device.,False,zh,0.6838,2026-01-12,6.3,9
1610413,One Last Adventure: The Making of Stranger Things 5,One Last Adventure: The Making of Stranger Things 5,An inside look at the years of effort and craft that went into the final installment of the Duffer Brothers' generation-defining series.,False,en,3.3548,2026-01-11,7.3,90
1629706,Love at Lookout Lake,Love at Lookout Lake,"Gossip columnist Sierra Rayburn heads to her childhood hometown to uncover the identity of the mysterious J.L. Warrington. There, she reconnects with Tyler O'Malley, her childhood crush, and begins to suspect he’s the secret author. As they grow closer, Sierra uncovers Tyler’s truth: he is J.L., writing under a pseudonym to honor his late wife. Torn between her career and protecting Tyler’s secret, Sierra writes a viral article that boosts both their lives, leading to a heartfelt kiss by the lake and a shared future.",False,en,0.9755,2026-01-11,8.5,2
1555232,Just a Job,不过是上班,"The film follows a protagonist trapped in a surreal life loop after a scathing boss encounter, using absurdist comedy to satirize modern workplace dynamics.",False,zh,1.56,2026-01-10,4.0,3
1429744,Ziam,ปากกัด ตีนถีบ,"In a fight for survival against a horrifying army of zombies, a former Muay Thai fighter must use skill, speed and grit to save his girlfriend.",False,th,3.4872,2025-07-08,6.716,264
1075797,Ketenpere: Dalavere,Ketenpere: Dalavere,"In the sequel, Kalender has fulfilled his biggest dream: founding a film company. His new goal is to team up with Vefa, who trapped him in first film, to retrieve the gold from Feza, a wealthy businessman obsessed with aliens.",False,tr,2.0916,2026-01-09,6.0,1
1432306,Sleepwalker,Sleepwalker,"A grieving mother is haunted by the tragic loss of her daughter in a car accident that left her abusive husband in a coma. As she battles a surreal descent into darkness, her sleepwalking episodes intensify. Plagued by haunting visions of her husband inside their home, she grapples with the blurred lines between reality and nightmare.",False,en,2.0001,2026-01-09,4.6,8
1601243,Oscar Shaw,Oscar Shaw,"After retiring from the police force, a relentless detective haunted by the tragic loss of his closest friend sets out on a perilous quest for vengeance, seeking redemption and fighting to restore justice to the streets he once swore to protect.",False,en,21.2682,2026-01-09,6.8,33
1892,Return of the Jedi,Return of the Jedi,"Luke Skywalker leads a mission to rescue his friend Han Solo from the clutches of Jabba the Hutt, the Emperor prepares to crush the Rebellion with a more powerful Death Star, and the Rebel fleet mounts a massive attack on the space station. Luke Skywalker confronts Darth Vader in a final climactic duel before the evil Emperor.",False,en,20.891,1983-05-25,7.908,17009
1504635,Great White Waters,Great White Waters,"When millions in cartel cocaine go missing off Florida's coast, the search turns savage as vicious sharks close in on anyone daring to claim the stash.",False,en,1.0504,2025-07-07,3.737,19
1135423,Pilar's Diary in the Amazon,O Diário de Pilar na Amazônia,"Young explorer Pilar travels to the Amazon through her magic net. After meeting Maiara, a riverside dweller whose community was destroyed, Pilar and her friends seek to reunite her friend's family and prevent deforestation.",False,pt,0.3337,2026-01-15,5.3,3
1403903,Night Stage,Ato Noturno,"An actor and a politician start a secret affair and together discover their fetish for having sex in public places. The closer they get to their dream of fame, the more they feel the urge to put themselves at risk.",False,pt,2.1313,2026-01-15,6.5,6
1497348,Alas Roban,Alas Roban,"The lives of Sita and her daughter, Gendis, change after a terrifying night. Their journey through Alas Roban is filled with fear and relentless terror. Can they uncover what's happening there?",False,id,8.0264,2026-01-15,4.6,5
1387140,Boy,보이,"On the edge of a corrupt city lies the ""Texas Hot Spring,"" run by brothers Ro-han and Gyo-han. Ro-han meets Jae-in, a girl abused by her mother, and ends up selling her drugs, causing her death. Meanwhile, Gyo-han, allied with the local crime boss, decides to sell Jae-in, blaming her for his brother's change in behavior. Ro-han refuses and escapes with her, determined to protect her.",False,ko,0.7827,2026-01-14,8.0,1
1600510,A Werewolf Boy,A Werewolf Boy,"A teenage girl moves to the countryside with her family. She meets a mysterious feral boy who lives on their property. The girl attempts to teach the boy how to behave like a human, but his wild instincts create challenges as their bond grows.",False,tl,1.6046,2026-01-14,9.0,1
10195,Thor,Thor,"Against his father Odin's will, The Mighty Thor - a powerful but arrogant warrior god - recklessly reignites an ancient war. Thor is cast down to Earth and forced to live among humans as punishment. Once here, Thor learns what it takes to be a true hero when the most dangerous villain of his world sends the darkest forces of Asgard to invade Earth.",False,en,15.3948,2011-04-21,6.771,22410
1376415,The Money Maker,L’affaire Bojarski,"In post-war France, Jan Bojarski, a young Polish refugee, became the greatest counterfeiter of all time, the ""Cézanne of counterfeit money"". For more than fifteen years, this man led a double life, unbeknownst to his family, making counterfeits in a garden shed that were ""truer"" than the bills issued by the Banque de France... All these years, this peerless counterfeiter managed to avoid being caught by the police, and became the bête noire of Commissaire Mattei in a hunt that, for these two obsessives, turned into a duel.",False,fr,1.9107,2026-01-14,7.078,129
101299,The Hunger Games: Catching Fire,The Hunger Games: Catching Fire,"After surviving the Hunger Games, Katniss and Peeta struggle with the consequences of their victory as unrest spreads across Panem. Forced back into the spotlight, they become symbols of hope and resistance while the Capitol prepares a new and deadly challenge that will change the future of the nation forever.",False,en,8.9483,2013-11-15,7.427,18497
863149,Heartman: Rock and Love,하트맨,"Once known as the frontman of the rock band Ambulance during his college days, Seung-min now lives a quiet life running a small instrument shop. One day, his legendary first love Bo-na, the girl he never even had the courage to confess to before she suddenly disappeared, unexpectedly reappears in his life. From that moment on, Seung-min's heart begins to race again. But as old feelings resurface, he finds himself trapped in an awkward predicament: a secret he must never let his first love discover… no matter what.",False,ko,1.1534,2026-01-14,5.5,4
1200804,Alice Júnior Summer Break,Alice Júnior: Férias de Verão,,False,pt,0.3523,2026-12-17,0.0,0
1615708,Obsession,Obsession,"A boy practicing basketball starts getting angry over his mistakes, the angrier he gets the more harm he wants to cause.",False,en,0.8191,2026-01-13,0.0,0
1411529,Take Off,飞行家,A worker from Northeast China is obsessed with his dream of flying his self-made flying-device.,False,zh,0.6838,2026-01-12,6.3,9
277834,Moana,Moana,"In Ancient Polynesia, when a terrible curse incurred by Maui reaches an impetuous Chieftain's daughter's island, she answers the Ocean's call to seek out the demigod to set things right.",False,en,4.644,2016-10-13,7.566,13776
1629706,Love at Lookout Lake,Love at Lookout Lake,"Gossip columnist Sierra Rayburn heads to her childhood hometown to uncover the identity of the mysterious J.L. Warrington. There, she reconnects with Tyler O'Malley, her childhood crush, and begins to suspect he’s the secret author. As they grow closer, Sierra uncovers Tyler’s truth: he is J.L., writing under a pseudonym to honor his late wife. Torn between her career and protecting Tyler’s secret, Sierra writes a viral article that boosts both their lives, leading to a heartfelt kiss by the lake and a shared future.",False,en,0.9755,2026-01-11,8.5,2
765,Evil Dead II,Evil Dead II,"Ash Williams and his girlfriend Linda find a log cabin in the woods with a voice recording from an archeologist who had recorded himself reciting ancient chants from ""The Book of the Dead."" As they play the recording an evil power is unleashed taking over Linda's body.",False,en,7.1001,1987-03-13,7.545,3509
1555232,Just a Job,不过是上班,"The film follows a protagonist trapped in a surreal life loop after a scathing boss encounter, using absurdist comedy to satirize modern workplace dynamics.",False,zh,1.56,2026-01-10,4.0,3
1429744,Ziam,ปากกัด ตีนถีบ,"In a fight for survival against a horrifying army of zombies, a former Muay Thai fighter must use skill, speed and grit to save his girlfriend.",False,th,3.4872,2025-07-08,6.716,264
1075797,Ketenpere: Dalavere,Ketenpere: Dalavere,"In the sequel, Kalender has fulfilled his biggest dream: founding a film company. His new goal is to team up with Vefa, who trapped him in first film, to retrieve the gold from Feza, a wealthy businessman obsessed with aliens.",False,tr,2.0916,2026-01-09,6.0,1
1432306,Sleepwalker,Sleepwalker,"A grieving mother is haunted by the tragic loss of her daughter in a car accident that left her abusive husband in a coma. As she battles a surreal descent into darkness, her sleepwalking episodes intensify. Plagued by haunting visions of her husband inside their home, she grapples with the blurred lines between reality and nightmare.",False,en,2.0001,2026-01-09,4.6,8
1601243,Oscar Shaw,Oscar Shaw,"After retiring from the police force, a relentless detective haunted by the tragic loss of his closest friend sets out on a perilous quest for vengeance, seeking redemption and fighting to restore justice to the streets he once swore to protect.",False,en,21.2682,2026-01-09,6.8,33
1505252,Final Destination 7,Final Destination 7,The seventh installment in the Final Destination franchise. Plot TBA.,False,en,1.1603,2028-05-11,0.0,0
1502080,Bible Black,バイブルブラック,"Minase, a high school student, found a magic book in a secluded room at his school. He began practicing black magic, which has extreme sexual effects that benefit him and some of his friends. Intrigued, Minase delved deeper into the art, unaware of the evils that lay ahead. Eventually, the book's origins were revealed, as well as the incident that occurred twelve years earlier on Walpurgis Night, the night when the power of evil is at its strongest. After regaining his senses, Minase struggles to escape the darkness he had plunged into.",False,ja,0.2403,,0.0,0
1466120,Dead Again,데드 어게인,"Min-hyeok and Hae-ji, Seon-woong and Mi-mi, who came on a couple's trip to Vietnam, are very excited. Min-hyeok also enjoys a thrilling secret meeting with his wife Hae-ji as well as Mi-mi, who has been in a long-term relationship, and has a satisfying time.  However, Min-hyeok suddenly feels intense pain and stops breathing, and when he opens his eyes thinking he is going to die, it is his first day in Vietnam. Min-hyeok, who is confused about everything, finds out that there is a reason for the vacation that ends in death...",False,ko,5.3304,2025-05-08,7.4,5
1457759,John Wick: Chapter 5,John Wick: Chapter 5,The fifth installment in the John Wick series.,False,en,0.9901,,0.0,0
1456032,God Complex,God Complex,"In a world where, due to a national economic crisis, the government provides euthanasia pills to individuals past a certain age, government officials visit Jiman's house.",False,ko,0.46,2025-05-05,5.0,1
1424435,Wings of Dread,万米危机,Air marshal Gu Chaoyang encounters a hijacking crisis on his flight back from his honeymoon,False,zh,2.8506,,0.0,0
1419826,The World Will Tremble,The World Will Tremble,"The incredible, untold true story of how a group of prisoners attempt a seemingly impossible escape from the first Nazi death camp in order to provide the first eyewitness account of the Holocaust.",False,en,1.6344,2025-03-14,7.495,97
1417800,The Grey Men 2,黑白潜行2,"When the regime of Laika was changing, black and white undercurrents were surging. Some people wanted to make a fortune, some wanted to use this to whitewash, some wanted to escape from Laika, and some wanted to establish a foothold in Laika... The police placed an undercover police officer, Zheng Zha, lurking among the biggest black force in Laika, Boss Song, but they didn't know that there were others who wanted to take this opportunity to take revenge on Boss Song.",False,zh,4.4194,2025-01-25,1.0,1
1417059,Mountainhead,Mountainhead,A group of billionaire friends get together against the backdrop of a rolling international crisis.,False,en,1.9831,2025-05-22,5.2,243
1399914,The Simpsons: O C'mon All Ye Faithful,The Simpsons: O C'mon All Ye Faithful,The residents of Springfield search for Christmas cheer.,False,en,1.824,2024-12-16,6.9,97
1364546,The Canyon,The Canyon,"A woman, struggling to find courage in her troubled life, fights for survival, after a skydiving accident leaves her hanging from a 1000-foot-high ledge in the Grand Canyon.",False,en,0.6981,,0.0,0
1364524,Hideaway,Ulita,"Documentary portrait of the poet Karla Erbová is a confession of a creative personality who, despite many twists and turns in life, remains true to her ideals and moral values. We witness the final year of the author's life, during which, even at the age of ninety, she continues to engage in public appearances and, above all, actively works on her craft. Through letters that Erbová wrote to her friend, the film offers an intimate, often self-deprecating reflection on old age, solitude, and relationships with loved ones, as well as an indomitable faith in poetry. The film ""Ulita"" not only highlights the pivotal moments of her life but also serves as a sociological exploration of the lives of the oldest generation.",False,cs,0.2132,2024-12-03,0.0,0
1357633,Solo Leveling -ReAwakening-,俺だけレベルアップな件 -ReAwakening-,"Over a decade after 'gates' connecting worlds appeared, awakening 'hunters' with superpowers, weakest hunter Sung Jinwoo encounters a double dungeon and accepts a mysterious quest, becoming the only one able to level up, changing his fate. A catch-up recap of the first season coupled with an exclusive sneak peek of the first two episodes of the highly anticipated second season in one momentous theatrical fan experience.",False,ja,17.0879,2024-11-26,7.16,272
1357459,Tatsulok: Tatlo Magkasalo,Tatsulok: Tatlo Magkasalo,"Story about a happily married couple visited by an old friend, who ends up stirring the pot by becoming sexually involved with both the husband and the wife.",False,tl,2.8595,2024-10-11,5.6,14
1339760,Unknown Heavens,Unknown Heavens,"In between apartments and jobs, Evelyn goes back to her hometown to house-sit her late grandmother's place. While looking for work and struggling with the malaise of her present, she tries to reconnect with old friends and feelings. But when she receives phone calls from a mysterious yet familiar voice and her present becomes harder to face, she turns to her childhood for a way out.",False,en,2.0902,2024-07-28,0.0,0
1327821,Incredibles 3,Incredibles 3,The third installment in the Incredibles franchise. Plot TBA,False,en,11.2103,2028-06-15,0.0,0
1327766,The Heart Knows,Corazón delator,"After a heart transplant, Manuel feels a personality shift and explores his donor's life, leading him to meet the widowed Vale and her community.",False,es,1.5211,2025-05-30,6.694,62
1325230,Paluwagan,Paluwagan,"In a province where most housewives are deprived of intimacy by their busy husbands, a new savings cooperative is introduced by a merchant. The salary to claim: cash or a night with a mysterious man. The women surely know what to choose.",False,tl,3.2258,2024-09-17,5.8,5
1299683,HAHAHA!,HAHAHA!,,False,pt,0.243,,0.0,0
1290182,You Are the Apple of My Eye,"그 시절, 우리가 좋아했던 소녀","A group of close friends who attend a private school all have a debilitating crush on the sunny star pupil, Sun-ah. The only member of the group who claims not to is Jin-woo, but he ends up loving her as well.",False,ko,6.5105,2025-02-21,8.3,67
1364524,Hideaway,Ulita,"Documentary portrait of the poet Karla Erbová is a confession of a creative personality who, despite many twists and turns in life, remains true to her ideals and moral values. We witness the final year of the author's life, during which, even at the age of ninety, she continues to engage in public appearances and, above all, actively works on her craft. Through letters that Erbová wrote to her friend, the film offers an intimate, often self-deprecating reflection on old age, solitude, and relationships with loved ones, as well as an indomitable faith in poetry. The film ""Ulita"" not only highlights the pivotal moments of her life but also serves as a sociological exploration of the lives of the oldest generation.",False,cs,0.2132,2024-12-03,0.0,0
1357633,Solo Leveling -ReAwakening-,俺だけレベルアップな件 -ReAwakening-,"Over a decade after 'gates' connecting worlds appeared, awakening 'hunters' with superpowers, weakest hunter Sung Jinwoo encounters a double dungeon and accepts a mysterious quest, becoming the only one able to level up, changing his fate. A catch-up recap of the first season coupled with an exclusive sneak peek of the first two episodes of the highly anticipated second season in one momentous theatrical fan experience.",False,ja,17.0879,2024-11-26,7.16,272
1357459,Tatsulok: Tatlo Magkasalo,Tatsulok: Tatlo Magkasalo,"Story about a happily married couple visited by an old friend, who ends up stirring the pot by becoming sexually involved with both the husband and the wife.",False,tl,2.8595,2024-10-11,5.6,14
1339760,Unknown Heavens,Unknown Heavens,"In between apartments and jobs, Evelyn goes back to her hometown to house-sit her late grandmother's place. While looking for work and struggling with the malaise of her present, she tries to reconnect with old friends and feelings. But when she receives phone calls from a mysterious yet familiar voice and her present becomes harder to face, she turns to her childhood for a way out.",False,en,2.0902,2024-07-28,0.0,0
1327821,Incredibles 3,Incredibles 3,The third installment in the Incredibles franchise. Plot TBA,False,en,11.2103,2028-06-15,0.0,0
1327766,The Heart Knows,Corazón delator,"After a heart transplant, Manuel feels a personality shift and explores his donor's life, leading him to meet the widowed Vale and her community.",False,es,1.5211,2025-05-30,6.694,62
1325230,Paluwagan,Paluwagan,"In a province where most housewives are deprived of intimacy by their busy husbands, a new savings cooperative is introduced by a merchant. The salary to claim: cash or a night with a mysterious man. The women surely know what to choose.",False,tl,3.2258,2024-09-17,5.8,5
1299683,HAHAHA!,HAHAHA!,,False,pt,0.243,,0.0,0
1290182,You Are the Apple of My Eye,"그 시절, 우리가 좋아했던 소녀","A group of close friends who attend a private school all have a debilitating crush on the sunny star pupil, Sun-ah. The only member of the group who claims not to is Jin-woo, but he ends up loving her as well.",False,ko,6.5105,2025-02-21,8.3,67
1270125,Monster on a Plane,Monster on a Plane,An exotic animal turns into a monster and becomes a deadly danger for all passengers.,False,en,3.9722,2024-11-07,5.0,47
1244705,Adam Sandler: Love You,Adam Sandler: Love You,"Adam Sandler hits the stage for a thrillingly unpredictable comedy special featuring songs, jokes, party-crashing dogs and plenty of love.",False,en,0.829,2024-08-26,6.088,40
1242526,Sound of Hope: The Story of Possum Trot,Sound of Hope: The Story of Possum Trot,"Led by Donna and Reverend W.C. Martin, 22 families from a rural Black church in the small East Texas town of Possum Trot adopt 77 of the most difficult-to-place kids in the foster system and kickstart a movement in the process.",False,en,1.1716,2024-07-04,7.024,63
1232827,The Girl with the Needle,Pigen med nålen,"Struggling to survive in post-WWI Copenhagen, a newly unemployed and pregnant young woman is taken in by a charismatic elder to help run an underground adoption agency. The two form an unexpected bond, until a sudden discovery changes everything.",False,da,2.0372,2024-09-06,7.558,358
1217483,Treasure Hunters: On the Tracks of Khufu,Le Secret de Khéops,An eccentric archaeologist goes on an unexpected journey to find King Khufu's lost treasure with his daughter and grandson.,False,fr,1.4827,2025-03-05,5.816,117
1216571,June and John,June and John,John leads an ordinary life with a monotonous routine. One day John runs into a woman on the subway who is as beautiful as she is mysterious named June. His encounter with her finally leads him to have a goal in his bumptious life.,False,en,2.0881,2025-04-17,6.0,62
1212489,The Resurrection of the Christ: Part Two,The Resurrection of the Christ: Part Two,The second part of a two-part sequel to The Passion of the Christ. Plot TBA.,False,en,1.0201,2028-05-25,0.0,0
1205656,Hallow Road,Hallow Road,Two parents enter a race against time when they receive a distressing late-night phone call from their daughter after she caused a tragic car accident.,False,en,5.9348,2025-04-16,6.1,234
1205021,Rambo,Rambo,Upcoming Rambo remake starring Tiger Shroff,False,hi,0.2906,2025-01-01,0.0,0
1181107,The King of Kings,The King of Kings,"Charles Dickens tells his young son Walter the greatest story ever told, and what begins as a bedtime tale becomes a life-changing journey. Through vivid imagination, the boy walks alongside Jesus, witnessing His miracles, facing His trials, and understanding His ultimate sacrifice.",False,en,3.8079,2025-04-07,8.3,200
1180629,Kneecap,Kneecap,"When fate brings Belfast teacher JJ into the orbit of self-confessed ""low life scum"" Naoise and Liam Óg, the needle drops on a hip-hop act like no other. Rapping in their native Irish, they lead a movement to save their mother tongue.",False,ga,2.1546,2024-08-02,7.265,277
1662406,Octet,Octet,"Eight internet-obsessed people meet in a church basement and lock their phones in a box. They follow the octet as they struggle with digital dependency, charting their compulsions using only the analog vibrancy of their own voices.",False,en,1.9053,,0.0,0
1647640,When Cats Fly,When Cats Fly,"Skateboarding kids unite to rescue a cat shelter by creating viral videos of the felines. 11-year-old Rennie leads the charge, with the mission to find homes for adult cats. Challenges arise as they race against the clock.",False,en,0.6211,2025-01-08,0.0,0
1635363,It Visits Me,It Visits Me,"A distressed young woman takes refuge with her religiously-minded sister, who warns her she could be visited by an angel in the night. Based on the viral 2024 horror short of the same name.",False,en,0.1099,,0.0,0
1602804,FSDSS-907 沼らせるステップ誘惑で放課後から朝まで男性●師を束縛するイジワル駆け引き女子●生 絵恋空,FSDSS-907 沼らせるステップ誘惑で放課後から朝まで男性●師を束縛するイジワル駆け引き女子●生 絵恋空,,False,ja,0.2399,2024-11-07,0.0,0
1576990,A Town in Nova Scotia,A Town in Nova Scotia,"Leon, an Irishman in his 70s, lives in a council block flat in the metropolitan area of Merseyside - his wife died recently, and his daughter Anna moved to Canada. His closest companion is his old colleague and best friend Saleh, of similar age who also lives alone on the same floor of the building. Leon and Saleh have been thick as thieves for years; still Leon finds it hard to talk to him about the recent plea his daughter Anna has made for him to join her and her family across the pond and start a new life in Nova Scotia.",False,en,0.4292,,0.0,0
1543496,Tribal Strands,Tribal Strands,"Tribal Strands is about two self-made Brooklyn hair artists, who create authentic hairstyles, leading the anti-hair discrimination movement. In addition, they inspire Black people to embrace their natural hair worldwide while exploring the intersections between modern and ancient African indigenous hairstyles.",False,en,0.215,,0.0,0
1518465,faguokongjie,faguokongjie,,False,fr,0.1157,,0.0,0
1505252,Final Destination 7,Final Destination 7,The seventh installment in the Final Destination franchise. Plot TBA.,False,en,1.1603,2028-05-11,0.0,0
1502080,Bible Black,バイブルブラック,"Minase, a high school student, found a magic book in a secluded room at his school. He began practicing black magic, which has extreme sexual effects that benefit him and some of his friends. Intrigued, Minase delved deeper into the art, unaware of the evils that lay ahead. Eventually, the book's origins were revealed, as well as the incident that occurred twelve years earlier on Walpurgis Night, the night when the power of evil is at its strongest. After regaining his senses, Minase struggles to escape the darkness he had plunged into.",False,ja,0.2403,,0.0,0
1466120,Dead Again,데드 어게인,"Min-hyeok and Hae-ji, Seon-woong and Mi-mi, who came on a couple's trip to Vietnam, are very excited. Min-hyeok also enjoys a thrilling secret meeting with his wife Hae-ji as well as Mi-mi, who has been in a long-term relationship, and has a satisfying time.  However, Min-hyeok suddenly feels intense pain and stops breathing, and when he opens his eyes thinking he is going to die, it is his first day in Vietnam. Min-hyeok, who is confused about everything, finds out that there is a reason for the vacation that ends in death...",False,ko,5.3304,2025-05-08,7.4,5
1457759,John Wick: Chapter 5,John Wick: Chapter 5,The fifth installment in the John Wick series.,False,en,0.9901,,0.0,0
1456032,God Complex,God Complex,"In a world where, due to a national economic crisis, the government provides euthanasia pills to individuals past a certain age, government officials visit Jiman's house.",False,ko,0.46,2025-05-05,5.0,1
1424435,Wings of Dread,万米危机,Air marshal Gu Chaoyang encounters a hijacking crisis on his flight back from his honeymoon,False,zh,2.8506,,0.0,0
1419826,The World Will Tremble,The World Will Tremble,"The incredible, untold true story of how a group of prisoners attempt a seemingly impossible escape from the first Nazi death camp in order to provide the first eyewitness account of the Holocaust.",False,en,1.6344,2025-03-14,7.495,97
1417800,The Grey Men 2,黑白潜行2,"When the regime of Laika was changing, black and white undercurrents were surging. Some people wanted to make a fortune, some wanted to use this to whitewash, some wanted to escape from Laika, and some wanted to establish a foothold in Laika... The police placed an undercover police officer, Zheng Zha, lurking among the biggest black force in Laika, Boss Song, but they didn't know that there were others who wanted to take this opportunity to take revenge on Boss Song.",False,zh,4.4194,2025-01-25,1.0,1
1417059,Mountainhead,Mountainhead,A group of billionaire friends get together against the backdrop of a rolling international crisis.,False,en,1.9831,2025-05-22,5.2,243
1399914,The Simpsons: O C'mon All Ye Faithful,The Simpsons: O C'mon All Ye Faithful,The residents of Springfield search for Christmas cheer.,False,en,1.824,2024-12-16,6.9,97
1364546,The Canyon,The Canyon,"A woman, struggling to find courage in her troubled life, fights for survival, after a skydiving accident leaves her hanging from a 1000-foot-high ledge in the Grand Canyon.",False,en,0.6981,,0.0,0
1364524,Hideaway,Ulita,"Documentary portrait of the poet Karla Erbová is a confession of a creative personality who, despite many twists and turns in life, remains true to her ideals and moral values. We witness the final year of the author's life, during which, even at the age of ninety, she continues to engage in public appearances and, above all, actively works on her craft. Through letters that Erbová wrote to her friend, the film offers an intimate, often self-deprecating reflection on old age, solitude, and relationships with loved ones, as well as an indomitable faith in poetry. The film ""Ulita"" not only highlights the pivotal moments of her life but also serves as a sociological exploration of the lives of the oldest generation.",False,cs,0.2132,2024-12-03,0.0,0
1358305,A Tooth Fairy Tale,A Tooth Fairy Tale,"Van, the brave son of a tooth fairy leader, meets the goblins girl Gemma on his first mission. Despite the myths about ancient disputes between fairies and goblins, they share common values. When the greedy Spider Queen threatens both tribes, they must work together.",False,en,2.6444,2025-05-02,8.6,57
1178684,Samia,Samia,"Samia Yusuf Omar is just 9 years old when she discovers her special talent: she is faster than all the other boys and girls. With her friend Ali, who is the same age, she has the goal to earn real money with running and become famous. The children make a pact: Ali becomes Samia's coach. With his help, Samia is to become a real champion. But the ongoing civil war makes life in Mogadishu increasingly difficult...",False,de,0.5571,2024-09-19,7.5,13
1160956,Panda Plan,熊猫计划,"International action star Jackie Chan is invited to the adoption ceremony of a rare baby panda, but after an international crime syndicate attempts to kidnap the bear, Jackie has to save the bear using his stunt work skills.",False,zh,5.3449,2024-10-01,6.9,294
1138526,The Lunar Chronicles,The Lunar Chronicles,"Once upon a time, in the future, Grimm’s heroines and heroes join forces in an epic sci-fi fairy tale that challenges everything we think we know about their stories to reframe how we face an uncertain future with hope.",False,en,0.8733,2028-11-02,0.0,0
1138194,Heretic,Heretic,"Two young missionaries are forced to prove their faith when they knock on the wrong door and are greeted by a diabolical Mr. Reed, becoming ensnared in his deadly game of cat-and-mouse.",False,en,6.9288,2024-10-31,6.973,2687
1128650,The Prosecutor,誤判,"A poor young man is wrongly charged with drug trafficking after being deceived. An ex-prosecutor investigates the case, uncovers a corrupt lawyer team's scheme, and restores justice despite obstruction from evil forces.",False,cn,6.2432,2024-12-08,7.1,220
1124619,Bride Hard,Bride Hard,"Sam is a secret agent whose toughest mission to date is pleasing her bride-to-be best friend at a lavish destination wedding. When a team of mercenaries crashes the party and takes the guests hostage, Sam is thrown into a fight unlike any before — one where she can’t risk blowing her cover or ruining the big day. As she takes on the bad guys in a high-stakes battle disguised as a fairy-tale affair, she realizes the real threat might be closer than she thinks.",False,en,4.1062,2025-06-19,5.574,189
1102493,Small Things Like These,Small Things Like These,"In 1985, while working as a coal merchant to support his family, Bill Furlong discovers disturbing secrets kept by the local convent and uncovers truths of his own; forcing him to confront his past and the complicit silence of a small Irish town controlled by the Catholic Church.",False,en,3.1653,2024-11-01,6.651,552
1087891,The Amateur,The Amateur,"After his life is turned upside down when his wife is killed in a London terrorist attack, a brilliant but introverted CIA decoder takes matters into his own hands when his supervisors refuse to take action.",False,en,8.7311,2025-04-09,6.937,1636
1077782,Old Guy,Old Guy,"Stuck at a dead end but vying for the love of spunky club manager Anata, aging contract killer Danny Dolinski is thrilled when The Company pulls him back in the field, but only to train Gen Z newcomer Wihlborg, a prodigy assassin with an attitude.",False,en,2.7073,2024-12-13,5.6,223
1029235,Azrael,Azrael,"In a world where no one speaks, a devout female hunts down a young woman who has escaped her imprisonment. Recaptured by its ruthless leaders, Azrael is due to be sacrificed to pacify an ancient evil deep within the surrounding wilderness.",False,en,4.2605,2024-09-27,5.9,447
1020414,Peter Pan's Neverland Nightmare,Peter Pan's Neverland Nightmare,"Wendy Darling strikes out in an attempt to rescue her brother Michael from the clutches of the evil Peter Pan who intends to send him to Neverland. Along the way she meets a twisted Tinkerbell, who is hooked on what she thinks is fairy dust.",False,en,2.5495,2025-01-13,5.7,231
1013850,A Real Pain,A Real Pain,Mismatched cousins David and Benji reunite for a tour through Poland to honor their beloved grandmother. The adventure takes a turn when the pair's old tensions resurface against the backdrop of their family history.,False,en,4.9871,2024-11-01,6.778,1422
1013601,The Alto Knights,The Alto Knights,"Two of New York's most notorious organized crime bosses, Frank Costello and Vito Genovese, vie for control of the city's streets. Once the best of friends, petty jealousies and a series of betrayals place them on a deadly collision course that will reshape the Mafia (and America) forever.",False,en,3.8537,2025-03-19,6.229,441
1008953,Incoming,Incoming,Their first week of high school. The biggest party of the year. Mistakes will be made as four teenage boys navigate a night of mayhem and debauchery.,False,en,5.9498,2024-08-22,6.252,371
1002155,Monsieur Aznavour,Monsieur Aznavour,"From his poor childhood to his rise to fame, from his triumphs to his failures, from Paris to New York, discover the exceptional journey of an artist. Intimate, intense, fragile and indestructible, devoted to his art until the very end, here is one of the most immortal singers of all time: MONSIEUR AZNAVOUR.",False,fr,1.4835,2024-10-23,7.198,351
1000085,Morlaix,Morlaix,"A young high school student marked by the recent death of her mother, Gwen, spends her time with her group of friends, including her lover Thomas, an apprentice baker. When Jean-Luc, a Parisian student who looks like an artist, moves into the area, Gwen does not hide her trouble, as if a decisive life choice was before her. One day, she discovers a film at the cinema that seems inexplicably inspired by her own life. Will she find the answers she is looking for?",False,fr,0.5364,2025-03-14,6.938,8
999243,Hell of a Summer,Hell of a Summer,"When 24-year-old Jason Hochberg arrives for counsellor weekend at his beloved Camp Pineway, his biggest problem is feeling out of touch with his teenage co-workers. Little does he know; a masked killer has murdered camp owners John and Kathy and is preparing to strike again.",False,en,5.436,2025-04-03,5.5,173
989730,Mononoke the Movie: The Phantom in the Rain,劇場版モノノ怪 唐傘,"In the chambers of the Edo harem, two newcomers uncover political intrigue, rivalry and a vengeful spirit only one traveling medicine seller can vanquish.",False,ja,2.5708,2024-07-26,7.06,75
975511,The Return,The Return,"After twenty years away, Odysseus washes up on the shores of Ithaca, haggard and unrecognizable. The king has finally returned home, but much has changed in his kingdom since he left to fight in the Trojan war.",False,en,6.4623,2024-11-28,6.49,453
972355,The Art of Understanding Lover,Seni Memahami Kekasih,"Agus and Kalis are in a romantic relationship. It's not a romantic romance, but their relationship is full of uniqueness.",False,id,1.0922,2024-09-05,7.333,3
949709,High Forces,危机航线,"""Anyone? There is ......"" A mysterious message from Gao Haojun comes from ten thousand meters in the air. A five-star A380 ultra-luxury airliner was hijacked on its international maiden voyage, and international security expert Gao Haojun stood up to a group of thugs, his daughter Xiaojun was trapped in the cabin, and Mike, the leader of the hijackers, threatened the lives of more than 800 people in the plane as a bargaining chip, and Xiaojun's mother, Fu Yuan, was also in danger. ...... Will the passengers on board be able to land safely and how should this crisis be resolved?",False,zh,2.7222,2024-09-29,6.1,40
936946,Harvest,Harvest,"Over seven hallucinatory days, a village with no name, in an undefined time and place, disappears.",False,en,1.2721,2025-04-16,5.955,44
928480,Monster Summer,Monster Summer,"When a mysterious force begins to disrupt their big summer fun, Noah and his friends team up with a retired police detective to embark on a monstrous adventure to save their island.",False,en,2.2453,2024-10-04,6.249,197
878607,An Unfinished Film,一部未完成的电影,"A film crew gathers in a hotel near Wuhan to resume production of a film that was interrupted ten years earlier, but an unexpected event once again disrupts the preparations.",False,zh,3.4851,2024-10-23,7.8,34
869135,Growing Up Where the Sun Rises,Crescer Onde Nasce o Sol,"In Alto do Sol Nascente there is no square, no park. The children who grow up where the sun rises demarcate with their own hands the territories where they can play.",False,pt,0.0798,,0.0,0
849017,Deadly Puppet,Deadly Puppet,"The film tells the story of a series of homicides in Jingu City after China became a Republic. The police are at a loss. Duan Yuhao and Qi Wei, who uses Feng Shui to solve cases, investigates what happened and leads to the Rakshasa Serial Murder many years ago in a mysterious underground city. The protagonists and others finally explore the truth behind the case together and find the real murderer.",False,en,0.0357,,7.0,1
808652,Candles,Candles,A fictional drama based on actual events. CANDLES is the story of the Camp Scott Murders where three small girls were brutally raped and murdered at a Girl Scout camp in Oklahoma back in 1977. A young woman reporter is assigned to cover the story of the decade and searches for 37 years to find the real killer.,False,en,0.6772,,0.0,0
728949,Nightbitch,Nightbitch,"A woman, thrown into the stay-at-home routine of raising a toddler in the suburbs, slowly embraces the feral power deeply rooted in motherhood, as she becomes increasingly aware of the bizarre and undeniable signs that she may be turning into a dog.",False,en,2.4736,2024-12-06,5.72,371
656618,High in the Clouds,High in the Clouds,"After he accidentally sparked a revolution against Gretsch, the bossy diva-owl who has banned all music from his town, a teenage squirrel named Wirral embarks on an extraordinary journey to set music free.",False,en,1.9524,2027-07-07,0.0,0
604685,Den of Thieves 2: Pantera,Den of Thieves 2: Pantera,"Big Nick is back on the hunt in Europe and closing in on Donnie, who is embroiled in the treacherous and unpredictable world of diamond thieves and the infamous Panther mafia, as they plot a massive heist of the world's largest diamond exchange.",False,en,19.7822,2025-01-08,6.577,816
395817,The Thicket,The Thicket,"An innocent young man, Jack, goes on an epic quest to rescue his sister Lula after she has been kidnapped by the violent killer Cut Throat Bill and her gang. To save her, Jack enlists the help of a crafty bounty hunter named Reginald Jones, a grave-digging alcoholic son of an ex-slave, and a street-smart prostitute. The gang tracks Cut Throat Bill into the deadly no-man’s land known as The Big Thicket — a place where blood and chaos reign.",False,en,2.5887,2024-09-05,6.4,170
374771,Riddick: Furya,Riddick: Furya,"Riddick finally returns to his home world, a place he barely remembers and one he fears might be left in ruins. But there he finds other Furyans fighting for their existence against a new monster. And some of these Furyans are more like Riddick than he could have ever imagined.",False,en,2.6513,,0.0,0
1559984,My Weird School,My Weird School,Middle schooler AJ finds himself joining forces with faculty and friends to save the world from an alien invasion.,False,en,0.6723,2025-12-30,8.5,2
101,Léon: The Professional,Léon,"Léon, the top hit man in New York, has earned a rep as an effective ""cleaner"". But when his next-door neighbors are wiped out by a loose-cannon DEA agent, he becomes the unwilling custodian of 12-year-old Mathilda. Before long, Mathilda's thoughts turn to revenge, and she considers following in Léon's footsteps.",False,fr,18.1319,1994-09-14,8.294,16184
315635,Spider-Man: Homecoming,Spider-Man: Homecoming,"Following the events of Captain America: Civil War, Peter Parker, with the help of his mentor Tony Stark, tries to balance his life as an ordinary high school student in Queens, New York City, with fighting crime as his superhero alter ego Spider-Man as a new threat, the Vulture, emerges.",False,en,26.9482,2017-07-05,7.3,23265
1604166,The Man with No Return,无归客,,False,zh,0.8586,2025-12-26,2.5,2
361743,Top Gun: Maverick,Top Gun: Maverick,"After more than thirty years of service as one of the Navy’s top aviators, and dodging the advancement in rank that would ground him, Pete “Maverick” Mitchell finds himself training a detachment of TOP GUN graduates for a specialized mission the likes of which no living pilot has ever seen.",False,en,42.4928,2022-05-21,8.159,11099
1604949,Oiran ~SAGA,Oiran ~SAGA,,False,ja,0.3993,2025-12-26,0.0,0
1545652,handbook for superheroes,Handbok för superhjältar,"Ten-year-old Lisa, bullied in the decaying town of Rosenhill, finds a book that teaches her to become a superhero. As ""Red Mask,"" she must face a ruthless crime boss and her fears, learning that true heroism lies in compassion and courage.",False,sv,0.9146,2025-12-25,5.0,5
693134,Dune: Part Two,Dune: Part Two,"Follow the mythic journey of Paul Atreides as he unites with Chani and the Fremen while on a path of revenge against the conspirators who destroyed his family. Facing a choice between the love of his life and the fate of the known universe, Paul endeavors to prevent a terrible future only he can foresee.",False,en,26.5056,2024-02-27,8.126,8083
936946,Harvest,Harvest,"Over seven hallucinatory days, a village with no name, in an undefined time and place, disappears.",False,en,1.2721,2025-04-16,5.955,44
928480,Monster Summer,Monster Summer,"When a mysterious force begins to disrupt their big summer fun, Noah and his friends team up with a retired police detective to embark on a monstrous adventure to save their island.",False,en,2.2453,2024-10-04,6.249,197
878607,An Unfinished Film,一部未完成的电影,"A film crew gathers in a hotel near Wuhan to resume production of a film that was interrupted ten years earlier, but an unexpected event once again disrupts the preparations.",False,zh,3.4851,2024-10-23,7.8,34
869135,Growing Up Where the Sun Rises,Crescer Onde Nasce o Sol,"In Alto do Sol Nascente there is no square, no park. The children who grow up where the sun rises demarcate with their own hands the territories where they can play.",False,pt,0.0798,,0.0,0
849017,Deadly Puppet,Deadly Puppet,"The film tells the story of a series of homicides in Jingu City after China became a Republic. The police are at a loss. Duan Yuhao and Qi Wei, who uses Feng Shui to solve cases, investigates what happened and leads to the Rakshasa Serial Murder many years ago in a mysterious underground city. The protagonists and others finally explore the truth behind the case together and find the real murderer.",False,en,0.0357,,7.0,1
808652,Candles,Candles,A fictional drama based on actual events. CANDLES is the story of the Camp Scott Murders where three small girls were brutally raped and murdered at a Girl Scout camp in Oklahoma back in 1977. A young woman reporter is assigned to cover the story of the decade and searches for 37 years to find the real killer.,False,en,0.6772,,0.0,0
728949,Nightbitch,Nightbitch,"A woman, thrown into the stay-at-home routine of raising a toddler in the suburbs, slowly embraces the feral power deeply rooted in motherhood, as she becomes increasingly aware of the bizarre and undeniable signs that she may be turning into a dog.",False,en,2.4736,2024-12-06,5.72,371
656618,High in the Clouds,High in the Clouds,"After he accidentally sparked a revolution against Gretsch, the bossy diva-owl who has banned all music from his town, a teenage squirrel named Wirral embarks on an extraordinary journey to set music free.",False,en,1.9524,2027-07-07,0.0,0
604685,Den of Thieves 2: Pantera,Den of Thieves 2: Pantera,"Big Nick is back on the hunt in Europe and closing in on Donnie, who is embroiled in the treacherous and unpredictable world of diamond thieves and the infamous Panther mafia, as they plot a massive heist of the world's largest diamond exchange.",False,en,19.7822,2025-01-08,6.577,816
395817,The Thicket,The Thicket,"An innocent young man, Jack, goes on an epic quest to rescue his sister Lula after she has been kidnapped by the violent killer Cut Throat Bill and her gang. To save her, Jack enlists the help of a crafty bounty hunter named Reginald Jones, a grave-digging alcoholic son of an ex-slave, and a street-smart prostitute. The gang tracks Cut Throat Bill into the deadly no-man’s land known as The Big Thicket — a place where blood and chaos reign.",False,en,2.5887,2024-09-05,6.4,170
374771,Riddick: Furya,Riddick: Furya,"Riddick finally returns to his home world, a place he barely remembers and one he fears might be left in ruins. But there he finds other Furyans fighting for their existence against a new monster. And some of these Furyans are more like Riddick than he could have ever imagined.",False,en,2.6513,,0.0,0
183502,Cidia e Dan - Duetos Romanticos  2,Cidia e Dan - Duetos Romanticos  2,DVD Cidia e Dan - Duetos Romanticos 2,False,en,0.0256,,0.0,0
299536,Avengers: Infinity War,Avengers: Infinity War,"As the Avengers and their allies have continued to protect the world from threats too large for any one hero to handle, a new danger has emerged from the cosmic shadows: Thanos. A despot of intergalactic infamy, his goal is to collect all six Infinity Stones, artifacts of unimaginable power, and use them to inflict his twisted will on all of reality. Everything the Avengers have fought for has led up to this moment - the fate of Earth and existence itself has never been more uncertain.",False,en,50.4905,2018-04-25,8.238,32188
1559984,My Weird School,My Weird School,Middle schooler AJ finds himself joining forces with faculty and friends to save the world from an alien invasion.,False,en,0.6723,2025-12-30,8.5,2
315635,Spider-Man: Homecoming,Spider-Man: Homecoming,"Following the events of Captain America: Civil War, Peter Parker, with the help of his mentor Tony Stark, tries to balance his life as an ordinary high school student in Queens, New York City, with fighting crime as his superhero alter ego Spider-Man as a new threat, the Vulture, emerges.",False,en,26.9482,2017-07-05,7.3,23265
1604166,The Man with No Return,无归客,,False,zh,0.8586,2025-12-26,2.5,2
361743,Top Gun: Maverick,Top Gun: Maverick,"After more than thirty years of service as one of the Navy’s top aviators, and dodging the advancement in rank that would ground him, Pete “Maverick” Mitchell finds himself training a detachment of TOP GUN graduates for a specialized mission the likes of which no living pilot has ever seen.",False,en,42.4928,2022-05-21,8.159,11099
1604949,Oiran ~SAGA,Oiran ~SAGA,,False,ja,0.3993,2025-12-26,0.0,0
1545652,handbook for superheroes,Handbok för superhjältar,"Ten-year-old Lisa, bullied in the decaying town of Rosenhill, finds a book that teaches her to become a superhero. As ""Red Mask,"" she must face a ruthless crime boss and her fears, learning that true heroism lies in compassion and courage.",False,sv,0.9146,2025-12-25,5.0,5
1600028,A Father's Miracle,La celda de los milagros,"After being falsely accused of a terrible crime, Hector, a man with a neurological disability, goes to a secret prison. His goodness conquers the prisoners, who plan to prove their innocence.",False,es,3.5628,2025-12-25,7.994,88
361743,Top Gun: Maverick,Top Gun: Maverick,"After more than thirty years of service as one of the Navy’s top aviators, and dodging the advancement in rank that would ground him, Pete “Maverick” Mitchell finds himself training a detachment of TOP GUN graduates for a specialized mission the likes of which no living pilot has ever seen.",False,en,42.4928,2022-05-21,8.159,11099
98,Gladiator,Gladiator,"After the death of Emperor Marcus Aurelius, his devious son takes power and demotes Maximus, one of Rome's most capable generals who Marcus preferred. Eventually, Maximus is forced to become a gladiator and battle to the death against other men for the amusement of paying audiences.",False,en,39.0553,2000-05-04,8.226,21011
1604949,Oiran ~SAGA,Oiran ~SAGA,,False,ja,0.3993,2025-12-26,0.0,0
1545652,handbook for superheroes,Handbok för superhjältar,"Ten-year-old Lisa, bullied in the decaying town of Rosenhill, finds a book that teaches her to become a superhero. As ""Red Mask,"" she must face a ruthless crime boss and her fears, learning that true heroism lies in compassion and courage.",False,sv,0.9146,2025-12-25,5.0,5
1600028,A Father's Miracle,La celda de los milagros,"After being falsely accused of a terrible crime, Hector, a man with a neurological disability, goes to a secret prison. His goodness conquers the prisoners, who plan to prove their innocence.",False,es,3.5628,2025-12-25,7.994,88
1355140,Janur Ireng,Janur Ireng: Sewu Dino the Prequel,"Sabdo and Intan lived happily despite their material poverty, but tragedy struck when their parents’ house was completely burned down. In their confusion over where to live, they were approached by Arjo Kuncoro, a man who claimed to be their uncle— a wealthy merchant who had everything. They were taken to the Kuncoro family home, but it turned out that Arjo had a sinister plan to exploit them both.",False,id,2.1307,2025-12-24,6.3,6
1591287,The Sixth Robber,运钞大劫案,"A suspect in a massive armored car heist, who initially evades arrest, is ultimately caught when his hidden criminal intent blossoms and is discovered by vigilant police.",False,zh,1.7737,2025-12-25,8.2,4
1715657,Panda & Peanut,Panda & Peanut,"It's Thursday morning, and siblings Hubie and Valentina must get through their shared birthday while navigating money problems, purpose, and their ever-changing relationship as Val enters the next stage of her life.",False,en,0.0214,2026-06-18,0.0,0
1137167,Immortal,영생인,"Ye-jin looks like she is in her 20s, but she is actually in her mid-70s. She is suffering from an “unaging disease” as an aftereffect of being born to his parents who were affected by the atomic bomb. Victims, including Yejin, are called “Immortal” and live through social discrimination. However, Ye-jin wants to confidently come out to society and live with people while working as a model. Meiji TV, a fictional Japanese broadcasting station, covers Yejin.",False,ko,0.085,2025-12-24,0.0,0
57158,The Hobbit: The Desolation of Smaug,The Hobbit: The Desolation of Smaug,"The Dwarves, Bilbo and Gandalf have successfully escaped the Misty Mountains, and Bilbo has gained the One Ring. They all continue their journey to get their gold back from the Dragon, Smaug.",False,en,13.747,2013-12-11,7.58,14270
1612526,Amor Fati,아모르 파티,,False,ko,1.1855,2025-12-23,5.0,1
1495694,Beauty from Pain,Beauty from Pain,"After a devastating heartbreak, an aspiring musician escapes to Australia. She agrees to a no-strings romance with a billionaire winemaker, but when she falls in love she must choose to walk away or risk her heart on a man afraid to love.",False,en,11.6406,2025-12-18,6.974,19
1618926,Bir Adam Yaratmak,Bir Adam Yaratmak,"Writer Hüsrev drifts into the tragedy he wrote. As in his play, he commits an unintended murder, and the line between reality and fiction fades away. The conflict between art and life, fate and free will grows deeper. Will his self-questioning on death, God, guilt, and existence push him toward a breaking point to end his life under a fig tree just like his father, or will he lose his sanity instead.",False,tr,0.3449,2025-12-18,0.0,0
621304,Children of Blood and Bone,Children of Blood and Bone,"Zelie and her older brother Tzain form an alliance with the king’s daughter, Princess Amari, and son, Prince Inan, to fight back against his brutal rule.",False,en,1.5829,2027-01-14,0.0,0
1309373,Whispers in the Woods,Le Chant des forêts,"In the heart of the tranquil Vosges forests, where lynxes, bears and deer roam freely, Vincent Munier accompanies his father on his expeditions. He not only seeks to capture the visual wonders of this forest kingdom, but also aims to make its sounds audible. Every whisper of the forest is a reminder of the knowledge of nature that his father once imbued in him – knowledge that Vincent now passes on to his own son. Vincent Munier combines breathtaking footage of nature and its sounds to create a fairytale-like cinematic experience that slows time down.",False,fr,2.1537,2025-12-17,7.91,61
1400032,10DANCE,10DANCE,"Two dancers, opposites in all but their art, agree to train together for a competition. At first, they clash, but soon become drawn to each other.",False,ja,3.1198,2025-12-17,7.6,110
1242705,One More Shot,One More Shot,"New Years Eve. 1999. Minnie discovers a bottle of time travelling tequila. Each shot takes her back to the start of the night - giving her a bottle’s worth of shots to win back her old flame Joe, and change the course of her millennium.",False,en,2.8359,2025-12-12,5.923,13
1435092,Goodbye June,Goodbye June,Four siblings' lives change drastically when their ailing mother takes a turn for the worse over the holiday season.,False,en,2.7848,2025-12-12,6.634,145
1015154,Fireflies at El Mozote,Luciérnagas en El Mozote,"During the 1980s civil war in El Salvador, a rebel group of leftist guerrillas fight to expose its government's death squads via an underground radio network and hope to end their government's reign of terror with the help of an American journalist.",False,en,0.8037,2025-12-11,10.0,1
118340,Guardians of the Galaxy,Guardians of the Galaxy,"Light years from Earth, 26 years after being abducted, Peter Quill finds himself the prime target of a manhunt after discovering an orb wanted by Ronan the Accuser.",False,en,9.793,2014-07-30,7.906,29826
1588842,VMX Rewind: The Best Of VMX 2025,VMX Rewind: The Best Of VMX 2025,"As we wrap up the year, the sultry Zsara Laxamana takes us through a sizzling lookback at 2025’s hottest movies. Stick around to see if your favorites made it!",False,tl,1.4677,2025-12-09,9.0,4
1255775,Merv,Merv,"When their beloved dog Merv loses his spark after their split, Anna and Russ are forced into the world's most awkward co-parenting arrangement. Hoping to shake Merv out of his funk, Russ takes him to Florida for a much-needed getaway-only for Anna to show up unexpectedly. As Merv slowly gets his groove back, turns out fixing their dog's broken heart may lead to a few sparks of their own.",False,en,1.9257,2025-12-09,5.846,120
313369,La La Land,La La Land,"Mia, an aspiring actress, serves lattes to movie stars in between auditions and Sebastian, a jazz musician, scrapes by playing cocktail party gigs in dingy bars, but as success mounts they are faced with decisions that begin to fray the fragile fabric of their love affair, and the dreams they worked so hard to maintain in each other threaten to rip them apart.",False,en,15.3141,2016-12-01,7.898,18178
1365683,Primavera,Primavera,"In 18th-century Venice, 20-year-old violin virtuoso Cecilia lives at the Pièta orphanage, where, despite her talent, she remains confined, knowing that marriage is the only way out. Yet, her life takes a turn after she meets Antonio Vivaldi, a brilliant and ambitious composer who becomes the new violin teacher. Guided by Vivaldi and his music, Cecilia finds the strength to challenge the destiny that once seemed inevitable.",False,it,2.8017,2025-12-05,7.016,96
766520,Rosemead,Rosemead,"In a race against time, an ailing woman discovers her teenage son's violent obsessions and must go to great lengths to protect him, and possibly others, in this portrait of a Chinese American family. Inspired by true events.",False,en,1.1197,2025-12-05,6.767,15
1572017,Love and Wine,Love and Wine,"A privileged young man working at his wealthy father's business traps himself in a lie when he falls in love with a hard-working medical student, and tries to convince her that he comes from more humble beginnings like hers. What follows is a comedic whirlwind of chaos and heartfelt revelations.",False,en,1.6291,2025-12-05,7.0,17
1588835,Testimony of the Witness,Kapag Tumayo Ang Testigo,A groom desperate to fix his performance problem just days before his wedding.,False,tl,2.4824,2025-12-05,4.8,6
1306400,Merrily We Roll Along,Merrily We Roll Along,"Franklin Shepard is a talented Broadway composer who abandons his theater career and all his friends in New York in order to produce films in Los Angeles. The story begins at the height of his Hollywood fame and moves backwards in time, showing snapshots of the most important moments in Frank’s life that shaped the man he is today. A live recording of the 2024 Tony Award-winning Broadway revival of Stephen Sondheim and George Furth's musical, filmed at the Hudson Theatre in New York City.",False,en,1.4253,2025-12-04,6.8,19
1339666,The Kidnapping of Arabella,Il rapimento di Arabella,"Holly spends days at her dead-end job fantasizing about holes in the space-time continuum and wondering where her life went wrong. When she meets Arabella, an eight-year-old rebel hoping to run away from her self-absorbed author father, Holly becomes convinced their meeting is a cosmic sign, and that Arabella is, in fact, her past self sent back for a second chance. The two embark on an unconventional road trip between two lost souls who might be exactly what the other needs.",False,it,2.0293,2025-12-04,7.143,7
1555918,Adile Nasit,Adile Naşit,"A biopic about Turkish actress Adile Naşit (1930—1987), who was featured in many ensemble casts in classic comedy films.",False,tr,1.0523,2025-12-04,3.0,2
1370559,Tired Of Killing,Ammazzare stanca,"While the Calabrian mafia is spreading its influence in the early 70s, Antonio, son of the high-ranking 'Ndrangheta boss Giacomo Zagari, finds himself killing more and more frequently, ultimately realising that he isn't suited to this extreme lifestyle. While his generation rises up in factories, universities and public squares, Antonio finds the strength to defy his father, rejecting his legacy.",False,it,0.3789,2025-12-04,6.125,16
1400626,Stromberg - Wieder alles wie immer,Stromberg - Wieder alles wie immer,"About twenty years ago, Germany got to know Bernd Stromberg and his team from the claims department at CAPITOL Insurance. Back then, there was nothing vegan in the cafeteria, and bullying and sexism were commonplace in the office. Since then, the world of work has changed enormously. But has Bernd Stromberg changed too?",False,de,1.2499,2025-12-04,5.095,63
1558396,"American Sasquatch: Man, Myth or Monster","American Sasquatch: Man, Myth or Monster","American Sasquatch: Man, Myth, or Monster takes audiences on a groundbreaking investigation into one of the world's greatest mysteries. Created by former police detective and best-selling author of the Missing 411 series, Dave Paulides, the film combines cutting-edge science with gripping storytelling - from quantum physics and advanced DNA analysis to the insights of PhD researchers and respected institutions. With startling evidence that blurs the line between folklore and reality, viewers are invited to confront compelling facts that may forever change how we see the legendary hairy biped.",False,en,0.7946,2025-12-01,7.2,6
1252037,The Tank,Der Tiger,"A German Tiger tank crew is sent on a dangerous mission to rescue the missing officer Paul von Hardenburg from a top-secret bunker behind enemy lines. As they make their way through the lethal no-man's land, they must confront not only the enemy, but also their own fears and inner demons. Fueled by the Wehrmacht's methamphetamine, their mission increasingly becomes a journey into the heart of darkness.",False,de,12.5149,2025-09-18,7.123,447
1546143,KPop Demon Hunters: Fireplace,KPop Demon Hunters: Fireplace,"Watch Gwi-Ma's flames rise and fall as a golden soundtrack burns bright. When darkness meets the light, this is what it sounds like.",False,en,0.4566,2025-11-30,9.8,11
694,The Shining,The Shining,"Jack Torrance accepts a caretaker job at the Overlook Hotel, where he, along with his wife Wendy and their son Danny, must live isolated from the rest of the world for the winter. But they aren't prepared for the madness that lurks within.",False,en,31.6781,1980-05-23,8.203,19014
1449863,Sato and Sato,佐藤さんと佐藤さん,"It’s easy to promise ‘for better or worse’ in a wedding vow, but how many marriages can truly weather every storm? Sachi decides to study for the bar exam with her boyfriend Tamotsu as an act of solidarity. However, Sachi ends up becoming a lawyer, while Tamotsu, who fails the exam repeatedly, is relegated to stay-at-home dad.",False,ja,0.8265,2025-11-28,7.2,2
1560344,Leak,섬,"Changkuk, at 59, maintains his daily life through online Korean language lectures and household chores. When a leak appears in the house he's lived in for ten years, he hires a contractor who only ends up demolishing the wrong bathroom. Returning home from work, his family finds Changkuk utterly frustrating.",False,ko,0.1938,2025-11-28,6.0,1
1529650,Krypto Saves the Day!: Package Pandemonium,Krypto Saves the Day!: Package Pandemonium,"Krypto smells something special in a holiday package, and in his eagerness to grab the gift he makes a mess of Metropolis's festivities.",False,en,0.3677,2025-11-28,5.7,3
1589940,Emanuelle's World Intrigue in Manila,Emanuelle's World Intrigue in Manila,"During a nighttime stroll, Giorgio, a burnt-out painter, encounters the beautiful Emanuelle, whom he makes his new muse. What he doesn't know is that Emanuelle has gotten herself into a dangerous deal with gangsters.",False,en,0.7766,2025-11-27,4.0,3
1545264,A Light in the Harbor,港のひかり,"Miura, an aging ex-yakuza, develops an unexpected bond with Kota, a blind orphan. As they grow closer like family, Miura learns that Kota's sight can be restored with surgery. Determined to help, he steals money from his former yakuza group and leaves it for Kota before turning himself in. 12 years later, Miura is released from prison. Upon learning this, the yakuza plans to kill both Miura and Kota. Miura sacrifices himself to protect Kota, and...",False,ja,0.4801,2025-11-14,7.3,3
106,Predator,Predator,A team of elite commandos on a secret mission in a Central American jungle come to find themselves hunted by an extraterrestrial warrior.,False,en,17.1987,1987-06-12,7.567,9212
628847,Trap House,Trap House,"An undercover DEA agent and his partner embark on a game of cat and mouse with an audacious, and surprising group of thieves – their own rebellious teenagers, who have begun robbing from a dangerous cartel, using their parents' tactics and top-secret intel to do it.",False,en,7.4706,2025-11-14,6.605,282
1189738,Yunan,Yunan,"Munir travels to a remote island to contemplate a drastic action. He is haunted by a cryptic parable passed down to him by his mother. In the silence of his isolated island sanctuary, he encounters the enigmatic Valeska and her rough-hewn but loyal son, Karl. Although few words are spoken, simple acts of kindness begin to overcome their mutual distrust. Munir’s heavy burden is gradually eased and his desire for life reignited",False,de,2.188,2025-11-13,0.0,0
1414703,Until The Last of You,Sampai Titik Terakhirmu,"Albi initially only admired Shella from afar. Over time, their relationship developed, with Albi becoming a figure who was always there for Shella, especially when Shella discovered a lump in her stomach which turned out to be a cyst, and was later diagnosed with ovarian cancer. Their love was tested by increasingly serious illnesses, but Albi never gave up. Even in the most difficult times, he chose to marry Shella, showing that true love can survive the toughest storms.",False,id,1.5467,2025-11-13,8.0,3
1031084,The Currents,Las corrientes,"At the height of her career, Lina, a 34-year-old Argentine stylist, is driven by a sudden impulse after an award ceremony in Switzerland. Back in Buenos Aires, she says nothing, but something in her has shifted – quiet and invisible, it subtly unravels a past she thought she had left behind.",False,es,1.5524,2025-11-13,6.2,3
1575535,Torment,Tormento,"An exhausted security guard is transferred to a morgue and, on their first night, discovers that the shadows and silences hide a torment from which there may be no return.",False,es,1.1998,2025-11-13,7.041,49
293660,Deadpool,Deadpool,"The origin story of former Special Forces operative turned mercenary Wade Wilson, who, after being subjected to a rogue experiment that leaves him with accelerated healing powers, adopts the alter ego Deadpool. Armed with his new abilities and a dark, twisted sense of humor, Deadpool hunts down the man who nearly destroyed his life.",False,en,16.2079,2016-02-09,7.624,32848
299536,Avengers: Infinity War,Avengers: Infinity War,"As the Avengers and their allies have continued to protect the world from threats too large for any one hero to handle, a new danger has emerged from the cosmic shadows: Thanos. A despot of intergalactic infamy, his goal is to collect all six Infinity Stones, artifacts of unimaginable power, and use them to inflict his twisted will on all of reality. Everything the Avengers have fought for has led up to this moment - the fate of Earth and existence itself has never been more uncertain.",False,en,50.4905,2018-04-25,8.238,32188
122,The Lord of the Rings: The Return of the King,The Lord of the Rings: The Return of the King,"As armies mass for a final battle that will decide the fate of the world--and powerful, ancient forces of Light and Dark compete to determine the outcome--one member of the Fellowship of the Ring is revealed as the noble heir to the throne of the Kings of Men. Yet, the sole hope for triumph over evil lies with a brave hobbit, Frodo, who, accompanied by his loyal friend Sam and the hideous, wretched Gollum, ventures deep into the very dark heart of Mordor on his seemingly impossible quest to destroy the Ring of Power.​",False,en,50.9604,2003-12-17,8.5,26743
1425122,A Very Jonas Christmas Movie,A Very Jonas Christmas Movie,"Kevin, Nick, and Joe Jonas face a series of escalating obstacles as they struggle to make it from London to New York in time to spend Christmas with their families.",False,en,1.5868,2025-11-10,6.246,112
1568490,Dragon Girl Problem,용한 소녀,"To escape an arranged marriage in the Dragon Palace, Kim Yong-man, the dragon king's daughter, flees to the human world and begins high school, determined to become the top of her class. There, she encounters Shim Hae-soo, the current number one student sitting beside her. As rivalry shifts into friendship, the two gradually become special to each other.",False,ko,0.6388,2025-11-08,0.0,0
1409966,I Swear,7天,"Chen Choushi meets Wen Qian at a dental clinic, sparking a brief romance. He reveals that he can see a number above a girl’s head, representing the length of their relationship—and for them, it’s only seven days.",False,zh,0.7944,2025-08-29,6.5,4
1117857,In Your Dreams,In Your Dreams,Stevie and her little brother Elliot journey into the wildly absurd landscape of their own dreams to ask the Sandman to grant them the perfect family.,False,en,8.0846,2025-11-07,6.938,227
1287814,Stone Cold Fox,Stone Cold Fox,"In this '80s-set revenge story, the defiant Fox breaks out of an abusive commune in search of her family. But when the queenpin kidnaps her little sister and sends a crooked cop after her, Fox has no choice but to infiltrate the very place she escaped.",False,en,1.2245,2025-11-07,6.289,38
1539104,JUJUTSU KAISEN: Execution,劇場版 呪術廻戦「渋谷事変 特別編集版」×「死滅回游 先行上映」,"A veil abruptly descends over the busy Shibuya area amid the bustling Halloween crowds, trapping countless civilians inside. Satoru Gojo, the strongest jujutsu sorcerer, steps into the chaos. But lying in wait are curse users and spirits scheming to seal him away. Yuji Itadori, accompanied by his classmates and other top-tier jujutsu sorcerers, enters the fray in an unprecedented clash of curses — the Shibuya Incident. In the aftermath, ten colonies across Japan are transformed into dens of curses in a plan orchestrated by Noritoshi Kamo. As the deadly Culling Game starts, Special Grade sorcerer Yuta Okkotsu is assigned to carry out Yuji's execution for his perceived crimes. A compilation movie of Shibuya Incident including the first two episodes of the Culling Games arc.",False,ja,22.4118,2025-11-07,6.0,100
98,Gladiator,Gladiator,"After the death of Emperor Marcus Aurelius, his devious son takes power and demotes Maximus, one of Rome's most capable generals who Marcus preferred. Eventually, Maximus is forced to become a gladiator and battle to the death against other men for the amusement of paying audiences.",False,en,39.0553,2000-05-04,8.226,21011
1325678,Sarah's Oil,Sarah's Oil,"Sarah Rector, a Black girl born in early 20th-century Oklahoma Indian Territory, believes there is oil beneath the barren land she’s allotted, and her faith proves right. As greedy oil sharks close in, Sarah turns to family, friends, and some Texas wildcatters to maintain control of her oil-rich land, eventually becoming among the nation's first Black female millionaires—at eleven years old.",False,en,4.7127,2025-11-06,7.8,110
1445025,Time We Lost,Dann passiert das Leben,"School principal Hans is about to retire, but neither he nor his wife, Rita, are happy about their newly gained free time. For the past 35 years, their marriage has followed a well-established routine, with Rita setting the pace. As far as Rita is concerned, there is no reason to change anything. In fact, she does not like change at all. However, a stroke of fate reopens old wounds and forces them to ask themselves: Are they still a couple, or two separate individuals?",False,de,0.9771,2025-11-06,7.7,5
1447032,The Favor,구원자,"Young-beom and Seon-hee once lived a picture-perfect life. But after a tragic car accident leaves their teenage son unable to walk, they find themselves desperately wishing for a miracle. One day, when Young-beom encounters a mysterious elderly man in the neighborhood, strange miracles begin unfolding at home. Word spreads quickly, and the village turns to the family, hoping to share in their blessings. While the old man seems like their secret savior, the family soon learns that every blessing casts a shadow: this miracle is no gift or favor—it's a curse that threatens to tear their family apart.",False,ko,3.0179,2025-11-05,5.7,7
1432596,Palestine 36,Palestine 36,"Year 1936. As villages across Palestine rise against British colonial rule, Yusuf drifts between his rural home and the restless energy of Jerusalem, longing for a future beyond the growing unrest. But history is relentless. With rising numbers of Jewish immigrants escaping antisemitism in Europe and some arriving with nefarious Zionist-colonial ambitions, and the Palestinian population uniting in the largest and longest uprising against Britain’s 30-year dominion, all sides spiral towards inevitable collision in a decisive moment for the British Empire and the future of the entire region.",False,en,1.6821,2025-10-31,7.8,60
772462,Don't Follow Me,No me sigas,"Obsessed with going viral with her videos of ghosts and paranormal events, aspiring influencer Carla moves into a famous haunted building. There, she begins faking ghostly apparitions to gain more followers, unaware that a real evil entity resides in her apartment and will torment her until no one, not even she, can distinguish what's real and what isn't.",False,es,3.6631,2025-10-30,5.912,57
1142122,Io sono Rosa Ricci,Io sono Rosa Ricci,"In 2000s Naples, 15-year-old Rosa Ricci is kidnapped by enemies of her father, one of the city’s most feared Camorra bosses. Held captive on a remote island, she transforms from victim to survivor, ready to fight for her freedom before her father’s war for revenge consumes them both.",False,it,1.3568,2025-10-30,5.9,35
1502943,Night of the Reaper,Night of the Reaper,"A college student returns home for the weekend and reluctantly takes a babysitting job after a local babysitter is brutally murdered. When the town’s sheriff receives chilling evidence that the killing wasn’t an isolated incident, a deadly night unfolds as a masked killer sets the stage for another attack.",False,en,1.8271,2025-10-30,6.4,60
372058,Your Name.,君の名は。,"High schoolers Mitsuha and Taki are complete strangers living separate lives. But one night, they suddenly switch places. Mitsuha wakes up in Taki’s body, and he in hers. This bizarre occurrence continues to happen randomly, and the two must adjust their lives around each other.",False,ja,27.797,2016-07-01,8.482,12653
778919,Arachnado,Arachnado,"When a freak cyclone swamps Los Angeles, millions of poisonous spiders terrorize the city. .",False,en,0.2408,2026-01-20,0.0,0
1579559,"""Friends""","""Friends""","Devastated after losing the love of his life, the lone, isolated youth Adam embarks on a dark and twisted odyssey  of self love and acceptance that asks...  Is this really what love looks like?",False,en,0.2699,2025-10-30,0.0,0
1290183,The First Ride,퍼스트 라이드,"Four lifelong friends—Tae-jeong, Do-jin, Yeon-min, and Geum-bok—dreamed of an epic trip abroad, but life got in the way. Years later, older but not necessarily wiser, they finally embark on their long-overdue journey. Planned as a carefree getaway, however, the trip derails into a whirlwind of unexpected chaos, hilariously absurd detours, and buried emotions resurfacing. As they stumble through misadventures, their first ride together turns into a spectacular journey—one for the ages.",False,ko,2.0172,2025-10-29,6.8,10
615121,The Thomas Crown Affair,The Thomas Crown Affair,"In Europe, a bored young businessman decides to plan a robbery and assigns a professional agent with the right information to the job. However, he is soon betrayed yet cannot blow his cover as he’s fallen in love.",False,en,1.5534,2027-03-04,0.0,0
1287322,Christy,Christy,"Christy Martin never imagined life beyond her small-town roots in West Virginia—until she discovered a knack for punching people. Fueled by grit, raw determination, and an unshakable desire to win, she charges into the world of boxing under the guidance of her trainer and manager-turned-husband, Jim. But while Christy flaunts a fiery persona in the ring, her toughest battles unfold outside it—confronting family, identity, and a relationship that just might become life-or-death.",False,en,5.3272,2025-10-27,7.096,187
68726,Pacific Rim,Pacific Rim,"Using massive piloted robots to combat the alien threat, earth's survivors take the fight to the invading alien force lurking in the depths of the Pacific Ocean. Nearly defenseless in the face of the relentless enemy, the forces of mankind have no choice but to turn to two unlikely heroes who now stand as earth's final hope against the mounting apocalypse.",False,en,34.88,2013-07-11,6.932,13459
1571723,Role Play,Role Play,"In Role Play, Tim and Lucy, a couple struggling to revive their relationship, experiment with role-playing. After a failed attempt at intimacy, things take a bizarre turn when a creepy man named Mick unexpectedly appears in their home.",False,en,0.0993,2025-10-27,4.5,2
153518,The Angry Birds Movie,The Angry Birds Movie,"An island populated entirely by happy, flightless birds or almost entirely. In this paradise, Red, a bird with a temper problem, speedy Chuck, and the volatile Bomb have always been outsiders. But when the island is visited by mysterious green piggies, it’s up to these unlikely outcasts to figure out what the pigs are up to.",False,en,11.2823,2016-05-11,6.272,4024
1383519,Wolf Beach,Playa de lobos,Manu works at a beach bar. Klaus won't leave the last beach chair. What seems like a clash between opposites turns suspicious when Manu doubts Klaus's presence is coincidental. Tension builds until Klaus makes a disturbing offer.,False,es,2.0092,2025-10-24,5.56,25
1623279,Lonely People: Nunca Confie em Ninguém,Lonely People: Nunca Confie em Ninguém,,False,pt,0.098,2025-10-24,0.0,0
1061771,Decorado,Decorado,"Arnold, an unemployed middle-aged mouse, confides to his wife Maria that he suspects his entire world is nothing more than a set, and his life a scripted performance. When his best friend Ramiro dies under mysterious circumstances, he traces the conspiracy to a monolithic corporation whose influence reaches every corner of their daily lives.",False,es,2.1405,2025-10-24,6.7,9
150540,Inside Out,Inside Out,"When 11-year-old Riley moves to a new city, her Emotions team up to help her through the transition. Joy, Fear, Anger, Disgust and Sadness work together, but when Joy and Sadness get lost, they must journey through unfamiliar places to get back home.",False,en,28.0534,2015-06-17,7.908,23551
1255369,Finnick 2,Финник 2,"Finnick accidentally loses invisibility, and now the world of brownies is under threat. Together with his man Kristina, he goes in search of a magical magician who will help him regain invisibility.",False,ru,1.1184,2025-10-23,4.0,2
1280234,#SalveRosa,#SalveRosa,"A young influencer decides to investigate her past after fainting at school. What she discovers puts not only her relationship with her overprotective mother at risk, but also her own life.",False,pt,0.8641,2025-10-23,6.5,19
1397375,Life Is Life,La vita va così,An elderly shepherd takes on big business when he becomes the only holdout against property developers building a luxury resort in his tiny Sardinian village.,False,it,0.6249,2025-10-23,6.862,159
1447032,The Favor,구원자,"Young-beom and Seon-hee once lived a picture-perfect life. But after a tragic car accident leaves their teenage son unable to walk, they find themselves desperately wishing for a miracle. One day, when Young-beom encounters a mysterious elderly man in the neighborhood, strange miracles begin unfolding at home. Word spreads quickly, and the village turns to the family, hoping to share in their blessings. While the old man seems like their secret savior, the family soon learns that every blessing casts a shadow: this miracle is no gift or favor—it's a curse that threatens to tear their family apart.",False,ko,3.0179,2025-11-05,5.7,7
713704,Evil Dead Rise,Evil Dead Rise,"A reunion between two estranged sisters gets cut short by the rise of flesh-possessing demons, thrusting them into a primal battle for survival as they face the most nightmarish version of family imaginable.",False,en,14.8127,2023-04-12,6.938,3727
1248226,Playdate,Playdate,"When out-of-work accountant Brian joins stay-at-home dad Jeff for a playdate with their sons, he expects a laid-back afternoon. Instead, they're chased by mercenaries, and Brian—totally unprepared—must survive one absurd obstacle after another.",False,en,10.9606,2025-11-04,6.108,617
9340,The Goonies,The Goonies,"Young teen Mikey Walsh and his friends set off on a quest to find Pirate One-Eyed Willie's treasure in hopes of saving their homes from demolition. However, on their quest to find the treasure, they run into a family of recently escaped criminals, determined to capture the kids and reach the treasure first.",False,en,8.9,1985-06-07,7.514,6261
1407861,The Bayou,The Bayou,"Vacation turns disaster when Houston grad Kyle and her friends survive a plane crash in the desolate Louisiana everglades, only to discover there's something way more dangerous lurking in the shallows.",False,en,4.1962,2025-01-31,5.463,215
1303613,Deaf,Sorda,"Angela's deafness raises concerns during her pregnancy regarding connecting with her daughter. Post-delivery, partner Héctor supports her as she learns to mother in a society lacking adequate accommodations for the hearing-impaired.",False,es,1.9535,2025-04-04,7.2,101
1267480,Von uns wird es keiner sein,Von uns wird es keiner sein,"An anonymous suicide threat shared on social media causes turmoil at a school. For the students, their parents and the teachers, a race against time begins: who sent the threat? While everyone is on the trail of this question, it turns out that another secret could be involved.",False,de,0.345,2024-09-29,6.4,7
1200801,F Marry Kill,F Marry Kill,"When true-crime junkie Eva Vaugh is shoved into the dating app world by her besties on her 30th birthday, she suddenly finds herself at the center of a real-life murder case. As new details about the murders are revealed on her favorite podcast, she realizes that one of the three men she’s dating could be the infamous ""Swipe Right Killer"" terrorizing the city.",False,en,1.8249,2025-03-06,6.11,82
1101574,Butch Cassidy and the Wild Bunch,Butch Cassidy and the Wild Bunch,"When Butch Cassidy and his deadly band of outlaws pull off a high-dollar train robbery, the legendary Pinkerton detectives raise a deadly posse to hunt them down.",False,en,0.8487,2025-02-20,1.5,2
1090869,The Lord of the Rings: The Hunt for Gollum,The Lord of the Rings: The Hunt for Gollum,"Set between The Hobbit and The Lord of the Rings trilogies, Strider and Gandalf search for the corrupted Hobbit Gollum to learn more information about Bilbo Baggins' ring.",False,en,2.9902,2027-12-15,0.0,0
1063881,Prodigies,Prodigieuses,"Claire and Jeanne are twin sisters, united by the same passion: the piano. Coached by their father like athletes, they join the prestigious Karlsruhe Conservatory. They are now competing to be soloists and training for a concert that will make or break their careers. But Claire and then Jeanne discover they are suffering from a serious illness and are slowly losing the use of their hands. With the support of their family and their undying love of music, they will find a unique way to change their fate. An inspiring and moving tale, based on a true story.",False,fr,0.6894,2024-11-20,6.7,54
1002398,Virgin,Donselya,"Iris, an 18-year old virgin marries Joaquin, a rich widower, because of money. However, when he learns that Iris is not really a virgin, their honeymoon turns to a bloodbath.",False,tl,39.5361,2024-10-29,6.76,25
996064,The Trail,Der Pfad,"A young woman embarks on a remote hiking trail in the Alps to cope with a trauma. In the midst of the rustic landscape, she is now not only confronted with her own fears, but also has to face an alien threat.",False,de,2.4966,2024-10-25,3.462,26
1432596,Palestine 36,Palestine 36,"Year 1936. As villages across Palestine rise against British colonial rule, Yusuf drifts between his rural home and the restless energy of Jerusalem, longing for a future beyond the growing unrest. But history is relentless. With rising numbers of Jewish immigrants escaping antisemitism in Europe and some arriving with nefarious Zionist-colonial ambitions, and the Palestinian population uniting in the largest and longest uprising against Britain’s 30-year dominion, all sides spiral towards inevitable collision in a decisive moment for the British Empire and the future of the entire region.",False,en,1.6821,2025-10-31,7.8,60
772462,Don't Follow Me,No me sigas,"Obsessed with going viral with her videos of ghosts and paranormal events, aspiring influencer Carla moves into a famous haunted building. There, she begins faking ghostly apparitions to gain more followers, unaware that a real evil entity resides in her apartment and will torment her until no one, not even she, can distinguish what's real and what isn't.",False,es,3.6631,2025-10-30,5.912,57
1142122,Io sono Rosa Ricci,Io sono Rosa Ricci,"In 2000s Naples, 15-year-old Rosa Ricci is kidnapped by enemies of her father, one of the city’s most feared Camorra bosses. Held captive on a remote island, she transforms from victim to survivor, ready to fight for her freedom before her father’s war for revenge consumes them both.",False,it,1.3568,2025-10-30,5.9,35
1502943,Night of the Reaper,Night of the Reaper,"A college student returns home for the weekend and reluctantly takes a babysitting job after a local babysitter is brutally murdered. When the town’s sheriff receives chilling evidence that the killing wasn’t an isolated incident, a deadly night unfolds as a masked killer sets the stage for another attack.",False,en,1.8271,2025-10-30,6.4,60
1314398,Frieda's Case,Friedas Fall,"Chronicles the fate of Frieda Keller, a young seamstress in St. Gallen who, in 1904, is accused of murdering her 5-year-old son Ernstli.",False,de,0.539,2025-10-30,6.083,6
372058,Your Name.,君の名は。,"High schoolers Mitsuha and Taki are complete strangers living separate lives. But one night, they suddenly switch places. Mitsuha wakes up in Taki’s body, and he in hers. This bizarre occurrence continues to happen randomly, and the two must adjust their lives around each other.",False,ja,27.797,2016-07-01,8.482,12653
778919,Arachnado,Arachnado,"When a freak cyclone swamps Los Angeles, millions of poisonous spiders terrorize the city. .",False,en,0.2408,2026-01-20,0.0,0
1579559,"""Friends""","""Friends""","Devastated after losing the love of his life, the lone, isolated youth Adam embarks on a dark and twisted odyssey  of self love and acceptance that asks...  Is this really what love looks like?",False,en,0.2699,2025-10-30,0.0,0
1290183,The First Ride,퍼스트 라이드,"Four lifelong friends—Tae-jeong, Do-jin, Yeon-min, and Geum-bok—dreamed of an epic trip abroad, but life got in the way. Years later, older but not necessarily wiser, they finally embark on their long-overdue journey. Planned as a carefree getaway, however, the trip derails into a whirlwind of unexpected chaos, hilariously absurd detours, and buried emotions resurfacing. As they stumble through misadventures, their first ride together turns into a spectacular journey—one for the ages.",False,ko,2.0172,2025-10-29,6.8,10
615121,The Thomas Crown Affair,The Thomas Crown Affair,"In Europe, a bored young businessman decides to plan a robbery and assigns a professional agent with the right information to the job. However, he is soon betrayed yet cannot blow his cover as he’s fallen in love.",False,en,1.5534,2027-03-04,0.0,0
1287322,Christy,Christy,"Christy Martin never imagined life beyond her small-town roots in West Virginia—until she discovered a knack for punching people. Fueled by grit, raw determination, and an unshakable desire to win, she charges into the world of boxing under the guidance of her trainer and manager-turned-husband, Jim. But while Christy flaunts a fiery persona in the ring, her toughest battles unfold outside it—confronting family, identity, and a relationship that just might become life-or-death.",False,en,5.3272,2025-10-27,7.096,187
68726,Pacific Rim,Pacific Rim,"Using massive piloted robots to combat the alien threat, earth's survivors take the fight to the invading alien force lurking in the depths of the Pacific Ocean. Nearly defenseless in the face of the relentless enemy, the forces of mankind have no choice but to turn to two unlikely heroes who now stand as earth's final hope against the mounting apocalypse.",False,en,34.88,2013-07-11,6.932,13459
70160,The Hunger Games,The Hunger Games,"In a dystopian society where the Capitol forces each district to send two young tributes to fight to the death in a televised spectacle, a girl volunteers to take her sister’s place, setting the stage for a struggle of survival and defiance.",False,en,6.7109,2012-03-12,7.223,23368
1571723,Role Play,Role Play,"In Role Play, Tim and Lucy, a couple struggling to revive their relationship, experiment with role-playing. After a failed attempt at intimacy, things take a bizarre turn when a creepy man named Mick unexpectedly appears in their home.",False,en,0.0993,2025-10-27,4.5,2
153518,The Angry Birds Movie,The Angry Birds Movie,"An island populated entirely by happy, flightless birds or almost entirely. In this paradise, Red, a bird with a temper problem, speedy Chuck, and the volatile Bomb have always been outsiders. But when the island is visited by mysterious green piggies, it’s up to these unlikely outcasts to figure out what the pigs are up to.",False,en,11.2823,2016-05-11,6.272,4024
1383519,Wolf Beach,Playa de lobos,Manu works at a beach bar. Klaus won't leave the last beach chair. What seems like a clash between opposites turns suspicious when Manu doubts Klaus's presence is coincidental. Tension builds until Klaus makes a disturbing offer.,False,es,2.0092,2025-10-24,5.56,25
1623279,Lonely People: Nunca Confie em Ninguém,Lonely People: Nunca Confie em Ninguém,,False,pt,0.098,2025-10-24,0.0,0
1061771,Decorado,Decorado,"Arnold, an unemployed middle-aged mouse, confides to his wife Maria that he suspects his entire world is nothing more than a set, and his life a scripted performance. When his best friend Ramiro dies under mysterious circumstances, he traces the conspiracy to a monolithic corporation whose influence reaches every corner of their daily lives.",False,es,2.1405,2025-10-24,6.7,9
150540,Inside Out,Inside Out,"When 11-year-old Riley moves to a new city, her Emotions team up to help her through the transition. Joy, Fear, Anger, Disgust and Sadness work together, but when Joy and Sadness get lost, they must journey through unfamiliar places to get back home.",False,en,28.0534,2015-06-17,7.908,23551
1255369,Finnick 2,Финник 2,"Finnick accidentally loses invisibility, and now the world of brownies is under threat. Together with his man Kristina, he goes in search of a magical magician who will help him regain invisibility.",False,ru,1.1184,2025-10-23,4.0,2
1280234,#SalveRosa,#SalveRosa,"A young influencer decides to investigate her past after fainting at school. What she discovers puts not only her relationship with her overprotective mother at risk, but also her own life.",False,pt,0.8641,2025-10-23,6.5,19
1397375,Life Is Life,La vita va così,An elderly shepherd takes on big business when he becomes the only holdout against property developers building a luxury resort in his tiny Sardinian village.,False,it,0.6249,2025-10-23,6.862,159
1469354,Border Hunters,Border Hunters,"After his police officer brother is killed by a drug dealer who flees to the protection of his cartel-connected uncle in Mexico, an American man with a diverse law enforcement/military background goes south of the border to get revenge",False,en,4.8654,2025-10-20,6.075,53
1564276,Memorial dos Metacarpos,Memorial dos Metacarpos,,False,pt,0.056,2025-10-18,0.0,0
1299655,Blue Moon,Blue Moon,"On the evening of March 31, 1943, legendary lyricist Lorenz Hart confronts his shattered self-confidence in Sardi’s bar as his former collaborator, Richard Rodgers, celebrates the opening night of his ground-breaking hit musical, “Oklahoma!”",False,en,6.3988,2025-10-17,6.622,290
1382024,Beloved,Amata,"Amata is about two lives that graze one another without meeting, connected by invisible threads and choices that can change a person’s fate. With its intimate, sensual and deeply human gaze, Amata singles out the bodies and souls of its two lead actresses in order to explore what it means to choose. And love. Nunzia is an out-of-town student with a crushing secret: an unwanted pregnancy. Isolated, she weighs a grueling decision: keep the baby or give it up. In another place, Luca and Maddalena endure the emptiness of a new life that doesn’t arrive. After a long, fruitless trial, a chance presents itself: delicate, luminous, full of anticipation. Amata is the story of two women who intersect, fragile fighters yet strong at the same time, who imagine love, freedom and motherhood in its many forms. And a third woman, Margherita – the child. Torn between different worlds, and silent carrier of a bond that unites them, though no one knows.",False,it,0.6992,2025-10-16,5.763,19
1406519,Black Blood,Getih Ireng,"Pram and Rina are a married couple who deeply long for a child. However, they have been afflicted by Santet Getih Ireng, a type of black magic that targets blood and lineage. If Rina becomes pregnant, she will keep having miscarriages. They will never be able to have children. What should they do?",False,id,1.3359,2025-10-16,5.5,4
997955,Fairyland,Fairyland,A father-daughter relationship evolves through an era of bohemian decadence in 1970s San Francisco to the sober and heartbreaking era of the AIDS crisis in the 1980s.,False,en,1.3781,2025-10-03,5.962,13
1533622,"Beautiful, Pam","Beautiful, Pam","“Beautiful, Pam” follows a Queer sex-worker, named Pam, in the midst of a mid-life crisis during the week of their son’s 18th birthday.",False,en,0.3507,2025-10-03,0.0,0
161,Ocean's Eleven,Ocean's Eleven,"Less than 24 hours into his parole, charismatic thief Danny Ocean is already rolling out his next plan: In one night, Danny's hand-picked crew of specialists will attempt to steal more than $150 million from three Las Vegas casinos. But to score the cash, Danny risks his chances of reconciling with ex-wife, Tess.",False,en,15.8741,2001-12-07,7.461,12625
1688633,Le Terre Incolte,Le Terre Incolte,"In a remote Southern Italian village, fear spreads after a series of mysterious disappearances in the nearby woods. When two strangers arrive claiming to be messengers of the Lord, the desperate townspeople see them as saviors-except for one woman, who, with the help of a free-spirited girl and an outcast accused of witchcraft, uncovers a darker truth that lies beyond",False,it,0.4591,2025-10-03,10.0,1
1326886,Love Barista,나혼자 프린스,"A superstar Korean actor stranded in Vietnam ends up crossing paths with a sweet, ordinary barista-to-be, kicking off an unpredictable, heart-fluttery romance that shakes up both their worlds.",False,ko,1.0528,2025-10-03,6.0,1
1364608,Anemone,Anemone,"Middle-aged Jem sets out from his suburban home on a journey into the woods, where he reconnects with his estranged hermit brother Ray. Bonded by a mysterious, complicated past, the men share a fraught, if occasionally tender relationship—one that was forever altered by shattering events decades earlier.",False,en,4.0826,2025-10-02,6.049,123
1175842,Momo,Momo,"Momo is a young orphan girl who lives in the ruins of an old Roman amphitheater and becomes friends with everybody in the neighborhood. But when a powerful international corporation starts stealing everybody’s time, nobody has any time left for her, let alone their friends or families. Momo, together with Master Hora, the custodian of time, are the only ones who can go up against the time thieves before all is lost forever.",False,de,2.2196,2025-10-02,7.3,31
1387534,Hydra,Hydra,Four strangers wake up in a cabin where they encounter a legendary three-headed snake.,False,en,0.5089,2025-10-01,3.0,1
49026,The Dark Knight Rises,The Dark Knight Rises,"Following the death of District Attorney Harvey Dent, Batman assumes responsibility for Dent's crimes to protect the late attorney's reputation and is subsequently hunted by the Gotham City Police Department. Eight years later, Batman encounters the mysterious Selina Kyle and the villainous Bane, a new terrorist leader who overwhelms Gotham's finest. The Dark Knight resurfaces to protect a city that has branded him an enemy.",False,en,15.4623,2012-07-17,7.795,24477
1387764,Twisted Fate,Tukar Takdir,"Rawa, the only surviving passenger with injuries and trauma, must face the grief of Zahra, the pilot’s daughter, as well as the anger of Dita, the wife of a passenger who questions: “Why wasn’t it her husband who survived?”",False,id,0.7643,2025-10-02,7.2,6
1266124,Three Kingdoms: Starlit Heroes,三国的星空第一部,"In the late Eastern Han Dynasty, the realm was thrown into chaos. Cao Cao campaigned against Dong Zhuo, welcomed the Emperor, and fought at Guandu, emerging as a hero of his time.",False,zh,0.6947,2025-10-01,6.8,8
857,Saving Private Ryan,Saving Private Ryan,"As U.S. troops storm the beaches of Normandy, three brothers lie dead on the battlefield, with a fourth trapped behind enemy lines. Ranger captain John Miller and seven men are tasked with penetrating German-held territory and bringing the boy home.",False,en,44.9405,1998-07-24,8.228,17360
1324315,Feeha Eh Yaani,فيها إيه يعنى؟!,"A retired accountant lives captive to the memories of an old, incomplete love story. Then, by chance, he meets a housewife who is his old flame. Their lives quickly take an unexpected path, as their romance is rekindled as they got older.",False,ar,0.3822,2025-10-01,7.5,8
1083637,Kantara - A Legend: Chapter 1,ಕಾಂತಾರ: ಅಧ್ಯಾಯ - ೧,"During the Kadamba reign, King Vijayendra, the ruler of the fictional feudatory land of Bangra, meets his final fate while venturing into the mystical forest of Kantara. Witnessing this, his son Rajashekara seals the borders of their realm. Later, Prince Kulashekara reopens them through a brutal massacre. The protagonist, Berme, in search of prosperity, crosses the divide and ignites a conflict of faith, power, and destiny between the Kingdom and Nature.",False,kn,8.9522,2025-10-01,7.149,87
102382,The Amazing Spider-Man 2,The Amazing Spider-Man 2,"For Peter Parker, life is busy. Between taking out the bad guys as Spider-Man and spending time with the person he loves, Gwen Stacy, high school graduation cannot come quickly enough. Peter has not forgotten about the promise he made to Gwen’s father to protect her by staying away, but that is a promise he cannot keep. Things will change for Peter when a new villain, Electro, emerges, an old friend, Harry Osborn, returns, and Peter uncovers new clues about his past.",False,en,34.0354,2014-04-16,6.545,14315
272,Batman Begins,Batman Begins,"Driven by tragedy, billionaire Bruce Wayne dedicates his life to uncovering and defeating the corruption that plagues his home, Gotham City.  Unable to work within the system, he instead creates a new identity, a symbol of fear for the criminal underworld - The Batman.",False,en,36.3259,2005-06-10,7.728,22713
93456,Despicable Me 2,Despicable Me 2,Gru is recruited by the Anti-Villain League to help deal with a powerful new super criminal.,False,en,15.0372,2013-06-26,6.945,12030
1339658,"Oh, Hi!","Oh, Hi!","Iris and Isaac's first weekend away as a couple is going so well — until Isaac mentions he didn’t know they were a couple. Convinced she's met her perfect guy and that he's just confused, Iris goes to increasingly ridiculous and irrational lengths to prove to Isaac that they are meant to be together.",False,en,5.4401,2025-07-25,6.294,177
49018,Insidious,Insidious,"A family discovers that dark spirits have invaded their home after their son inexplicably falls into an endless sleep. When they reach out to a professional for help, they learn things are a lot more personal than they thought.",False,en,8.8576,2011-03-31,6.944,7363
1290432,A Private Life,Vie privée,"The renowned psychiatrist Lilian Steiner mounts a private investigation into the death of one of her patients, whom she is convinced has been murdered.",False,fr,5.6884,2025-09-27,5.629,214
209112,Batman v Superman: Dawn of Justice,Batman v Superman: Dawn of Justice,"Fearing the actions of a god-like Super Hero left unchecked, Gotham City’s own formidable, forceful vigilante takes on Metropolis’s most revered, modern-day savior, while the world wrestles with what sort of hero it really needs. And with Batman and Superman at war with one another, a new threat quickly arises, putting mankind in greater danger than it’s ever known before.",False,en,15.2158,2016-03-23,6.004,19074
604,The Matrix Reloaded,The Matrix Reloaded,"The Resistance builds in numbers as humans are freed from the Matrix and brought to the city of Zion. Neo discovers his superpowers, including the ability to see the code inside the Matrix. With machine sentinels digging to Zion in 72 hours, Neo, Morpheus and Trinity must find the Keymaker to ultimately reach the Source.",False,en,26.83,2003-05-15,7.079,12038
1519168,The Jester 2,The Jester 2,"When teen magician Max crosses paths with the sinister Jester on Halloween night, she must outsmart a supernatural killer whose magic is all too real and whose tricks always end up in blood.",False,en,3.2171,2025-09-15,7.044,125
1546740,THEA,THEA,A man kills a monster and a woman becomes a goddess.,False,en,0.3978,2025-09-14,0.0,0
577922,Tenet,Tenet,"Armed with only one word - Tenet - and fighting for the survival of the entire world, the Protagonist journeys through a twilight world of international espionage on a mission that will unfold in something beyond real time.",False,en,28.0115,2020-08-22,7.175,11164
9340,The Goonies,The Goonies,"Young teen Mikey Walsh and his friends set off on a quest to find Pirate One-Eyed Willie's treasure in hopes of saving their homes from demolition. However, on their quest to find the treasure, they run into a family of recently escaped criminals, determined to capture the kids and reach the treasure first.",False,en,8.9,1985-06-07,7.514,6261
1549620,Personhood,Personhood,"In a near-future world, a lonely, physically challenged man purchases a companion robot to escape his isolation, but his own insecurities and a jealous brother threaten his chances of ever finding love.",False,en,2.4377,2025-09-13,6.9,7
1161617,Code 3,Code 3,A burned-out paramedic tries to survive his last 24 hours on the job while training a new recruit.,False,en,5.3952,2025-09-12,7.067,289
957121,The Man in My Basement,The Man in My Basement,"Down on his luck, Charles Blakey agrees to rent his basement to a mysterious stranger, unaware he may be letting in a force much darker than he imagined.",False,en,1.379,2025-09-12,5.469,65
1312559,Maalik,मालिक,"Set in the rural, rusty and politically charged Allahabad of the 1980s, Maalik is a peek into the making of a dreaded gangster from a humble background with intoxication of power to rule the world.",False,hi,2.2214,2025-07-11,5.813,16
1321439,The Wrong Paris,The Wrong Paris,"Dawn thinks she's joining a dating show in Paris, France, only to land in Paris, Texas. She has an exit plan — until sparks fly with the cowboy bachelor.",False,en,2.5152,2025-09-11,6.723,318
605,The Matrix Revolutions,The Matrix Revolutions,The human city of Zion defends itself against the massive invasion of the machines as Neo fights to end the war at another front while also opposing the rogue Agent Smith.,False,en,10.1226,2003-11-05,6.753,10883
1289936,Downton Abbey: The Grand Finale,Downton Abbey: The Grand Finale,"When Mary finds herself at the center of a public scandal and the family faces financial strife, the entire household grapples with the threat of social disgrace. The Crawleys must embrace change as the staff prepares for a new chapter with the next generation leading Downton Abbey into the future.",False,en,3.2245,2025-09-10,7.057,273
975335,Magellan,Magalhães,"At the dawn of the modern era, Portuguese explorer Ferdinand Magellan leads an expedition under the Spanish crown in search of the first westward route to the Spice Islands. He embarks on a perilous journey across the uncharted Pacific, where his fleet faces starvation, mutiny, and the psychological toll of endless seas. Upon reaching the shores of Cebu, Magellan is pulled into a fatal conflict with the natives by his drive to spread Catholicism, culminating in his tragic doom.",False,pt,2.534,2025-09-10,6.5,25
1103551,I Only Rest in the Storm,O Riso e a Faca,"Sergio travels to a metropolis in West Africa to work for an NGO as an environmental engineer on a road project between the desert and the forest. There, he becomes entangled in an intimate yet unbalanced relationship with two inhabitants of the city, Diara and Gui. As neo-colonial dynamics among the expatriate community unravel, this fragile bond becomes his only refuge from an impending collapse into solitude or barbarism.",False,pt,0.6651,2025-07-09,7.083,12
1428426,The Adventures of Nexus VI,Les Aventures du Nexus VI,"The crew of the spaceship ""NEXUS VI"" has crash-landed on a wild planet after an epic space battle. Shaken by the co-pilot's abduction by a mysterious cult, they will face countless trials in their quest to rescue him.",False,fr,1.5037,2025-09-08,7.0,2
70160,The Hunger Games,The Hunger Games,"In a dystopian society where the Capitol forces each district to send two young tributes to fight to the death in a televised spectacle, a girl volunteers to take her sister’s place, setting the stage for a struggle of survival and defiance.",False,en,6.7109,2012-03-12,7.223,23367
153518,The Angry Birds Movie,The Angry Birds Movie,"An island populated entirely by happy, flightless birds or almost entirely. In this paradise, Red, a bird with a temper problem, speedy Chuck, and the volatile Bomb have always been outsiders. But when the island is visited by mysterious green piggies, it’s up to these unlikely outcasts to figure out what the pigs are up to.",False,en,11.2823,2016-05-11,6.272,4024
1544704,Kamen Rider ZEZTZ: Transformation Classroom,仮面ライダーゼッツ 変身講座,"Welcome to Transformation Classroom! Baku Yorozu aka Code Number: 7 shows off all of the secrets of his transformation to Kamen Rider ZEZTZ! Enter the command center in Baku's subconscious to find details on ZEZTZ Driver, Capsems, Technolom Machinery, and ZEZTZ Gear.",False,ja,0.6623,2025-09-07,0.0,0
1362057,BLUNT,BLUNT,"When your knife turns blunt, do you sharpen it or let it become a glorified butter knife at dad's company brunches? Something only you can answer.",False,en,0.5446,2025-09-06,0.0,0
1604620,No One Cares About Crazy People,No One Cares About Crazy People,"With a fusion of intimate storytelling and broad reportage, No One Cares About Crazy People is an immersive deep dive into the crisis and chaos of severe mental illness (SMI). The documentary humanizes the face of SMI with a small cast of memorable characters, followed in real time over several years, as they — and also their families — navigate a system that too often seems to conspire against them. The historic roots of this national crisis are traced, as well as the emergence of bold but controversial activism that seeks to reinvent those failed policies. Inspired by the book of the same name by Pulitzer Prize-winning journalist and New York Times bestselling author Ron Powers. With narration by actor Bob Odenkirk and original music by Wilco frontman Jeff Tweedy.",False,en,0.5693,2025-09-06,0.0,0
1182861,Romería,Romería,"With her mother's diary in hand, Marina's search for official documents for university leads her to her biological family on the Atlantic coast. What starts as an administrative quest reveals long-buried family secrets.",False,es,5.6239,2025-09-05,6.5,68
1124,The Prestige,The Prestige,"A mysterious story of two magicians whose intense rivalry leads them on a life-long battle for supremacy -- full of obsession, deceit and jealousy with dangerous and deadly consequences.",False,en,29.0028,2006-10-19,8.209,17679
1151766,Murderer Report,살인자 리포트,"The story of a serial killer, Yeong-hoon, who murdered 11 people, offering a special interview with Seon-joo, a veteran reporter who is desperate for a scoop.",False,ko,3.0392,2025-09-05,7.234,32
106646,The Wolf of Wall Street,The Wolf of Wall Street,"A New York stockbroker refuses to cooperate in a large securities fraud case involving corruption on Wall Street, corporate banking world and mob infiltration. Based on Jordan Belfort's autobiography.",False,en,36.6143,2013-12-25,8.027,26037
1374686,Light of the World,Light of the World,"It's 30 AD and everyone is expectantly awaiting the coming Messiah. While Jesus isn't exactly what they imagined, there is something special about this man. Soon, John, James, Andrew, Peter, and others begin to follow Jesus on an unexpected adventure. This beautifully animated story of Jesus is told through the eyes of his beloved young friend, the Apostle John.",False,en,4.6941,2025-09-04,8.536,42
993708,The Threesome,The Threesome,"Connor has a threesome with his long-time crush Olivia and an alluring stranger named Jenny. It surprisingly serves as the spark to a full blown relationship with Olivia, until both women end up pregnant and all three are thrust into a difficult journey toward new realities that none of them could have expected.",False,en,5.2677,2025-09-04,6.3,103
100402,Captain America: The Winter Soldier,Captain America: The Winter Soldier,"After the cataclysmic events in New York with The Avengers, Steve Rogers, aka Captain America is living quietly in Washington, D.C. and trying to adjust to the modern world. But when a S.H.I.E.L.D. colleague comes under attack, Steve becomes embroiled in a web of intrigue that threatens to put the world at risk. Joining forces with the Black Widow, Captain America struggles to expose the ever-widening conspiracy while fighting off professional assassins sent to silence him at every turn. When the full scope of the villainous plot is revealed, Captain America and the Black Widow enlist the help of a new ally, the Falcon. However, they soon find themselves up against an unexpected and formidable enemy—the Winter Soldier.",False,en,10.2832,2014-03-20,7.656,20082
1523345,Against All Odds,营救飞虎,"During the 1944 Japanese occupation of Hong Kong, a Communist-led guerrilla squad and an undercover operative must unite their conflicting missions to rescue a downed Flying Tigers pilot, James, successfully breaking through an intense Japanese siege to secure his escape.",False,zh,0.9556,2025-09-03,7.2,4
12445,Harry Potter and the Deathly Hallows: Part 2,Harry Potter and the Deathly Hallows: Part 2,"Harry, Ron and Hermione continue their quest to vanquish the evil Voldemort once and for all. Just as things begin to look hopeless for the young wizards, Harry discovers a trio of magical objects that endow him with powers to rival Voldemort's formidable skills.",False,en,23.6093,2011-07-12,8.079,22072
1540635,纪念中国人民抗日战争暨世界反法西斯战争胜利80周年大会,纪念中国人民抗日战争暨世界反法西斯战争胜利80周年大会,,False,zh,0.3775,2025-09-03,7.8,4
128,Princess Mononoke,もののけ姫,"Ashitaka, a prince of the disappearing Emishi people, is cursed by a demonized boar god and must journey to the west to find a cure. Along the way, he encounters San, a young human woman fighting to protect the forest, and Lady Eboshi, who is trying to destroy it. Ashitaka must find a way to bring balance to this conflict.",False,ja,18.3659,1997-07-12,8.3,9061
1724560,Unwind,Unwind,"An overworked, broke student dealing with pressure of school, a brutal job, and family financial issues stumbles across an drug which claims to cure all of his stress. The pill successfully gets rid of all his stress, but by permanently rewriting his brain to remove all emotions and personality, until he turns to murder and arson to remain himself in peace.",False,en,0.0286,,0.0,0
1536501,Untitled KPop Demon Hunters Sequel,Untitled KPop Demon Hunters Sequel,The second installment in the franchise. Plot TBA.,False,en,0.8992,,0.0,0
1476278,Method Hero,Method Hero,"To nail his superhero role, an actor tries to live like a real hero—only to realize that saving the day isn’t as easy as it seems.",False,en,0.0481,2025-06-01,0.0,0
1459233,Violet,Violet,"Amid the colorful Panagbenga Festival, a young woman embarks on a journey of self-discovery, navigating first love, desire, and the awakening of her sexuality. Through passion and innocence, she learns how love and intimacy shape her path to adulthood.",False,tl,2.5073,2025-04-15,6.4,10
1456028,Umwelt,움벨트,"Terrarium artist Yuna is deeply immersed in preparing for her upcoming exhibition. While visiting botanist Sol's laboratory, she is captivated by a chimeric plant that Sol has created. She secretly takes it and places it in her terrarium, only to confront long-buried childhood memories.",False,ko,0.1909,2025-05-06,0.0,0
1449928,Pelli Kaani Prasad,Pelli Kaani Prasad,"A son's marriage aspirations collide with his father's traditional dowry expectations, leading to a journey of spiritual guidance and family reconciliation.",False,te,0.2395,2025-03-21,3.0,2
1339485,The Killer Goldfish,THE KILLER GOLDFISH,"A paranormal investigator is caught up in an unusual criminal revenge case – the guilty one is always a goldfish. One death follows another, always different and very violent. The causes lie far back in human history.",False,ja,0.7341,2025-05-02,6.0,1
1322218,Mononoke the Movie: Chapter II - The Ashes of Rage,劇場版モノノ怪 第二章 火鼠,"The Medicine Seller returns as the Edo harem faces a new crisis, with family feuds, inner turmoil and fiery envy igniting the birth of a raging spirit.",False,ja,2.2417,2025-03-14,7.217,30
1319968,Millers in Marriage,Millers in Marriage,"Eve Miller, a former indie rock singer, struggles with her toxic marriage while growing attracted to a music journalist. Her sister Maggie, a bestselling author, faces marital discord as her career overshadows her husband's.",False,en,1.2812,2024-09-06,6.1,22
1302004,Kaskasero,Kaskasero,"A talented mechanic and driver, Migs quickly finds success when a customer he likes, Gabbi, leads him into the life of street car racing. But as he goes along this life and learns of Gabbi’s past, Migs makes rash decisions that might put the brakes on their relationship.",False,tl,1.7416,2024-07-26,6.0,7
1296504,Stand Your Ground,Stand Your Ground,"Former Special Forces operative, Jack Johnson, uses the Stand Your Ground law to seek vengeance for his wife’s murder, igniting a brutal war against a local crime lord’s family and ending in an explosive showdown.",False,en,2.4843,2025-05-09,4.472,71
1276073,Bullet Train Explosion,新幹線大爆破,"When panic erupts on a Tokyo-bound bullet train that will explode if it slows below 100 kph, authorities race against time to save everyone on board.",False,ja,3.0187,2025-04-23,6.9,325
1255788,The Gardener,Le Jardinier,"Every year the Prime Minister has a list of all kinds of troublemakers eliminated in the name of the famous Reason of State. Serge Shuster, Special Adviser to the President of the Republic, finds himself on this list, better known as the Matignon List.  Condemned to certain death and at the heart of an implacable plot and a state secret that also put his family in danger, Serge, his wife and children have only one hope left - their gardener, Léo, who hates it when « slugs » invade his garden... Especially those that want to kill innocent families.",False,fr,3.1852,2025-01-30,6.081,191
1252896,Lady Scorpions,Lady Scorpions,"An ex-FBI agent's fight against a crime syndicate becomes personal when they kidnap her granddaughter. She and her daughter, both martial arts masters, form an unstoppable team. Together, they outmaneuver and defeat the syndicate's henchmen in a calculated game of cat and mouse, on a relentless mission to save her and topple the criminal empire.",False,en,0.7847,2024-08-23,5.8,22
1235499,The Last Showgirl,The Last Showgirl,"When the glittering Las Vegas revue she has headlined for decades announces it will soon close, a glamorous showgirl must reconcile with the decisions she’s made and the community she has built as she plans her next act.",False,en,1.9125,2024-12-13,6.42,287
1182978,Ilu Ilu 1998,सिटी हॉल १९९८,A teenage boy develops romantic feelings for his new English teacher but vying for her love doesn't come without consequences.,False,mr,0.3698,2025-01-31,0.0,0
1175542,The Painting,Le tableau,"Utilising the Alexeïeff-Parker pinscreen technique, this visually poetic non-narrative film revisits Diego Vélasquez’s 1652 portrait of Queen Mariana of Austria with genuine feeling.",False,en,0.2441,2025-04-14,0.0,0
1128546,Barron's Cove,Barron's Cove,"When his young son is viciously murdered by a classmate, a grieving father with a history of violence kidnaps the child responsible, igniting a frenzied manhunt fueled by a powerful politician -- the father of the kidnapped boy.",False,en,1.8568,2025-06-06,7.045,56
1125510,The Platform 2,El hoyo 2,"After a mysterious leader imposes his law in a brutal system of vertical cells, a new arrival battles against a dubious food distribution method.",False,es,5.1203,2024-09-27,5.558,1438
1119878,Ice Road: Vengeance,Ice Road: Vengeance,"Big rig ice road driver Mike McCann travels to Nepal to scatter his late brother’s ashes on Mt. Everest. While on a packed tour bus traversing the deadly 12,000 ft. terrain of the infamous Road to the Sky, McCann and his mountain guide encounter a group of mercenaries and must fight to save themselves, the busload of innocent travelers, and the local villagers’ homeland.",False,en,8.86,2025-06-27,6.243,637
1116465,A Legend,传说,An archeologist noticed that the texture of the relics discovered during the excavation of a glacier closely resembled a jade pendant seen in one of his dreams. He and his team then embark on an expedition into the depths of the glacier.,False,zh,6.0328,2024-07-05,6.825,160
1047373,The Silent Hour,The Silent Hour,"While working a case as an interpreter, a hearing-impaired police detective must confront a group of criminals trying to eliminate a deaf murder witness in her apartment building.",False,en,2.0035,2024-10-03,6.412,279
846422,The Old Guard 2,The Old Guard 2,Andy and her team of immortal warriors fight with renewed purpose as they face a powerful new foe threatening their mission to protect humanity.,False,en,5.5182,2025-07-01,5.91,984
710258,Rust,Rust,"Infamous outlaw Harland Rust breaks his estranged grandson Lucas out of prison, after Lucas is convicted to hang for an accidental murder. The two must outrun legendary U.S Marshal Wood Helm and bounty hunter Fenton ""Preacher"" Lang who are hot on their tails. Deeply buried secrets rise from the ashes and an unexpected familial bond begins to form as the mismatched duo tries to survive the merciless American Frontier.",False,en,2.4788,2025-05-01,6.671,178
843,In the Mood for Love,花樣年華,"In 1960s Hong Kong, two neighbors form an intimate bond after making a discovery about their spouses in this visually stunning tale of unrequited love.",False,cn,13.476,2000-09-29,8.1,3278
741596,Atonement,阿龍,"Single father Lung (Ronald CHENG) and his daughter Ying (FU Shun Ying) are each other’s only dependence. Despite the huge debt left by his ex-wife, Lung believes in good karma for good people, until he loses his beloved daughter in a kidnap while travelling in Thailand.  Lung abandons all his faith. He marries a Thai Chinese, Lan (Chrissie CHAU) and starts a new life in Thailand, but he never leaves the past behind. All these years he has been gathering information of the kidnap gang, and vows to take justice into his own hands at any cost…",False,cn,0.7407,2025-08-30,5.4,5
1394398,Short Summer,Short Summer,"Katya, 8 years old, spends the summer with her grandparents in the countryside. Time stands still, adults remain silent, and a war in the background destroys lives. Meanwhile, kids are growing up and the clouds are flying.",False,ru,0.2475,2025-08-30,0.0,0
1687294,柚乃りか　肉感接写,柚乃りか　肉感接写,2025 release,False,ja,0.0389,2025-08-29,0.0,0
1276073,Bullet Train Explosion,新幹線大爆破,"When panic erupts on a Tokyo-bound bullet train that will explode if it slows below 100 kph, authorities race against time to save everyone on board.",False,ja,3.0187,2025-04-23,6.9,325
1255788,The Gardener,Le Jardinier,"Every year the Prime Minister has a list of all kinds of troublemakers eliminated in the name of the famous Reason of State. Serge Shuster, Special Adviser to the President of the Republic, finds himself on this list, better known as the Matignon List.  Condemned to certain death and at the heart of an implacable plot and a state secret that also put his family in danger, Serge, his wife and children have only one hope left - their gardener, Léo, who hates it when « slugs » invade his garden... Especially those that want to kill innocent families.",False,fr,3.1852,2025-01-30,6.081,191
1252896,Lady Scorpions,Lady Scorpions,"An ex-FBI agent's fight against a crime syndicate becomes personal when they kidnap her granddaughter. She and her daughter, both martial arts masters, form an unstoppable team. Together, they outmaneuver and defeat the syndicate's henchmen in a calculated game of cat and mouse, on a relentless mission to save her and topple the criminal empire.",False,en,0.7847,2024-08-23,5.8,22
1235499,The Last Showgirl,The Last Showgirl,"When the glittering Las Vegas revue she has headlined for decades announces it will soon close, a glamorous showgirl must reconcile with the decisions she’s made and the community she has built as she plans her next act.",False,en,1.9125,2024-12-13,6.42,287
1182978,Ilu Ilu 1998,सिटी हॉल १९९८,A teenage boy develops romantic feelings for his new English teacher but vying for her love doesn't come without consequences.,False,mr,0.3698,2025-01-31,0.0,0
1175542,The Painting,Le tableau,"Utilising the Alexeïeff-Parker pinscreen technique, this visually poetic non-narrative film revisits Diego Vélasquez’s 1652 portrait of Queen Mariana of Austria with genuine feeling.",False,en,0.2441,2025-04-14,0.0,0
1128546,Barron's Cove,Barron's Cove,"When his young son is viciously murdered by a classmate, a grieving father with a history of violence kidnaps the child responsible, igniting a frenzied manhunt fueled by a powerful politician -- the father of the kidnapped boy.",False,en,1.8568,2025-06-06,7.045,56
1125510,The Platform 2,El hoyo 2,"After a mysterious leader imposes his law in a brutal system of vertical cells, a new arrival battles against a dubious food distribution method.",False,es,5.1203,2024-09-27,5.558,1438
1119878,Ice Road: Vengeance,Ice Road: Vengeance,"Big rig ice road driver Mike McCann travels to Nepal to scatter his late brother’s ashes on Mt. Everest. While on a packed tour bus traversing the deadly 12,000 ft. terrain of the infamous Road to the Sky, McCann and his mountain guide encounter a group of mercenaries and must fight to save themselves, the busload of innocent travelers, and the local villagers’ homeland.",False,en,8.86,2025-06-27,6.243,637
1116465,A Legend,传说,An archeologist noticed that the texture of the relics discovered during the excavation of a glacier closely resembled a jade pendant seen in one of his dreams. He and his team then embark on an expedition into the depths of the glacier.,False,zh,6.0328,2024-07-05,6.825,160
1047373,The Silent Hour,The Silent Hour,"While working a case as an interpreter, a hearing-impaired police detective must confront a group of criminals trying to eliminate a deaf murder witness in her apartment building.",False,en,2.0035,2024-10-03,6.412,279
846422,The Old Guard 2,The Old Guard 2,Andy and her team of immortal warriors fight with renewed purpose as they face a powerful new foe threatening their mission to protect humanity.,False,en,5.5182,2025-07-01,5.91,984
710258,Rust,Rust,"Infamous outlaw Harland Rust breaks his estranged grandson Lucas out of prison, after Lucas is convicted to hang for an accidental murder. The two must outrun legendary U.S Marshal Wood Helm and bounty hunter Fenton ""Preacher"" Lang who are hot on their tails. Deeply buried secrets rise from the ashes and an unexpected familial bond begins to form as the mismatched duo tries to survive the merciless American Frontier.",False,en,2.4788,2025-05-01,6.671,178
741596,Atonement,阿龍,"Single father Lung (Ronald CHENG) and his daughter Ying (FU Shun Ying) are each other’s only dependence. Despite the huge debt left by his ex-wife, Lung believes in good karma for good people, until he loses his beloved daughter in a kidnap while travelling in Thailand.  Lung abandons all his faith. He marries a Thai Chinese, Lan (Chrissie CHAU) and starts a new life in Thailand, but he never leaves the past behind. All these years he has been gathering information of the kidnap gang, and vows to take justice into his own hands at any cost…",False,cn,0.7407,2025-08-30,5.4,5
1394398,Short Summer,Short Summer,"Katya, 8 years old, spends the summer with her grandparents in the countryside. Time stands still, adults remain silent, and a war in the background destroys lives. Meanwhile, kids are growing up and the clouds are flying.",False,ru,0.2475,2025-08-30,0.0,0
1687294,柚乃りか　肉感接写,柚乃りか　肉感接写,2025 release,False,ja,0.0389,2025-08-29,0.0,0
1409733,Fish Flew Away,轻于鸿毛,"Mr. Zhong passed away suddenly. He left behind only one small problem. The small courtyard where his ex-wife Li Yu lived was left to her by Mr. Zhong when they divorced. The transfer procedures were not completed. Now, his current wife Shen Qing has become the legal heir. The two began a dispute of emotion and law.",False,zh,0.6336,2025-08-29,7.2,4
1043766,A Little Prayer,A Little Prayer,A loving father grapples with how to protect his daughter-in-law when he discovers that his son is having an affair in a sensitive and searching portrait of a Southern family.,False,en,0.8373,2025-08-29,5.444,9
1509675,Secret of a Mountain Serpent,"साँप, सपने, तुम और मैं","In a 1990s Himalayan town, teacher Barkha, whose husband serves at the border, develops feelings for enigmatic newcomer Manik amid a community of waiting women where silence and local myths prevail.",False,hi,0.4059,2025-08-28,0.0,0
1522496,Food Truck: Stolen Love... and Moo Deng,ฟู้ดทรัค ลัก (รัก) หมูเด้ง,"When a child sneaks onto their food truck looking for his father, three friends go on a wild road trip, running into police, monks — and a famous hippo.",False,th,3.3619,2025-08-28,5.8,6
1328580,Death Cycle,Death Cycle,"After the death of her sister, a woman is visited by a man looking to solve a series of murders by a motorcycle riding maniac. As their shared fear escalates, the killer's rampage continues in the city, leaving them both questioning who the real monster is.",False,en,0.702,2025-08-24,4.0,1
1515395,LEGO Disney Princess: Villains Unite,LEGO Disney Princess: Villains Unite,"After Ariel, Moana, Tiana, Rapunzel, and Snow White thwarted Gaston's plan to take over all of their kingdoms, he calls upon Ursula, Jafar, and the Evil Queen to help take the Princesses down once and for all. The Princesses learn about Gaston's scheme and recruit a few friends of their own with the help of Magic Mirror: Aurora, Belle, and Cinderella! Together, the Princesses team up for an ultimate showdown of good versus evil.",False,en,1.8531,2025-08-24,7.176,17
447332,A Quiet Place,A Quiet Place,A family is forced to live in silence while hiding from creatures that hunt by sound.,False,en,27.8467,2018-04-03,7.393,15415
1659545,Beware the Box Folk,Beware the Box Folk,A renegade reporter uncovers a cardboard-laced conspiracy while pursuing a deadly political scandal connected to the local sanitation strike.,False,en,0.3627,,0.0,0
1511793,You're Dead to Me,You're Dead to Me,"The Film focuses on a group of high school seniors grappling with the reality of moving away to college. As if senior year couldn't be stressful enough, there is also a serial killer on the loose.",False,en,1.165,2025-08-22,0.0,0
1264573,Lurker,Lurker,"When a twenty-something retail clerk encounters a rising pop star, he takes the opportunity to edge his way into the in-crowd. But as the line between friend and fan blurs beyond recognition, access and proximity become a matter of life and death.",False,en,1.46,2025-08-22,6.5,56
1523667,69,69,"Five lives. One city. In the heart of Manila, their stories intertwine through desire, heartbreak, and the rawness of life.",False,tl,4.3703,2025-08-22,6.6,7
493922,Hereditary,Hereditary,"Following the death of the Leigh family matriarch, Annie and her children uncover disturbing secrets about their heritage. Their daily lives are not only impacted, but they also become entangled in a chilling fate from which they cannot escape, driving them to the brink of madness.",False,en,27.0966,2018-06-07,7.294,8654
284052,Doctor Strange,Doctor Strange,"After his career is destroyed, a brilliant but arrogant surgeon gets a new lease on life when a sorcerer takes him under her wing and trains him to defend the world against evil.",False,en,14.0833,2016-10-25,7.422,23508
165,Back to the Future Part II,Back to the Future Part II,"Marty and Doc are at it again as the time-traveling duo head to 2015 to nip some McFly family woes in the bud. But things go awry thanks to bully Biff Tannen and a pesky sports almanac. In a last-ditch attempt to set things straight, Marty finds himself bound for 1955 and face to face with his teenage parents -- again.",False,en,9.0048,1989-11-22,7.782,14003
1537575,Mensch Mutti!,Mensch Mutti!,,False,de,0.2173,2025-08-22,6.0,1
1468057,GATAO: Big Brothers,角頭－鬥陣欸,"Michael and his right-hand man Scorpion, who find themselves embroiled in their father Ko's turf war against rival gangs in Taipei, setting off a conflict between old and new generations of gangsters. The film is the latest installment in the Gatao franchise, following the narrative of a young successor trying to expand his power while navigating the volatile underworld.",False,zh,6.0325,2025-08-21,6.25,12
524047,Greenland,Greenland,"John Garrity, his estranged wife and their young son embark on a perilous journey to find sanctuary as a planet-killing comet hurtles toward Earth. Amid terrifying accounts of cities getting levelled, the Garritys experience the best and worst in humanity. As the countdown to the global apocalypse approaches zero, their incredible trek culminates in a desperate and last-minute flight to a possible safe haven.",False,en,27.2233,2020-07-29,7.129,5366
1462778,Whites Wash at Ninety,Belo se pere na devetdeset,"Life of young Bronja, living in the '70s changed when her mother dies of cancer. After a childhood marked by the loss of her mother, her grown up life is again interrupted by a series of tragic events, which she overcomes with positivism.",False,sl,0.4885,2025-08-21,8.0,1
8587,The Lion King,The Lion King,"Young lion prince Simba, eager to one day become king of the Pride Lands, grows up under the watchful eye of his father Mufasa; all the while his villainous uncle Scar conspires to take the throne for himself. Amid betrayal and tragedy, Simba must confront his past and find his rightful place in the Circle of Life.",False,en,26.5504,1994-06-15,8.253,19780
1312946,The Map That Leads to You,The Map That Leads to You,"Heather is a young woman traveling Europe with friends before starting her perfectly planned life. A chance meeting with Jack sparks an unexpected romance that leads to deep emotional discovery. As secrets and life choices test their bond, her path changes forever.",False,en,5.1734,2025-08-19,6.595,325
1240002,Querido Mundo,Querido Mundo,,False,pt,0.328,2025-08-18,0.0,0
2024,The Patriot,The Patriot,"After proving himself on the field of battle in the French and Indian War, Benjamin Martin wants nothing more to do with such things, preferring the simple life of a farmer. But when his son Gabriel enlists in the army to defend their new nation, America, against the British, Benjamin reluctantly returns to his old life to protect his son.",False,en,10.5697,2000-06-28,7.206,4359
6977,No Country for Old Men,No Country for Old Men,"Llewelyn Moss stumbles upon dead bodies, $2 million and a hoard of heroin in a Texas desert, but methodical killer Anton Chigurh comes looking for it, with local sheriff Ed Tom Bell hot on his trail. The roles of prey and predator blur as the violent pursuit of money and justice collide.",False,en,30.1379,2007-11-09,7.95,13405
1507796,On the Sea,On the Sea,"Jack has been married to Maggie for over half his life. He works as a Hand Raker on the mussel beds in North Wales alongside his younger brother, Dyfan, and Dyfan’s three sons. Jack has always assumed that his own boy, Tom, will join the family business on leaving school but Tom’s resistance to follow in his footsteps creates familial tension. Tensions are further inflamed by the arrival of an itinerant deckhand, Daniel, who makes known his feelings for Jack. In this remote, rural community where life revolves around Church and fishery, Jack is faced with an impossible dilemma. On The Sea is a beautiful, sensual and at times, tragic exploration of masculinity, place and desire.",False,en,1.9968,2025-08-16,6.0,1
1264573,Lurker,Lurker,"When a twenty-something retail clerk encounters a rising pop star, he takes the opportunity to edge his way into the in-crowd. But as the line between friend and fan blurs beyond recognition, access and proximity become a matter of life and death.",False,en,1.46,2025-08-22,6.5,56
1523667,69,69,"Five lives. One city. In the heart of Manila, their stories intertwine through desire, heartbreak, and the rawness of life.",False,tl,4.3703,2025-08-22,6.6,7
493922,Hereditary,Hereditary,"Following the death of the Leigh family matriarch, Annie and her children uncover disturbing secrets about their heritage. Their daily lives are not only impacted, but they also become entangled in a chilling fate from which they cannot escape, driving them to the brink of madness.",False,en,27.0966,2018-06-07,7.294,8654
284052,Doctor Strange,Doctor Strange,"After his career is destroyed, a brilliant but arrogant surgeon gets a new lease on life when a sorcerer takes him under her wing and trains him to defend the world against evil.",False,en,14.0833,2016-10-25,7.422,23508
165,Back to the Future Part II,Back to the Future Part II,"Marty and Doc are at it again as the time-traveling duo head to 2015 to nip some McFly family woes in the bud. But things go awry thanks to bully Biff Tannen and a pesky sports almanac. In a last-ditch attempt to set things straight, Marty finds himself bound for 1955 and face to face with his teenage parents -- again.",False,en,9.0048,1989-11-22,7.782,14003
1537575,Mensch Mutti!,Mensch Mutti!,,False,de,0.2173,2025-08-22,6.0,1
1468057,GATAO: Big Brothers,角頭－鬥陣欸,"Michael and his right-hand man Scorpion, who find themselves embroiled in their father Ko's turf war against rival gangs in Taipei, setting off a conflict between old and new generations of gangsters. The film is the latest installment in the Gatao franchise, following the narrative of a young successor trying to expand his power while navigating the volatile underworld.",False,zh,6.0325,2025-08-21,6.25,12
524047,Greenland,Greenland,"John Garrity, his estranged wife and their young son embark on a perilous journey to find sanctuary as a planet-killing comet hurtles toward Earth. Amid terrifying accounts of cities getting levelled, the Garritys experience the best and worst in humanity. As the countdown to the global apocalypse approaches zero, their incredible trek culminates in a desperate and last-minute flight to a possible safe haven.",False,en,27.2233,2020-07-29,7.129,5366
1462778,Whites Wash at Ninety,Belo se pere na devetdeset,"Life of young Bronja, living in the '70s changed when her mother dies of cancer. After a childhood marked by the loss of her mother, her grown up life is again interrupted by a series of tragic events, which she overcomes with positivism.",False,sl,0.4885,2025-08-21,8.0,1
8587,The Lion King,The Lion King,"Young lion prince Simba, eager to one day become king of the Pride Lands, grows up under the watchful eye of his father Mufasa; all the while his villainous uncle Scar conspires to take the throne for himself. Amid betrayal and tragedy, Simba must confront his past and find his rightful place in the Circle of Life.",False,en,26.5504,1994-06-15,8.253,19780
1312946,The Map That Leads to You,The Map That Leads to You,"Heather is a young woman traveling Europe with friends before starting her perfectly planned life. A chance meeting with Jack sparks an unexpected romance that leads to deep emotional discovery. As secrets and life choices test their bond, her path changes forever.",False,en,5.1734,2025-08-19,6.595,325
1240002,Querido Mundo,Querido Mundo,,False,pt,0.328,2025-08-18,0.0,0
2024,The Patriot,The Patriot,"After proving himself on the field of battle in the French and Indian War, Benjamin Martin wants nothing more to do with such things, preferring the simple life of a farmer. But when his son Gabriel enlists in the army to defend their new nation, America, against the British, Benjamin reluctantly returns to his old life to protect his son.",False,en,10.5697,2000-06-28,7.206,4359
6977,No Country for Old Men,No Country for Old Men,"Llewelyn Moss stumbles upon dead bodies, $2 million and a hoard of heroin in a Texas desert, but methodical killer Anton Chigurh comes looking for it, with local sheriff Ed Tom Bell hot on his trail. The roles of prey and predator blur as the violent pursuit of money and justice collide.",False,en,30.1379,2007-11-09,7.95,13405
1507796,On the Sea,On the Sea,"Jack has been married to Maggie for over half his life. He works as a Hand Raker on the mussel beds in North Wales alongside his younger brother, Dyfan, and Dyfan’s three sons. Jack has always assumed that his own boy, Tom, will join the family business on leaving school but Tom’s resistance to follow in his footsteps creates familial tension. Tensions are further inflamed by the arrival of an itinerant deckhand, Daniel, who makes known his feelings for Jack. In this remote, rural community where life revolves around Church and fishery, Jack is faced with an impossible dilemma. On The Sea is a beautiful, sensual and at times, tragic exploration of masculinity, place and desire.",False,en,1.9968,2025-08-16,6.0,1
1419053,ChaO,ChaO,"In a futuristic world where humans and mermaids coexist, the life of mild-mannered office worker Stephan is upended when he is suddenly proposed to by Chao — a princess from the mermaid kingdom. With no time to make sense of what's happening, Stephan soon finds himself living with the unpredictable, wholehearted Chao, and her sincere love begins to break down his emotional barriers.",False,ja,3.4166,2025-08-15,7.357,7
1254624,Night Always Comes,Night Always Comes,"Facing eviction in a city her family can no longer afford, a woman plunges into a desperate and increasingly dangerous all-night search to raise $25,000.",False,en,1.978,2025-08-15,6.1,276
330459,Rogue One: A Star Wars Story,Rogue One: A Star Wars Story,A rogue band of resistance fighters unite for a mission to steal the Death Star plans and bring a new hope to the galaxy.,False,en,9.4248,2016-12-14,7.509,16476
1107325,Witchboard,Witchboard,"A cursed Witchboard awakens dark forces, dragging a young couple into a deadly game of possession, deception, and supernatural terror in New Orleans.",False,en,2.7528,2025-08-14,5.811,74
135397,Jurassic World,Jurassic World,"Twenty-two years after the events of Jurassic Park, Isla Nublar now features a fully functioning dinosaur theme park, Jurassic World, as originally envisioned by John Hammond.",False,en,14.5102,2015-06-06,6.702,21641
1264573,Lurker,Lurker,"When a twenty-something retail clerk encounters a rising pop star, he takes the opportunity to edge his way into the in-crowd. But as the line between friend and fan blurs beyond recognition, access and proximity become a matter of life and death.",False,en,1.46,2025-08-22,6.5,56
1523667,69,69,"Five lives. One city. In the heart of Manila, their stories intertwine through desire, heartbreak, and the rawness of life.",False,tl,4.3703,2025-08-22,6.6,7
493922,Hereditary,Hereditary,"Following the death of the Leigh family matriarch, Annie and her children uncover disturbing secrets about their heritage. Their daily lives are not only impacted, but they also become entangled in a chilling fate from which they cannot escape, driving them to the brink of madness.",False,en,27.0966,2018-06-07,7.294,8654
284052,Doctor Strange,Doctor Strange,"After his career is destroyed, a brilliant but arrogant surgeon gets a new lease on life when a sorcerer takes him under her wing and trains him to defend the world against evil.",False,en,14.0833,2016-10-25,7.422,23508
165,Back to the Future Part II,Back to the Future Part II,"Marty and Doc are at it again as the time-traveling duo head to 2015 to nip some McFly family woes in the bud. But things go awry thanks to bully Biff Tannen and a pesky sports almanac. In a last-ditch attempt to set things straight, Marty finds himself bound for 1955 and face to face with his teenage parents -- again.",False,en,9.0048,1989-11-22,7.782,14003
1537575,Mensch Mutti!,Mensch Mutti!,,False,de,0.2173,2025-08-22,6.0,1
1468057,GATAO: Big Brothers,角頭－鬥陣欸,"Michael and his right-hand man Scorpion, who find themselves embroiled in their father Ko's turf war against rival gangs in Taipei, setting off a conflict between old and new generations of gangsters. The film is the latest installment in the Gatao franchise, following the narrative of a young successor trying to expand his power while navigating the volatile underworld.",False,zh,6.0325,2025-08-21,6.25,12
524047,Greenland,Greenland,"John Garrity, his estranged wife and their young son embark on a perilous journey to find sanctuary as a planet-killing comet hurtles toward Earth. Amid terrifying accounts of cities getting levelled, the Garritys experience the best and worst in humanity. As the countdown to the global apocalypse approaches zero, their incredible trek culminates in a desperate and last-minute flight to a possible safe haven.",False,en,27.2233,2020-07-29,7.129,5366
1462778,Whites Wash at Ninety,Belo se pere na devetdeset,"Life of young Bronja, living in the '70s changed when her mother dies of cancer. After a childhood marked by the loss of her mother, her grown up life is again interrupted by a series of tragic events, which she overcomes with positivism.",False,sl,0.4885,2025-08-21,8.0,1
8587,The Lion King,The Lion King,"Young lion prince Simba, eager to one day become king of the Pride Lands, grows up under the watchful eye of his father Mufasa; all the while his villainous uncle Scar conspires to take the throne for himself. Amid betrayal and tragedy, Simba must confront his past and find his rightful place in the Circle of Life.",False,en,26.5504,1994-06-15,8.253,19780
1312946,The Map That Leads to You,The Map That Leads to You,"Heather is a young woman traveling Europe with friends before starting her perfectly planned life. A chance meeting with Jack sparks an unexpected romance that leads to deep emotional discovery. As secrets and life choices test their bond, her path changes forever.",False,en,5.1734,2025-08-19,6.595,325
1240002,Querido Mundo,Querido Mundo,,False,pt,0.328,2025-08-18,0.0,0
2024,The Patriot,The Patriot,"After proving himself on the field of battle in the French and Indian War, Benjamin Martin wants nothing more to do with such things, preferring the simple life of a farmer. But when his son Gabriel enlists in the army to defend their new nation, America, against the British, Benjamin reluctantly returns to his old life to protect his son.",False,en,10.5697,2000-06-28,7.206,4359
6977,No Country for Old Men,No Country for Old Men,"Llewelyn Moss stumbles upon dead bodies, $2 million and a hoard of heroin in a Texas desert, but methodical killer Anton Chigurh comes looking for it, with local sheriff Ed Tom Bell hot on his trail. The roles of prey and predator blur as the violent pursuit of money and justice collide.",False,en,30.1379,2007-11-09,7.95,13405
1507796,On the Sea,On the Sea,"Jack has been married to Maggie for over half his life. He works as a Hand Raker on the mussel beds in North Wales alongside his younger brother, Dyfan, and Dyfan’s three sons. Jack has always assumed that his own boy, Tom, will join the family business on leaving school but Tom’s resistance to follow in his footsteps creates familial tension. Tensions are further inflamed by the arrival of an itinerant deckhand, Daniel, who makes known his feelings for Jack. In this remote, rural community where life revolves around Church and fishery, Jack is faced with an impossible dilemma. On The Sea is a beautiful, sensual and at times, tragic exploration of masculinity, place and desire.",False,en,1.9968,2025-08-16,6.0,1
1419053,ChaO,ChaO,"In a futuristic world where humans and mermaids coexist, the life of mild-mannered office worker Stephan is upended when he is suddenly proposed to by Chao — a princess from the mermaid kingdom. With no time to make sense of what's happening, Stephan soon finds himself living with the unpredictable, wholehearted Chao, and her sincere love begins to break down his emotional barriers.",False,ja,3.4166,2025-08-15,7.357,7
1254624,Night Always Comes,Night Always Comes,"Facing eviction in a city her family can no longer afford, a woman plunges into a desperate and increasingly dangerous all-night search to raise $25,000.",False,en,1.978,2025-08-15,6.1,276
330459,Rogue One: A Star Wars Story,Rogue One: A Star Wars Story,A rogue band of resistance fighters unite for a mission to steal the Death Star plans and bring a new hope to the galaxy.,False,en,9.4248,2016-12-14,7.509,16476
1107325,Witchboard,Witchboard,"A cursed Witchboard awakens dark forces, dragging a young couple into a deadly game of possession, deception, and supernatural terror in New Orleans.",False,en,2.7528,2025-08-14,5.811,74
324852,Despicable Me 3,Despicable Me 3,Gru and his wife Lucy must stop former '80s child star Balthazar Bratt from achieving world domination.,False,en,12.0509,2017-06-15,6.469,7658
1895,Star Wars: Episode III - Revenge of the Sith,Star Wars: Episode III - Revenge of the Sith,"When the sinister Sith unveil a thousand-year-old plot to rule the galaxy, the Republic crumbles and from its ashes rises the evil Galactic Empire. Jedi hero Anakin Skywalker must choose a side.",False,en,10.542,2005-05-17,7.469,15015
986206,Night Carnage,Night Carnage,A blogger who is also a werewolf meets a dashing playboy with a dark secret of his own. Starring Logan Andrews and Christian Howard.,False,fr,4.3269,2025-07-29,6.0,63
12092,Alice in Wonderland,Alice in Wonderland,"On a golden afternoon, wildly curious young Alice tumbles into the burrow and enters the merry, madcap world of Wonderland full of whimsical escapades.",False,en,10.0659,1951-08-09,7.2,6299
269149,Zootopia,Zootopia,"Determined to prove herself, Officer Judy Hopps, the first bunny on Zootopia's police force, jumps at the chance to crack her first case - even if it means partnering with scam-artist fox Nick Wilde to solve the mystery.",False,en,23.0961,2016-02-11,7.764,18200
1476740,Influencers,Influencers,"In the picturesque landscapes of Southern France, a young woman's chilling fascination with murder and identity theft sends her life into a whirlwind of chaos.",False,en,5.4418,2025-07-26,6.34,106
329865,Arrival,Arrival,"Taking place after alien crafts land around the world, an expert linguist is recruited by the military to determine whether they come in peace or are a threat.",False,en,30.3447,2016-11-10,7.628,19463
242,The Godfather Part III,The Godfather Part III,"In the midst of trying to legitimize his business dealings in 1979 New York and Italy, aging mafia don, Michael Corleone seeks forgiveness for his sins while taking a young protege under his wing.",False,en,27.014,1990-12-25,7.419,6901
1457400,Anything That Moves,Anything That Moves,"Divine sex worker, Liam, bikes through Chicago delivering snacks and pure satisfaction to his love-hungry clients, while a serial killer begins targeting his clients that leaves a trail of blood to his innocent lover's own bed.",False,en,0.7109,2025-07-25,6.0,3
1450684,Stigmatized Properties: Possession,事故物件ゾク 恐い間取り,"Aspiring celebrity Yahiro Kuwata moves to Tokyo and becomes a ""Cursed Property Resident Talent,"" living in haunted locations for TV and social media. As he hops between eerie apartments, an old inn, and a séance-filled share house, he uncovers the dark mysteries hidden within. But his extreme sensitivity to spirits makes him an easy target for relentless supernatural attacks. In one particular cursed property, he stumbles upon an unimaginable horror and a shocking truth that will change everything.",False,ja,1.5378,2025-07-25,6.357,14
1241470,Osiris,Osiris,"Special Forces commandos on a mission are abducted mid-operation by a mysterious spacecraft. Upon waking aboard, they find themselves prey to a relentless alien race in a fight for survival.",False,en,6.8428,2025-07-25,6.135,262
10191,How to Train Your Dragon,How to Train Your Dragon,"As the son of a Viking leader on the cusp of manhood, shy Hiccup Horrendous Haddock III faces a rite of passage: he must kill a dragon to prove his warrior mettle. But after downing a feared dragon, he realizes that he no longer wants to destroy it, and instead befriends the beast – which he names Toothless – much to the chagrin of his warrior father.",False,en,14.1075,2010-03-18,7.861,14435
1458319,How to Train Your Dragon 2,How to Train Your Dragon 2,The second live-action adaptation of the animated trilogy. Plot TBA.,False,en,1.9057,2027-06-10,0.0,0
9502,Kung Fu Panda,Kung Fu Panda,"Chosen by prophecy but doubted by all, Po is an unlikely choice for the mystical title of the Dragon Warrior—a clumsy panda thrust into the world of kung fu as a deadly enemy threatens the Valley of Peace. Under reluctant guidance by Master Shifu and the Furious Five, Po must embrace who he is to unlock the power that no scroll can teach.",False,en,18.7691,2008-06-04,7.327,12711
561,Constantine,Constantine,"John Constantine has literally been to Hell and back. When he teams up with a policewoman to solve the mysterious suicide of her twin sister, their investigation takes them through the world of demons and angels that exists beneath the landscape of contemporary Los Angeles.",False,en,32.1404,2005-02-08,7.179,8240
68718,Django Unchained,Django Unchained,"With the help of a German bounty hunter, a freed slave sets out to rescue his wife from a brutal Mississippi plantation owner.",False,en,15.363,2012-12-25,8.192,28147
14161,2012,2012,"Dr. Adrian Helmsley, part of a worldwide geophysical team investigating the effect on the earth of radiation from unprecedented solar storms, learns that the earth's core is heating up. He warns U.S. President Thomas Wilson that the crust of the earth is becoming unstable and that without proper preparations for saving a fraction of the world's population, the entire race is doomed. Meanwhile, writer Jackson Curtis stumbles on the same information. While the world's leaders race to build ""arks"" to escape the impending cataclysm, Curtis struggles to find a way to save his family. Meanwhile, volcanic eruptions and earthquakes of unprecedented strength wreak havoc around the world.",False,en,28.7597,2009-10-10,5.884,12792
120,The Lord of the Rings: The Fellowship of the Ring,The Lord of the Rings: The Fellowship of the Ring,"Young hobbit Frodo Baggins, after inheriting a mysterious ring from his uncle Bilbo, must leave his home in order to keep it from falling into the hands of its evil creator. Along the way, a fellowship is formed to protect the ringbearer and make sure that the ring arrives at its final destination: Mt. Doom, the only place where it can be destroyed.",False,en,52.4361,2001-12-18,8.436,27750
85,Raiders of the Lost Ark,Raiders of the Lost Ark,"When Dr. Indiana Jones – the tweed-suited professor who just happens to be a celebrated archaeologist – is hired by the government to locate the legendary Ark of the Covenant, he finds himself up against the entire Nazi regime.",False,en,14.9107,1981-06-12,7.925,13707
207703,Kingsman: The Secret Service,Kingsman: The Secret Service,The story of a super-secret spy organization that recruits an unrefined but promising street kid into the agency's ultra-competitive training program just as a global threat emerges from a twisted tech genius.,False,en,13.3001,2015-01-24,7.62,17883
607,Men in Black,Men in Black,"After a police chase with an otherworldly being, a New York City cop is recruited as an agent in a top-secret organization established to monitor and police alien activity on Earth: the Men in Black. Agent K and new recruit Agent J find themselves in the middle of a deadly plot by an intergalactic terrorist who has arrived on Earth to assassinate two ambassadors from opposing galaxies.",False,en,28.2792,1997-07-02,7.225,14907
1893,Star Wars: Episode I - The Phantom Menace,Star Wars: Episode I - The Phantom Menace,"Anakin Skywalker, a young slave strong with the Force, is discovered on Tatooine. Meanwhile, the evil Sith have returned, enacting their plot for revenge against the Jedi.",False,en,20.8219,1999-05-19,6.579,15911
1446056,Junior,జూనియర్,"A free-spirited young man suffocated by his father’s obsessive love escapes to the city in search of freedom, but his carefree attitude soon puts him at odds with his emotionally distant corporate boss. He embarks on a heartwarming journey of redemption and connection discovering the true depth of sacrifice love and the fleeting nature of time.",False,te,7.9541,2025-07-18,4.1,4
151026,How to Seduce Your Teacher,La liceale seduce i professori,"There's a new girl in school, Angela, the Headmaster's neice. Every male will try to seduce her, even her uncle. Meanwhile she will drive the philosophy's teacher mad and her best friend Irma will have a good time with the classmates. Will they get the grades?",False,it,17.8965,1979-08-09,5.2,51
9323,Ghost in the Shell,GHOST IN THE SHELL,"In the year 2029, the barriers of our world have been broken down by the net and by cybernetics, but this brings new vulnerability to humans in the form of brain-hacking. When a highly-wanted hacker known as 'The Puppetmaster' begins involving them in politics, Section 9, a group of cybernetically enhanced cops, are called in to investigate and stop the Puppetmaster.",False,ja,10.2464,1995-11-18,7.9,3909
1269208,Wall to Wall,84제곱미터,"A man who poured his life savings into a new apartment discovers its walls are full of disturbing noises, hostile neighbors and unsettling secrets.",False,ko,1.6664,2025-07-17,6.123,261
972206,Oak,Oak,A group of teenagers dare each other to touch a cursed oak tree which leads to the disappearing of one of the group and another gets a rash on her palm leading to a battle for survival.,False,en,0.9482,2025-07-17,4.7,3
118340,Guardians of the Galaxy,Guardians of the Galaxy,"Light years from Earth, 26 years after being abducted, Peter Quill finds himself the prime target of a manhunt after discovering an orb wanted by Ronan the Accuser.",False,en,9.793,2014-07-30,7.906,29826
1477566,Trainwreck: Balloon Boy,Trainwreck: Balloon Boy,"A homemade flying saucer lifts off, and a 6-year-old boy might be inside. National panic ensues — but what truly happened? This documentary investigates.",False,en,0.6613,2025-07-14,5.816,49
624860,The Matrix Resurrections,The Matrix Resurrections,"Plagued by strange memories, Neo's life takes an unexpected turn when he finds himself back inside the Matrix.",False,en,22.5341,2021-12-16,6.329,6525
1481390,Curious Tales of a Temple,聊斋：兰若寺,"An epic animated fantasy anthology film intertwining six storylines from China's classic supernatural story collection ""Strange Tales from a Chinese Studio"" by Pu Songling. The six stories center on Lanruo Temple, an ancient ruin haunted by spirits. Weaving in classic tales like ""Taoist from Laoshan Mountain,"" ""Princess Lotus,"" ""Nie Xiaoqian,"" ""The Painted Skin"" and ""The Daughter of Magistrate Lu."" These stories — spanning humans, ghosts and demons — explore love, death and morality against shifting time. The film merges six distinct styles into one anthology. For example, ""Taoist from Laoshan Mountain"" uses felt-textured animation, while ""The Painted Skin"" mirrors Song dynasty painting aesthetics.",False,zh,2.2272,2025-07-12,7.5,12
1406607,The Stage,戏台,"During the Republican era, wars and conflicts were frequent. On stage, the ""Overlord"" sings with resounding passion, while below, the absurd spectacle of life unfolds. They must both secure the opera troupe's livelihood and appease the audience in their seats. Once the curtain rises, how should this play be performed?",False,zh,1.3676,2025-07-12,7.261,46
1319972,Don't Let's Go to the Dogs Tonight,Don't Let's Go to the Dogs Tonight,"Eight-year-old Bobo grows up on her family farm in Rhodesia in 1980 during the final days of the Bush War to end British colonial rule. Her eyes see conflict, the family's bond to the land, and the lasting wounds that war imprints on those who live through it.",False,en,0.5559,2025-07-11,6.804,28
1522160,Robot Girlfriend: Revenge,Robot Girlfriend: Revenge,A robot girlfriend begins to have murderous impulses when she discovers feelings of love.,False,en,0.3585,2025-07-11,6.0,1
1130022,Sovereign,Sovereign,"Struggling single father Jerry indoctrinates his son Joe into the sovereign citizen movement, teaching him that laws are mere illusions and freedom is something you take. But, as Jerry’s ideology consumes them, they are set on a collision course with a police chief who has spent his life upholding the rules that Jerry has spent his tearing down.",False,en,2.5783,2025-07-11,6.633,128
1049942,Bambi: The Reckoning,Bambi: The Reckoning,"After a mother and son get in a car wreck, they soon become hunted by Bambi, a mutated grief-stricken deer on a deadly rampage seeking revenge for the death of his mother and wife.",False,en,4.8834,2025-07-11,5.6,176
393,Kill Bill: Vol. 2,Kill Bill: Vol. 2,"The Bride unwaveringly continues on her roaring rampage of revenge against the band of assassins who had tried to kill her and her unborn child. She visits each of her former associates one-by-one, checking off the victims on her Death List Five until there's nothing left to do … but kill Bill.",False,en,9.2718,2004-04-16,7.878,15142
858017,I Saw the TV Glow,I Saw the TV Glow,"In late-90s suburbia, a lonely teenager meets a girl at school who introduces him to a mysterious late-night T.V. show — a vision of a supernatural world pulsing beneath their own. As time goes on, however, questions begin to arise about why the show sometimes seems more real than their own lives. In the pale glow of the television, their view of reality begins to crack.",False,en,6.6365,2024-05-03,6.124,711
391,A Fistful of Dollars,Per un pugno di dollari,"The Man With No Name enters the Mexican village of San Miguel in the midst of a power struggle among the three Rojo brothers and sheriff John Baxter. When a regiment of Mexican soldiers bearing gold intended to pay for new weapons is waylaid by the Rojo brothers, the stranger inserts himself into the middle of the long-simmering battle, selling false information to both sides for his own benefit.",False,it,6.8802,1964-09-12,7.825,4746
346698,Barbie,Barbie,"Barbie and Ken are having the time of their lives in the colorful and seemingly perfect world of Barbie Land. However, when they get a chance to go to the real world, they soon discover the joys and perils of living among humans.",False,en,23.8057,2023-07-19,6.918,11182
345940,The Meg,The Meg,"A deep sea submersible pilot revisits his past fears in the Mariana Trench, and accidentally unleashes the seventy foot ancestor of the Great White Shark believed to be extinct.",False,en,26.2732,2018-08-09,6.249,8227
1708243,Every Type of Orange,Every Type of Orange,"In a distant future -one where AI data centers are flattening orange groves- Rob craves an orange, the final orange, which was taken from beneath his fingertips. He plots to burgle the house of the young man who took this orange from him, but after failing to break in himself, he finds help in the form of another young man, coincidentally burgling the same house.",False,en,0.0831,,0.0,0
1704338,One Month Mark,One Month Mark,She has never made it past a month in a relationship. He has never gone longer than a month without one.,False,en,0.2797,,0.0,0
1696368,It's 10 PM,It's 10 PM,"In the vacant suburbs, a recluse's boundaries are pushed when something knocks on his door.",False,en,0.0822,,0.0,0
1694152,Cassette 2,Cassette 2,"From the creators of Cassette, Demonetized, and Finally Home comes another terrifying found footage horror anthology",False,en,0.6285,,0.0,0
1693053,Deadpool The Musical 1/2,Deadpool The Musical 1/2,"That ""Merc with a Mouth"" just can't. stop. singing. Join the R-rated, NSFW musical mayhem as our singing hero, Deadpool, slays his way through a series of Disney songs and superhero teams, from the X-Men to the Avengers and more, all while piling up a body count that, well, to be honest, we lost count. Including loving parodies of classics like ""You're Welcome (Moana),"" ""Part of Your World (The Little Mermaid), ""Belle (Beauty And The Beast),"" ""A Whole New World (Aladdin),"" and ""I'll Make A Man Out of You (Mulan).",False,en,0.1622,,6.0,1
1691507,Red Notice 2,Red Notice 2,"Red Notice 2 is a planned action-comedy sequel for Netflix, continuing the globe-trotting heist story with stars Dwayne Johnson (John Hartley), Ryan Reynolds (Nolan Booth), and Gal Gadot (The Bishop).",False,en,0.0735,,0.0,0
1690116,Homewrecker,Homewrecker,"During a heart-breaking domestic revelation, three star-crossed Americans are suddenly forced to work together to survive a terrifying unexplained global event that threatens to destroy life as they know it.",False,en,0.7337,,0.0,0
1678855,Embers,Embers,"Once inseparable friends, Henrik and Konrad reconnect decades after Konrad’s mysterious disappearance and uncovers over the course of one evening the secret that tore them apart—and the woman at the center of it.",False,en,1.502,,0.0,0
1671362,The Present Times,The Present Times,Two embittered paparazzi face the consequences of their intrusive profession when confronted by an immoral scheme and an otherworldly presence.,False,en,0.419,,0.0,0
1669274,Hidden Hong Kong,Hidden Hong Kong,"People think they know this pivotal location in Asia, with its nonstop energy and robust history, but Peter Greenberg shows you the Hong Kong you never knew existed. Where the ancient and modern worlds collide and coexist. A place that moves at its own rhythm. A small land, with few stereotypes, and more than a few major surprises, each waiting to be discovered.",False,en,0.0379,,0.0,0
1664980,Dr. Jason III,Dr. Jason III,Sequel of Dr. Jason (2022) and Dr. Jason II - Lights & Shadows (2024).,False,en,0.2792,,0.0,0
1663002,Real Steel 3,Real Steel 3,The final film in the Real Steel trilogy,False,en,0.0916,,0.0,0
1660701,Ball Face,Ball Face,"Life throws curveballs, how you react decides if you make it through. We follow an elementary schoolgirl terrified of sports who survives a chaotic ball game by bouncing a ball off her face. By the end of the game, she’s completely transformed.",False,en,0.1094,,0.0,0
1656885,Bus No. 9,Bus No. 9,"On the last bus ride of sixth grade, three friends scramble to finish overdue homework, survive a legendary water balloon battle, and face the bittersweet reality that growing up might not happen at the same time for everyone.",False,en,0.0143,,0.0,0
1649061,Rehmat,Rehmat,"Follows three interconnected stories in present-day Punjab: a woman hiding a wounded stranger from police, a family coping with a disappearance, and an elderly man who returns from England claiming to be God.",False,pa,0.8759,,0.0,0
1647603,Ono Ghost Market,Ono Ghost Market,Inspired by Asian myths about supernatural bazaars where the living & dead interact. Plot TBA.,False,en,3.9239,2028-03-10,0.0,0
1647601,"Monsters, Inc. 3","Monsters, Inc. 3","The third installment in the Monsters, Inc. franchise. Plot TBA",False,en,0.4286,,0.0,0
1634124,Nutmeg & Mistletoe,Nutmeg & Mistletoe,"Follows Alma, a young girl who writes to Santa asking for help after her town loses Christmas spirit. Two misfit elves are sent undercover as humans to help restore the town's holiday joy.",False,en,1.2918,,0.0,0
1626625,I Stared The Devil In The Eye,I Stared The Devil In The Eye,2nd feature film by Devin Noonan,False,en,0.3386,,8.857,7
1625851,Running Off to the Circus: Paul Auster on Film,Running Off to the Circus: Paul Auster on Film,"Running Off to the Circus: Paul Auster on Film is a career-spanning feature-length interview with the legendary author and director. In Part 1 Auster passionately discusses the formative movies that made him a cinephile, while Part 2 is a fascinating look at his career as a filmmaker, from Smoke to The Inner Life of Martin Frost and beyond.",False,en,0.1087,,0.0,0
1625381,Heart Eyes 2,Heart Eyes 2,The sequel to the 2025 film. Plot TBA.,False,en,3.6213,2028-02-10,0.0,0
1625343,NCT 127 3rd Tour: Neo City - The Unity,NCT 127 3rd Tour: Neo City - The Unity,"NCT 127 3rd Tour: Neo City - The Unity is the third world tour held by NCT 127 in support of their fifth studio album Fact Check (2023). The first show was held on November 17, 2023 at KSPO DOME in Seoul, South Korea.",False,ko,0.2491,2024-11-05,0.0,0
1618090,The Statement,The Statement,"At a beachside resort in 1980 Florida, twenty experts gather for a weekend conference on a global issue that is starting to gain traction: the effects of Co2 emissions on the climate. This group of scientists, activists, and policymakers have one simple mandate from Congress — write a statement about what to do. Easier said than done.",False,en,1.3891,,0.0,0
1615938,Hotel Transylvania 5,Hotel Transylvania 5,The fifth film in the saga. Plot TBA,False,en,0.6183,,0.0,0
1610734,Vindima,Vindima,"Fiction feature film about the Douro, its people, stories and suffering. The relations between the lords of the land and those who work it.",False,pt,0.4004,,0.0,0
1601898,Untitled Nancy Meyers Film,Untitled Nancy Meyers Film,"A filmmaker and producer who were once romantic and creative partners reunite years after their breakup to make a new movie together, navigating their complicated relationship while dealing with volatile stars on their high-stakes production.",False,en,2.7442,2027-12-23,0.0,0
1600950,宫下玲奈与你相遇的事件,宫下玲奈与你相遇的事件,,False,zh,0.2304,,0.0,0
1592388,Yuan Tiangang and Exotic Demon,袁天罡之异域妖踪,,False,zh,0.2768,2017-11-30,0.0,0
1587440,The Deprogrammer,The Deprogrammer,"A troubled deprogrammer isolates himself with a young cult member to ""break"" her, but he soon learns her cult's nightmarish beliefs are real - and he's their next target.",False,en,0.3264,,0.0,0
1583728,Veado Capturado na Rede Neural,Veado Capturado na Rede Neural,,False,pt,0.0363,,0.0,0
1574724,Waste Area,멀쩡한 사람,"One holiday morning, a cleaning woman arrives at work alone. She discovers an unconscious man among the garbage. Another man, looking for a garbage bag, approaches them. The three strangers decide to go in search of the missing bag.",False,ko,0.165,2025-02-20,4.0,1
1573895,Pilgrim,Pilgrim,,False,en,0.166,2024-10-31,0.0,0
1572546,Bad Bridgets,Bad Bridgets,"When a mysterious letter offering escape leads a young Irish woman to 19th-century New York, she is pulled into the unruly world of the Bridgets, where mayhem follows in her wake.",False,en,1.0863,,0.0,0
1572400,Shiver,Shiver,"A ne'er-do-well smuggler finds himself in the middle of a deadly double-cross while on a job in the Caribbean Sea, resulting in him getting surrounded by bodies, hostile mercenaries and thirsty sharks alike, all while stuck in a deathly time loop and scrambling to break the cycle.",False,en,1.0843,2027-08-12,0.0,0
1571318,Raven,Raven,"A former Detroit cop turned hitman for the New Jersey mob is ready to walk away from a life of violence. But when his final job goes sideways, a volatile mob underling with something to prove and a ruthless enforcer known as the Taxman are sent to kill him. He survives only for the mob’s retaliation to take his girlfriend and destroy his chance at a new life. With nothing left to lose, he launches a brutal campaign of revenge.",False,en,0.4746,,0.0,0
1567156,American Skyjacker,American Skyjacker,"The true tale of Martin McNally, a man who hijacked an American Airlines plane in 1972 in an attempt to repeat what the infamous DB Cooper did 6 months prior, and led authorities on a 5 day manhunt across the country. However this was just the beginning of one of the wildest true crime stories ever. This is the documentary version of the Top 20 Apple podcast American Skyjacker.",False,en,0.2151,2025-02-13,0.0,0
1566285,Kabilang Linya,Kabilang Linya,"A woman preparing a meal for two asks an AI to uncork a bottle of wine, only to realize that grief has been invited to the table.",False,tl,0.5251,,10.0,1
1560626,Dark Summer,Dark Summer,Follow Jarvis and Tre's journey through a treacherous drug deal testing their loyalties and forcing them to confront their fears. With intense action and shifting alliances the film explores the consequences of choices made under pressure.,False,en,0.1021,,9.0,1
1559978,Tangled,Tangled,The live-action adaptation of Disney's Tangled. Plot TBA.,False,en,1.6542,,0.0,0
1557803,Death Wish,Death Wish,A knockoff “Make-A-Wish” foundation grants a young girl's dying wish: for her mum to die too and join her in heaven.,False,en,0.0528,2025-04-01,0.0,0
